"Madre","Serie","Padre","Nombre","Tipologia","Pesodestete","Fecha","Caso","fecs"
"3806","","","","","0","1995-09-30 00:00:00","ABORTO",""
"563","","","","","0","1995-08-20 00:00:00","ABORTO",""
"187","","","","","0","1995-10-08 00:00:00","ABORTO",""
"2852","","","","","0","1995-11-30 00:00:00","ABORTO",""
"2852","","","","","0","1995-11-30 00:00:00","ABORTO",""
"187","","","","","0","1995-10-08 00:00:00","ABORTO",""
"1511","","","","","0","1996-01-28 00:00:00","ABORTO",""
"6502","","","","","0","1996-02-01 00:00:00","ABORTO",""
"571","","","","","0","1996-02-12 00:00:00","ABORTO",""
"1557","","","","","0","1996-06-02 00:00:00","ABORTO",""
"582","","","","","0","1996-06-26 00:00:00","ABORTO",""
"4832","","","","","0","1996-09-03 00:00:00","ABORTO",""
"3857","","","","","0","1996-11-10 00:00:00","ABORTO",""
"2855","","","","","0","1996-11-11 00:00:00","ABORTO",""
"2816","","","","","0","1997-04-23 00:00:00","ABORTO",""
"2813","","","","","0","1998-06-15 00:00:00","ABORTO",""
"8615","","","","","0","1998-08-05 00:00:00","ABORTO",""
"226","","","","","0","1997-04-23 00:00:00","ABORTO",""
"231","","","","","0","1995-09-17 00:00:00","ABORTO",""
"2804","","","","","0","1996-09-10 00:00:00","ABORTO",""
"2852","","","","","0","1995-12-15 00:00:00","ABORTO",""
"579","","","","","0","1995-09-28 00:00:00","ABORTO",""
"9580","","","","","0","1997-04-23 00:00:00","ABORTO",""
"012345678901","","","","","0","1997-12-27 00:00:00","ABORTO",""
"003JB","","","","","0","2014-05-25 00:00:00","ABORTO",""
"   243","","","","","0","1997-03-17 00:00:00","ABORTO",""
"   243","","","","","0","2000-03-10 00:00:00","ABORTO",""
"          01","","","","","0","2000-08-07 00:00:00","ABORTO",""
"25290","","","","","0","2011-10-03 00:00:00","ABORTO",""
"007JB","","","","","0","2014-11-18 00:00:00","ABORTO",""
"010","","","","","0","2014-11-27 00:00:00","ABORTO",""
"003JB","","","","","0","1999-03-09 00:00:00","NAC.MUE",""
"003RS","","","","","0","1999-03-09 00:00:00","NAC.MUE",""
"004","","","","","0","1999-04-08 00:00:00","NAC.MUE",""
"670","","","","","0","1993-05-17 00:00:00","NAC.MUE",""
"00/2","","","","","0","2014-10-18 00:00:00","NAC.MUE",""
"22","","","","","0","2014-12-08 00:00:00","NAC.MUE",""
"007","","","","","0","2003-04-29 00:00:00","NAC.MUE",""
"00/2","","","","","0","2014-10-18 00:00:00","NAC.MUE",""
"77","","","","","0","2014-12-08 00:00:00","NAC.MUE",""
"003RS","003rs-b","3808M","","BECERRO","","2003-04-29 00:00:00","PARTO","2013-04-19 00:00:00"
"          04","          01","         027","Mostaza","VACA PROD.VACIA","","1994-01-01 00:00:00","PARTO","2000-10-13 00:00:00"
"          11","          04","        29/4","","VACA VACIA","","1995-01-01 00:00:00","PARTO","2001-03-31 00:00:00"
"    13","22220","","","BECERRO","","2014-05-27 00:00:00","PARTO",""
"   798","   5/2","BB 353/3 (V8","CLARAGUA 5/2","VACA PREÑADA","","1994-11-27 00:00:00","PARTO","2000-10-13 00:00:00"
"   169","  S-38","  S-82","CALIBRE","TORO PADROTE","0","1990-02-27 00:00:00","PARTO",""
"E8004","001","D6026","CAMBALACHE","TORO PADROTE","0","1994-12-01 00:00:00","PARTO","1997-09-15 00:00:00"
"20530","29204","","","MAUTA","130","2009-08-31 00:00:00","PARTO","2012-05-08 00:00:00"
"9038","29341","","","MAUTA","180","2009-10-13 00:00:00","PARTO","2012-05-08 00:00:00"
"21116","29376","","","MAUTA","180","2009-11-16 00:00:00","PARTO","2012-05-08 00:00:00"
"26242","30624","","","MAUTA","210","2010-02-06 00:00:00","PARTO","2012-05-08 00:00:00"
"22498","31352","1022T","","BECERRA","","2011-04-12 00:00:00","PARTO","2012-05-08 00:00:00"
"6220","45200","583","","VACA VACIA","180","2006-02-17 00:00:00","PARTO",""
"45200","49501","P-407","","NOVILLA","320","2009-01-31 00:00:00","PARTO",""
"45200","49502","P-407","","MAUTE","180","2009-01-31 00:00:00","PARTO","2010-01-20 00:00:00"
"45200","50001","205","","BECERRA","","2010-01-20 00:00:00","PARTO",""
"   702","60000","299","","BECERRA","","2012-07-24 00:00:00","PARTO",""
"   153","012345678901","  S-50","","VACA VACIA","0","1991-04-09 00:00:00","PARTO",""
"012345678901","0201","001","0201","MAUTE","","1997-11-23 00:00:00","PARTO","2000-05-31 00:00:00"
"113","05","62","","BECERRO","0","1990-04-07 00:00:00","PARTO","1990-04-07 00:00:00"
"113","07","","","BECERRA","0","1988-12-01 00:00:00","PARTO","1988-12-01 00:00:00"
"012345678901","123/8","5/89","","BECERRO","0","1993-01-01 00:00:00","PARTO","1993-01-01 00:00:00"
"  2031","203199","   S-9","","BECERRA","","1999-07-22 00:00:00","PARTO",""
"5012","205","570","","TORO PADROTE","","1994-05-15 00:00:00","PARTO",""
"         471","2051","","","VACA VACIA","","1983-05-10 00:00:00","PARTO",""
"7196","243","648","","TORO PADROTE","","1994-08-15 00:00:00","PARTO",""
"   250","250/99","   S-7","","BECERRO","","1999-07-18 00:00:00","PARTO",""
"   266","266/99","   S-7","","BECERRA","","1999-07-18 00:00:00","PARTO",""
"204","2841","","","VACA VACIA","0","1905-09-07 00:00:00","PARTO","1995-06-30 00:00:00"
"16","2841M","","","MAUTE","0","1992-10-01 00:00:00","PARTO","1995-10-10 00:00:00"
"7082","299","754","","TORO PADROTE","","1994-12-15 00:00:00","PARTO",""
"5209","325","767","","TORO PADROTE","","1995-04-15 00:00:00","PARTO",""
"   361","361/99"," P-367","","BECERRA","","1999-07-13 00:00:00","PARTO",""
"   371","371/99"," S-407","","BECERRO","","1999-07-28 00:00:00","PARTO",""
"8551","3817","","","VACA PREÑADA","0","1993-04-14 00:00:00","PARTO","1996-05-23 00:00:00"
"9580","3831","","","VACA PREÑADA","0","1993-05-31 00:00:00","PARTO","1996-05-23 00:00:00"
"6505","3841","","","VACA PREÑADA","0","1993-08-30 00:00:00","PARTO","1996-05-23 00:00:00"
"224","3843","","CARNAVAL","VACA PROD.VACIA","0","1993-09-13 00:00:00","PARTO","1997-12-11 00:00:00"
"16","3846","","TIBISAY","VACA PREÑADA","0","1993-10-10 00:00:00","PARTO","1998-09-30 00:00:00"
"8538","3847","","","VACA PREÑADA","0","1993-10-11 00:00:00","PARTO","1996-05-23 00:00:00"
"9514","3848","","MEDIAS BLANCAS","VACA PROD.VACIA","0","1993-10-22 00:00:00","PARTO","1998-09-30 00:00:00"
"7013","3849","","CASCABEL","VACA PREÑADA","0","1993-10-22 00:00:00","PARTO","1996-12-02 00:00:00"
"8573","3850","","","VACA PREÑADA","0","1993-10-28 00:00:00","PARTO","1996-06-05 00:00:00"
"7612","3853","","","VACA PREÑADA","0","1993-10-31 00:00:00","PARTO","1996-05-23 00:00:00"
"557","3854","","","VACA PREÑADA","0","1993-10-31 00:00:00","PARTO",""
"76301","3855","","","VACA PROD.VACIA","0","1993-11-24 00:00:00","PARTO",""
"40","3856","","","VACA PREÑADA","0","1993-11-27 00:00:00","PARTO",""
"6512","3857","","PAPELON","VACA PREÑADA","0","1993-12-05 00:00:00","PARTO","1997-12-11 00:00:00"
"453","3858","","REFLEJO","VACA PROD.VACIA","0","1993-12-08 00:00:00","PARTO","1997-11-19 00:00:00"
"8599","3859","","COMPROMISO","VACA VACIA","0","1993-12-08 00:00:00","PARTO","1997-05-07 00:00:00"
"450","3860","","","VACA PREÑADA","0","1993-12-11 00:00:00","PARTO","1996-05-23 00:00:00"
"8555","3861","","CARA SUCIA","VACA PREÑADA","0","1993-12-12 00:00:00","PARTO",""
"187","3863","","VERANO","VACA PROD.VACIA","0","1993-12-25 00:00:00","PARTO","1998-08-31 00:00:00"
"465","3864","","OJOS NEGRO","VACA PREÑADA","0","1993-12-26 00:00:00","PARTO","1998-01-21 00:00:00"
"147","3865","","GUANOTA","VACA VACIA","0","1993-12-30 00:00:00","PARTO",""
"   392","392/99"," S-013","","BECERRA","","1999-08-02 00:00:00","PARTO",""
"   409","409/99","   S-9","","BECERRO","","1999-07-17 00:00:00","PARTO",""
"   416","416/99","   S-9","","BECERRA","","1999-07-13 00:00:00","PARTO",""
"   443","443/99"," P-444","","BECERRA","","1999-10-27 00:00:00","PARTO",""
"   454","454/99","   S-9","","BECERRO","","1999-07-18 00:00:00","PARTO",""
"   459","459/99","   S-9","","BECERRO","","1999-07-24 00:00:00","PARTO",""
"   461","461/99","  S-39","","BECERRO","","1999-07-24 00:00:00","PARTO",""
"   475","475/99","   S-9","","BECERRA","","1999-08-02 00:00:00","PARTO",""
"8589","4801","","DIBUJO","VACA PROD.VACIA","0","1994-01-01 00:00:00","PARTO",""
"549","4803","","VATIO","VACA PROD.VACIA","0","1994-01-16 00:00:00","PARTO","1997-11-19 00:00:00"
"7018","4805","","CACHAPA","VACA PROD.VACIA","0","1994-01-28 00:00:00","PARTO","1996-11-06 00:00:00"
"7591","4805M","","","TORO PADROTE","0","1994-01-25 00:00:00","PARTO","1996-08-07 00:00:00"
"8522","4806","","ANITA PEÑA","VACA PROD.VACIA","0","1994-01-29 00:00:00","PARTO","1997-01-24 00:00:00"
"6081","481","850","","TORO PADROTE","","1996-12-04 00:00:00","PARTO",""
"1512","4811","","BARBARITA","VACA VACIA","0","1994-02-04 00:00:00","PARTO",""
"71","4812","","","VACA PREÑADA","0","1994-02-06 00:00:00","PARTO","1996-06-05 00:00:00"
"63","4813","","MEREY","VACA VACIA","0","1994-02-06 00:00:00","PARTO",""
"559","4814","","LA SIMPSON","VACA VACIA","0","1994-02-06 00:00:00","PARTO",""
"8588","4815","","NUBE LLENA","VACA VACIA","0","1994-02-06 00:00:00","PARTO",""
"1549","4816","","","VACA VACIA","0","1994-02-10 00:00:00","PARTO",""
"581","4817","","MUCHACHA","VACA PREÑADA","0","1994-02-14 00:00:00","PARTO","1997-08-13 00:00:00"
"8606","4819","","ARBOLITO","VACA VACIA","0","1994-03-10 00:00:00","PARTO",""
"7015","4820","","","VACA VACIA","0","1994-03-15 00:00:00","PARTO","1998-01-21 00:00:00"
"9568","4823","","FRSCOLITA","VACA PREÑADA","0","1994-03-27 00:00:00","PARTO","1998-01-21 00:00:00"
"8551","4824","","","VACA VACIA","0","1994-04-06 00:00:00","PARTO","1996-06-05 00:00:00"
"157","4825","","MAPURITE","VACA PROD.VACIA","0","1994-04-06 00:00:00","PARTO","1997-11-19 00:00:00"
"9589","4826","","","VACA PROD.VACIA","0","1994-04-08 00:00:00","PARTO","1997-08-13 00:00:00"
"9546","4827","","SAMURITA","VACA PREÑADA","0","1994-04-08 00:00:00","PARTO","1997-11-19 00:00:00"
"1575","4829","","ZORRO E BANCO","VACA PROD.VACIA","0","1994-04-28 00:00:00","PARTO","1998-06-08 00:00:00"
"9545","4830","","RETRATO","VACA PROD.VACIA","0","1994-04-26 00:00:00","PARTO",""
"80","4831","","","VACA PREÑADA","0","1994-04-26 00:00:00","PARTO","1997-06-05 00:00:00"
"563","4842","","LA NIÑA","VACA VACIA","0","1994-07-05 00:00:00","PARTO",""
"8516","4854","","GOYA","VACA PREÑADA","0","1994-10-30 00:00:00","PARTO","1998-06-08 00:00:00"
"6514","4856","","","VACA PREÑADA","0","1994-10-31 00:00:00","PARTO","1998-01-21 00:00:00"
"171","4857","","","VACA VACIA","0","1994-11-01 00:00:00","PARTO","1997-11-19 00:00:00"
"8571","4860","","NOCHE BUENA","VACA PROD.VACIA","0","1994-11-08 00:00:00","PARTO","1998-09-30 00:00:00"
"450","4861","","YAMILETH","VACA PREÑADA","0","1994-11-17 00:00:00","PARTO","1998-09-30 00:00:00"
"6511","4862","","COCINERA","VACA PROD.VACIA","0","1994-11-19 00:00:00","PARTO","1998-09-30 00:00:00"
"7013","4863","","PERRO DE AGUA","VACA VACIA","0","1994-11-17 00:00:00","PARTO",""
"187","4864","","PAN DE LECHE","VACA PROD.VACIA","0","1994-11-17 00:00:00","PARTO",""
"536","4865","","CANELA","VACA PREÑADA","0","1994-11-02 00:00:00","PARTO","1998-08-31 00:00:00"
"231","4865M","","","MAUTE","0","1994-08-11 00:00:00","PARTO","1996-10-08 00:00:00"
"8589","4866","","","VACA VACIA","0","1994-11-21 00:00:00","PARTO","1998-09-30 00:00:00"
"1594","4867","","TORDITO","VACA PROD.VACIA","0","1994-11-21 00:00:00","PARTO","1998-09-30 00:00:00"
"224","4867M","","","MAUTE","0","1994-08-28 00:00:00","PARTO","1996-11-06 00:00:00"
"8599","4868","","","VACA PREÑADA","0","1994-11-29 00:00:00","PARTO","1997-11-19 00:00:00"
"6512","4869","","CHAVELA","VACA PREÑADA","0","1994-12-01 00:00:00","PARTO",""
"8555","4870","","INGRID","VACA PROD.VACIA","0","1994-12-06 00:00:00","PARTO",""
"1595","4870M","","","MAUTE","0","1994-09-12 00:00:00","PARTO","1996-10-08 00:00:00"
"7018","4871","","JUGO E´CAÑA","VACA PROD.VACIA","0","1994-12-10 00:00:00","PARTO","1998-09-30 00:00:00"
"8581","4871M","","","MAUTE","0","1994-09-18 00:00:00","PARTO","1997-02-04 00:00:00"
"2811","4872","","DOS COLORES","VACA VACIA","0","1994-12-10 00:00:00","PARTO",""
"465","4873","","","VACA PREÑADA","0","1994-12-26 00:00:00","PARTO","1998-01-21 00:00:00"
"7509","4874","","NOCHE OSCURA","VACA VACIA","0","1994-12-30 00:00:00","PARTO",""
"562","4874M","","","MAUTE","0","1994-09-19 00:00:00","PARTO","1996-10-08 00:00:00"
"2801","4876M","","","MAUTE","0","1994-09-27 00:00:00","PARTO","1997-05-07 00:00:00"
"579","4877M","","","MAUTE","0","1994-09-27 00:00:00","PARTO","1997-02-04 00:00:00"
"418","4878M","","","MAUTE","0","1994-09-29 00:00:00","PARTO","1997-03-05 00:00:00"
"7512","4879M","","","MAUTE","0","1994-10-01 00:00:00","PARTO","1996-11-06 00:00:00"
"571","4880M","","","MAUTE","0","1994-10-02 00:00:00","PARTO","1997-03-05 00:00:00"
"40","4885M","","","MAUTE","0","1994-10-09 00:00:00","PARTO","1997-05-07 00:00:00"
"113","4887M","","","MAUTE","0","1994-10-24 00:00:00","PARTO","1997-05-07 00:00:00"
"6","4888M","","","MAUTE","0","1994-10-25 00:00:00","PARTO","1997-05-07 00:00:00"
"586","4889M","","","MAUTE","0","1994-10-26 00:00:00","PARTO","1997-03-05 00:00:00"
"1","4890M","","","MAUTE","0","1994-10-30 00:00:00","PARTO","1997-02-04 00:00:00"
"171","4891M","","","MAUTE","0","1994-11-01 00:00:00","PARTO","1996-10-08 00:00:00"
"85341","4892M","","","MAUTE","0","1994-11-05 00:00:00","PARTO","1996-11-06 00:00:00"
"453","4893","","AÑO NUEVO","VACA PROD.VACIA","0","1994-11-05 00:00:00","PARTO","1998-09-30 00:00:00"
"9514","4894M","","","MAUTE","0","1994-11-06 00:00:00","PARTO","1996-05-05 00:00:00"
"9557","4895M","","","MAUTE","0","1994-11-17 00:00:00","PARTO","1997-03-05 00:00:00"
"585","4896M","","","MAUTE","0","1994-11-17 00:00:00","PARTO","1997-02-04 00:00:00"
"582","4897M","","","MAUTE","0","1994-11-22 00:00:00","PARTO","1997-05-07 00:00:00"
"76301","4898M","","","MAUTE","0","1994-11-28 00:00:00","PARTO","1997-03-05 00:00:00"
"226","4899M","","","MAUTE","0","1994-12-02 00:00:00","PARTO","1997-03-05 00:00:00"
"1592","4900M","","","MAUTE","0","1994-12-23 00:00:00","PARTO","1997-08-13 00:00:00"
"147","4901M","","","MAUTE","0","1994-12-26 00:00:00","PARTO","1997-03-05 00:00:00"
"0543","5334","","","NOVILLA","","1995-11-22 00:00:00","PARTO",""
"         271","546","         081","","VACA VACIA","","1988-04-21 00:00:00","PARTO",""
"   566","566/99","   S-9","","BECERRA","","1999-08-02 00:00:00","PARTO",""
"   576","576/99","   S-9","","BECERRA","","1999-07-13 00:00:00","PARTO",""
"   578","578/99"," S-407","","BECERRO","","1999-07-21 00:00:00","PARTO",""
"9568","5825","","","BECERRA","0","1995-05-07 00:00:00","PARTO","1995-10-16 00:00:00"
"8554","5848M","","","BECERRO","0","1995-07-04 00:00:00","PARTO","1995-07-05 00:00:00"
"         623","587","","","VACA VACIA","","1990-03-15 00:00:00","PARTO",""
"        3208","592","","","VACA VACIA","","1990-03-10 00:00:00","PARTO",""
"1987","6004","","","NOVILLA","","1996-01-02 00:00:00","PARTO",""
"19201","6050","","","NOVILLA","","1996-01-25 00:00:00","PARTO",""
"1906","6076","","","NOVILLA","","1996-02-12 00:00:00","PARTO",""
"19208","6080","","","NOVILLA","","1996-02-14 00:00:00","PARTO",""
"19217","6159","","","NOVILLA","","1996-04-23 00:00:00","PARTO",""
"19106","6191","","","NOVILLA","","1996-05-17 00:00:00","PARTO",""
"19284","6198","","","NOVILLA","","1996-05-22 00:00:00","PARTO",""
"067","6209","","","NOVILLA","","1996-05-30 00:00:00","PARTO",""
"19253","6210","","","NOVILLA PREÑADA","","1996-05-30 00:00:00","PARTO",""
"0077","6217","","","NOVILLA","","1996-06-06 00:00:00","PARTO",""
"0920","6220","","","VACA PREÑADA","","1996-06-07 00:00:00","PARTO",""
"025","6239","","","NOVILLA","","1996-06-20 00:00:00","PARTO",""
"0984","6243","","","NOVILLA","","1996-06-26 00:00:00","PARTO",""
"   628","628/99","   S-9","","BECERRO","","1999-07-15 00:00:00","PARTO",""
"320","6286","","","NOVILLA","","1996-08-12 00:00:00","PARTO",""
"19259","6304","2288","","NOVILLA","","1996-10-31 00:00:00","PARTO",""
"2148","6309","408","","NOVILLA","","1996-11-04 00:00:00","PARTO",""
"4047","6324","33/4","","NOVILLA","","1996-11-13 00:00:00","PARTO",""
"1318","6328","408","","NOVILLA","","1996-11-16 00:00:00","PARTO",""
"4085","6329","33/4","","NOVILLA","","1996-11-17 00:00:00","PARTO",""
"7481","653","661","","TORO PADROTE","","1997-06-15 00:00:00","PARTO",""
"5293","667","740","","TORO PADROTE","","1997-06-15 00:00:00","PARTO",""
"         493","670","","","VACA PREÑADA","","1991-01-16 00:00:00","PARTO",""
"7021","696","838","","MAUTE","","1997-07-12 00:00:00","PARTO",""
"5318","7021","532","","VACA PREÑADA","","1991-03-05 00:00:00","PARTO",""
"   715","715/98","  S-38","EL ADOPTADO","BECERRO","","1998-12-18 00:00:00","PARTO",""
"3909","7211","532","","VACA PREÑADA","","1992-03-31 00:00:00","PARTO",""
"7211","728","260","","MAUTE","","1998-04-22 00:00:00","PARTO",""
"   766","766/99","  S-38","","BECERRO","","1999-07-13 00:00:00","PARTO",""
"7235","7737","754","","VACA VACIA","","1995-09-20 00:00:00","PARTO",""
"5591","7839","740","","VACA VACIA","","1996-04-15 00:00:00","PARTO",""
"5664","7873","514","","VACA VACIA SIN CRIA","","1996-06-20 00:00:00","PARTO",""
"7548","7889","7","","VACA VACIA SIN CRIA","","1996-07-13 00:00:00","PARTO",""
"7540","8108","850","","NOVILLA","","1998-04-04 00:00:00","PARTO",""
"7737","8118","358","","NOVILLA","","1998-06-20 00:00:00","PARTO",""
"7839","8119","358","","NOVILLA","","1998-07-02 00:00:00","PARTO",""
"7660","8130","260","","NOVILLA","","1998-06-02 00:00:00","PARTO",""
"7873","8157","389","","MAUTA","185","1998-09-22 00:00:00","PARTO",""
"7889","8159","389","","MAUTA","185","1998-09-22 00:00:00","PARTO",""
"   848","848/99","  S-38","","BECERRO","","1999-07-30 00:00:00","PARTO",""
"D8076","93627M","91529","","TORO PADROTE","0","1993-04-20 00:00:00","PARTO",""
"5845","96148","U4","","VACA VACIA","","1996-01-18 00:00:00","PARTO",""
"0628","96150","33","","VACA VACIA","","1996-01-23 00:00:00","PARTO",""
"90512","96169","89550","","NOVILLA","","1996-02-01 00:00:00","PARTO",""
"5123","96186","89550","","NOVILLA PREÑADA","","1996-02-24 00:00:00","PARTO",""
"5757","96246","2607","","VACA VACIA","","1996-05-23 00:00:00","PARTO",""
"89553","96253","2607","","VACA VACIA","","1996-06-12 00:00:00","PARTO","1999-03-17 00:00:00"
"3806","b/3806","001","","BECERRA","0","1997-01-01 00:00:00","PARTO","1997-01-01 00:00:00"
"     9","b/999","0581","","BECERRO","0","1996-05-29 00:00:00","PARTO","1996-05-29 00:00:00"
"114","B114","","","BECERRO","","1999-06-28 00:00:00","PARTO","2000-05-29 00:00:00"
"1529","B1529","P-407","","BECERRO","","1999-10-02 00:00:00","PARTO",""
"    16","B16","  S-38","","BECERRO","0","1998-05-01 00:00:00","PARTO","1998-05-01 00:00:00"
"2801","B2801","","","BECERRA","","1999-06-28 00:00:00","PARTO",""
"012345678901","B290699","  S-38","","BECERRO","","2000-07-29 00:00:00","PARTO",""
"012345678901","B430","         P-7","","BECERRO","","1999-08-25 00:00:00","PARTO",""
"   5/2","B5/2","P-407","","BECERRO","","1999-10-30 00:00:00","PARTO",""
"   714","b714","   S-7","","BECERRO","","1999-10-27 00:00:00","PARTO",""
"AAA1","BAAA1","","LUGUITA","BECERRA","","1999-12-15 00:00:00","PARTO",""
"D0159","BD0159","93627M","","BECERRO","","1999-10-15 00:00:00","PARTO",""
"2801","BM2801","","","BECERRA","","1999-06-28 00:00:00","PARTO",""
"7509","D8001","","CUBIRA","VACA VACIA","0","1995-01-01 00:00:00","PARTO",""
"8588","D8002","","","VACA VACIA","0","1995-01-07 00:00:00","PARTO",""
"7509","D8003","","","MAUTE","0","1995-01-01 00:00:00","PARTO","1997-07-21 00:00:00"
"8588","D8004","","","MAUTE","0","1995-01-09 00:00:00","PARTO","1997-09-15 00:00:00"
"114","D8005","","","MAUTE","0","1995-01-10 00:00:00","PARTO","1997-05-07 00:00:00"
"549","D8006","","","MAUTE","0","1995-01-10 00:00:00","PARTO","1997-03-05 00:00:00"
"2804","D8007","","BERENJENA","VACA PREÑADA","0","1995-01-13 00:00:00","PARTO",""
"2803","D8008","","","MAUTE","0","1995-01-13 00:00:00","PARTO","1997-05-07 00:00:00"
"7009","D8009","","","MAUTE","0","1995-01-15 00:00:00","PARTO","1997-03-05 00:00:00"
"8522","D8010","","PASCUITA","VACA PROD.VACIA","0","1995-01-15 00:00:00","PARTO","1998-06-08 00:00:00"
"581","D8011","","","VACA VACIA","0","1995-01-15 00:00:00","PARTO","1998-08-31 00:00:00"
"1549","D8012","","","VACA PREÑADA","0","1995-01-15 00:00:00","PARTO",""
"82","D8013","","","MAUTE","0","1995-01-17 00:00:00","PARTO","1997-05-07 00:00:00"
"6516","D8014","","","MAUTE","0","1995-01-25 00:00:00","PARTO","1997-05-07 00:00:00"
"8574","D8015","","","MAUTE","0","1995-01-25 00:00:00","PARTO","1997-05-07 00:00:00"
"8606","D8016","","","MAUTE","0","1995-01-30 00:00:00","PARTO","1997-03-05 00:00:00"
"7015","D8017","","CARAQUEÑA","VACA VACIA","0","1995-01-30 00:00:00","PARTO","1998-08-31 00:00:00"
"5808","D8018","","LINDOS OJOS","VACA PREÑADA","0","1995-02-09 00:00:00","PARTO",""
"6517","D8019","","","MAUTE","0","1995-02-09 00:00:00","PARTO","1997-03-05 00:00:00"
"7016","D8020","","","MAUTE","0","1995-02-09 00:00:00","PARTO","1997-09-15 00:00:00"
"8562","D8021","","LINTERNA","VACA PROD.VACIA","0","1995-02-12 00:00:00","PARTO","1999-03-17 00:00:00"
"505","D8022","","","MAUTA","0","1995-02-13 00:00:00","PARTO","1997-11-19 00:00:00"
"505","D8023","","","MAUTE","0","1995-02-13 00:00:00","PARTO","1997-08-13 00:00:00"
"7591","D8024","","","MAUTE","0","1995-02-09 00:00:00","PARTO","1997-07-21 00:00:00"
"558","D8025","","","MAUTE","0","1995-02-22 00:00:00","PARTO","1997-03-05 00:00:00"
"1599","D8026","","","MAUTE","0","1995-02-14 00:00:00","PARTO","1997-08-13 00:00:00"
"179","D8027","","","MAUTE","0","1995-02-23 00:00:00","PARTO","1997-05-07 00:00:00"
"1512","D8028","","","MAUTE","0","1995-02-25 00:00:00","PARTO","1996-05-08 00:00:00"
"9546","D8029","","","MAUTE","0","1995-02-25 00:00:00","PARTO",""
"1529","D8030","","","MAUTE","0","1995-02-28 00:00:00","PARTO","1997-08-13 00:00:00"
"1511","D8031","","CACHUCHA","VACA PROD.VACIA","0","1995-02-28 00:00:00","PARTO","1999-03-17 00:00:00"
"8553","D8032","","PAJUI","VACA PROD.VACIA","0","1995-03-01 00:00:00","PARTO","1998-09-30 00:00:00"
"71","D8033","","","MAUTE","0","1995-03-06 00:00:00","PARTO","1997-05-07 00:00:00"
"157","D8035","","","VACA VACIA","0","1995-03-13 00:00:00","PARTO","1998-06-08 00:00:00"
"9580","D8036","","","MAUTE","0","1995-04-02 00:00:00","PARTO","1999-03-08 00:00:00"
"8560","D8037","","","MAUTE","0","1995-03-22 00:00:00","PARTO","1997-08-13 00:00:00"
"1527","D8038","","LA GUAJIRA","VACA PREÑADA","0","1995-03-22 00:00:00","PARTO",""
"7607","D8039","","","MAUTE","0","1995-03-24 00:00:00","PARTO","1997-07-21 00:00:00"
"7017","D8040","","COTUA","VACA PREÑADA","0","1995-03-25 00:00:00","PARTO",""
"8551","D8041","","","MAUTE","0","1995-03-26 00:00:00","PARTO","1997-09-15 00:00:00"
"1524","D8042","","","VACA VACIA","0","1995-03-31 00:00:00","PARTO",""
"7014","D8043","","","MAUTE","0","1995-04-04 00:00:00","PARTO","1997-08-13 00:00:00"
"2826","D8044","","PTO.PAEZ","VACA VACIA","0","1995-04-12 00:00:00","PARTO",""
"9589","D8045","","","MAUTE","0","1995-04-16 00:00:00","PARTO","1997-08-13 00:00:00"
"2806","D8046","","","VACA PROD.VACIA","0","1995-04-16 00:00:00","PARTO",""
"9545","D8047","","","MAUTE","0","1995-04-18 00:00:00","PARTO","1997-03-05 00:00:00"
"6515","D8048","","NEGRA LIBRE","VACA PROD.VACIA","0","1995-04-25 00:00:00","PARTO",""
"2816","D8049","","","MAUTE","0","1995-04-28 00:00:00","PARTO","1997-08-13 00:00:00"
"557","D8050","","","MAUTE","0","1995-04-28 00:00:00","PARTO","1998-01-18 00:00:00"
"3","D8051","","ORIGUELO","VACA VACIA","0","1995-04-29 00:00:00","PARTO","1999-03-17 00:00:00"
"6502","D8052","","","MAUTE","0","1995-05-02 00:00:00","PARTO","1997-09-15 00:00:00"
"81","D8053","","POR UN TIEMPO","VACA VACIA","0","1995-05-05 00:00:00","PARTO",""
"8536","D8054","","","MAUTE","0","1995-05-06 00:00:00","PARTO","1998-10-01 00:00:00"
"1591","D8056","","","VACA VACIA","0","1995-05-08 00:00:00","PARTO","1998-06-08 00:00:00"
"9586","D8057","","PATO NEGRO","VACA VACIA","0","1995-05-09 00:00:00","PARTO",""
"1571","D8058","","CHAMUSCAO","VACA PREÑADA","0","1995-05-12 00:00:00","PARTO",""
"1541","D8059","","RESPLANDOR","VACA PREÑADA","0","1995-05-13 00:00:00","PARTO",""
"196","D8060","","COQUITO","VACA VACIA","0","1995-05-21 00:00:00","PARTO","1999-03-17 00:00:00"
"1602","D8061","","","MAUTE","0","1995-05-20 00:00:00","PARTO","1998-10-27 00:00:00"
"7599","D8062","","","MAUTE","0","1995-05-26 00:00:00","PARTO","1997-09-15 00:00:00"
"63","D8063","","","MAUTE","0","1995-05-27 00:00:00","PARTO","1997-09-15 00:00:00"
"459","D8065","","","MAUTE","0","1995-05-29 00:00:00","PARTO","1997-09-15 00:00:00"
"204","D8066","","","MAUTE","0","1995-05-29 00:00:00","PARTO","1999-03-08 00:00:00"
"584","D8067","","","MAUTE","0","1995-06-02 00:00:00","PARTO","1997-09-15 00:00:00"
"1557","D8068","","PARIAGUAN","VACA PROD.VACIA","0","1995-06-05 00:00:00","PARTO",""
"7003","D8069","","","MAUTE","0","1995-06-08 00:00:00","PARTO","1998-10-01 00:00:00"
"1572","D8070","","MATO DE AGUA","VACA VACIA","0","1995-06-11 00:00:00","PARTO",""
"6505","D8071","","PORCELANA","VACA VACIA","0","1995-06-11 00:00:00","PARTO","1999-03-17 00:00:00"
"2818","D8072","","FLORERO","VACA VACIA","0","1995-06-11 00:00:00","PARTO",""
"2823","D8073","","","VACA PREÑADA","0","1995-06-13 00:00:00","PARTO",""
"2845","D8074","","","MAUTE","0","1995-06-14 00:00:00","PARTO","1998-01-18 00:00:00"
"1590","D8075","","CRUCIGRAMA","VACA VACIA","0","1995-06-21 00:00:00","PARTO",""
"2828","D8076","","VENEZUELA","VACA VACIA","0","1995-06-22 00:00:00","PARTO",""
"1539","D8077","","MANZANARE","VACA VACIA","0","1995-06-22 00:00:00","PARTO",""
"577","D8078","","","MAUTE","0","1995-06-22 00:00:00","PARTO","1997-08-13 00:00:00"
"369","D8079","","","MAUTE","0","1995-06-22 00:00:00","PARTO","1999-03-08 00:00:00"
"2832","D8080","","","MAUTE","0","1995-06-25 00:00:00","PARTO","1997-09-15 00:00:00"
"8506","D8081","","","MAUTE","0","1995-06-28 00:00:00","PARTO","1997-08-13 00:00:00"
"2831","D8082","","ZAMURITA","VACA VACIA","0","1995-06-28 00:00:00","PARTO",""
"7511","D8083","","LOTERIA","VACA PREÑADA","0","1995-06-28 00:00:00","PARTO",""
"2855","D8084","","","VACA VACIA SIN CRIA","0","1995-06-28 00:00:00","PARTO",""
"9566","D8085","","","MAUTE","0","1995-06-30 00:00:00","PARTO","1997-09-15 00:00:00"
"7002","D8086","","PAÑUELITO","VACA PROD.VACIA","0","1995-07-04 00:00:00","PARTO",""
"2860","D8087","","MATA NEGRA","VACA PROD.VACIA","0","1995-07-04 00:00:00","PARTO",""
"2837","D8088","","VELO NEGRO","VACA VACIA","0","1995-07-06 00:00:00","PARTO",""
"7510","D8089","","","VACA PREÑADA","0","1995-07-16 00:00:00","PARTO","1999-03-17 00:00:00"
"9518","D8090","","","MAUTE","0","1995-07-16 00:00:00","PARTO","1997-09-15 00:00:00"
"2814","D8091","","","MAUTE","0","1995-07-18 00:00:00","PARTO","1999-03-08 00:00:00"
"2844","D8092","","","MAUTE","0","1995-07-18 00:00:00","PARTO","1997-09-15 00:00:00"
"2827","D8093","","","MAUTE","0","1995-07-20 00:00:00","PARTO","1998-04-14 00:00:00"
"2836","D8094","","","MAUTE","0","1995-07-23 00:00:00","PARTO","1999-03-08 00:00:00"
"2","D8095","","","BECERRO","0","1995-07-23 00:00:00","PARTO","1996-03-03 00:00:00"
"529","D8096","","PAN DE HORNO","VACA VACIA","0","1995-07-29 00:00:00","PARTO",""
"224","D8098","","","MAUTE","0","1995-09-06 00:00:00","PARTO","1997-09-15 00:00:00"
"1563","D8099","","","VACA PREÑADA","0","1995-02-25 00:00:00","PARTO","1997-12-15 00:00:00"
"14","D80990","","BARLOVENTO","VACA PROD.VACIA","0","1995-09-08 00:00:00","PARTO",""
"3803","D8100","","","MAUTA","0","1995-09-11 00:00:00","PARTO","1996-03-09 00:00:00"
"8539","D8101","","CARTAGENA","VACA PROD.VACIA","0","1995-09-12 00:00:00","PARTO",""
"6514","D8102","","","MAUTE","0","1995-09-13 00:00:00","PARTO","1999-03-08 00:00:00"
"2856","D8103","","CARBONERA","VACA VACIA","0","1995-09-13 00:00:00","PARTO",""
"579","D8104","","","BECERRO","0","1995-09-19 00:00:00","PARTO","1995-09-28 00:00:00"
"7635","D8105","","","MAUTE","0","1995-09-08 00:00:00","PARTO","1998-10-01 00:00:00"
"1566","D8106","","","MAUTE","0","1995-09-20 00:00:00","PARTO","1999-03-08 00:00:00"
"2804","D8107","","PEINETA","VACA PREÑADA","0","1995-04-04 00:00:00","PARTO",""
"8516","D8109","","SOMBRILLA","VACA VACIA SIN CRIA","0","1995-09-21 00:00:00","PARTO",""
"586","D8110","","MARIBEL","VACA PROD.VACIA","0","1995-09-21 00:00:00","PARTO",""
"2864","D8111","","","MAUTE","0","1995-09-22 00:00:00","PARTO","1999-03-08 00:00:00"
"2861","D8112","","","VACA PROD.VACIA","0","1995-09-25 00:00:00","PARTO",""
"2863","D8113","","NOCHE DE LUNA","VACA VACIA","0","1995-09-25 00:00:00","PARTO",""
"3813","D8114","","","MAUTE","0","1995-09-25 00:00:00","PARTO","1998-10-27 00:00:00"
"7013","D8115","","BUFALO","MAUTE","0","1995-09-06 00:00:00","PARTO","1998-04-05 00:00:00"
"8581","D8116","","","MAUTE","0","1995-09-26 00:00:00","PARTO","1999-03-08 00:00:00"
"3818","D8117","","","MAUTE","0","1995-09-27 00:00:00","PARTO","1998-10-01 00:00:00"
"3804","D8118","","","VACA PREÑADA","0","1995-09-07 00:00:00","PARTO","1999-03-17 00:00:00"
"2842","D8119","","","MAUTE","0","1995-09-28 00:00:00","PARTO",""
"8571","D8120","","","MAUTE","0","1995-10-02 00:00:00","PARTO",""
"536","D8121","","","MAUTE","0","1995-10-02 00:00:00","PARTO",""
"2871","D8122","","","MAUTE","0","1995-10-03 00:00:00","PARTO","1998-01-18 00:00:00"
"550","D8123","","","MAUTE","0","1995-10-03 00:00:00","PARTO","1999-03-08 00:00:00"
"3808","D8124","","","MAUTE","0","1995-10-04 00:00:00","PARTO","1998-10-27 00:00:00"
"9557","D8125","","POR SI ACASO","VACA PROD.VACIA","0","1995-10-04 00:00:00","PARTO","1999-03-17 00:00:00"
"3828","D8126","","CAREY","VACA VACIA","0","1995-10-06 00:00:00","PARTO",""
"418","D8127","","","MAUTE","0","1995-10-07 00:00:00","PARTO","1998-10-27 00:00:00"
"3810","D8128","","","VACA VACIA","0","1995-10-07 00:00:00","PARTO",""
"40","D8129","","","MAUTE","0","1995-10-08 00:00:00","PARTO","1998-10-01 00:00:00"
"2869","D8130","","VENAITA","VACA VACIA","0","1995-10-14 00:00:00","PARTO",""
"3822","D8131","","MAGALY","VACA PROD.VACIA","0","1995-10-14 00:00:00","PARTO",""
"3809","D8132","","ONOTERO","VACA PROD.VACIA","0","1995-10-15 00:00:00","PARTO",""
"3811","D8133","","RABO BLANCO","VACA PROD.VACIA","0","1995-10-18 00:00:00","PARTO",""
"6512","D8134","","","MAUTE","0","1995-10-26 00:00:00","PARTO","1997-12-08 00:00:00"
"1550","D8135","","","MAUTE","0","1995-10-26 00:00:00","PARTO","1999-03-08 00:00:00"
"76301","D8136","","","MAUTE","0","1995-10-26 00:00:00","PARTO","1998-10-30 00:00:00"
"1593","D8137","","","MAUTE","0","1995-10-29 00:00:00","PARTO","1999-03-08 00:00:00"
"8615","D8138","","","MAUTE","0","1995-10-29 00:00:00","PARTO","1998-01-18 00:00:00"
"113","D8139","","","MAUTE","0","1995-10-30 00:00:00","PARTO","1998-04-14 00:00:00"
"85341","D8140","","","MAUTE","0","1995-10-30 00:00:00","PARTO","1999-03-08 00:00:00"
"387","D8141","","BUENAMOZA","VACA PROD.VACIA","0","1995-10-31 00:00:00","PARTO",""
"8589","D8142","","","MAUTE","0","1995-10-30 00:00:00","PARTO",""
"1","D8143","","","MAUTE","0","1995-11-12 00:00:00","PARTO","1997-09-15 00:00:00"
"8599","D8144","","","MAUTE","0","1995-11-14 00:00:00","PARTO","1998-10-01 00:00:00"
"589","D8145","","MANCHITA","VACA PROD.VACIA","0","1995-11-14 00:00:00","PARTO",""
"16","D8146","","CAMPESINA","VACA PROD.VACIA","0","1995-11-18 00:00:00","PARTO",""
"7018","D8147","","","MAUTE","0","1995-11-20 00:00:00","PARTO","1998-10-01 00:00:00"
"6510","D8148","","MONEDITA","VACA PROD.VACIA","0","1995-11-23 00:00:00","PARTO",""
"2801","D8149","","","MAUTE","0","1995-11-30 00:00:00","PARTO","1998-10-27 00:00:00"
"581","D8150","","JUEGO E´DAMA","VACA VACIA","0","1995-12-06 00:00:00","PARTO",""
"3816","D8151","","","MAUTA","0","1995-12-16 00:00:00","PARTO","1998-08-17 00:00:00"
"8562","D8152","","","MAUTE","0","1995-12-17 00:00:00","PARTO","1998-10-01 00:00:00"
"7591","D8153","","TOMASITA","VACA VACIA","0","1995-12-18 00:00:00","PARTO",""
"7509","D8154","","","MAUTE","0","1995-12-19 00:00:00","PARTO","1998-10-27 00:00:00"
"8522","D8155","","","VACA PREÑADA","0","1995-12-19 00:00:00","PARTO","1998-10-11 00:00:00"
"465","D8156","","","MAUTA","0","1995-12-20 00:00:00","PARTO","1998-03-19 00:00:00"
"1549","D8157","","","MAUTE","0","1995-12-24 00:00:00","PARTO","1998-10-01 00:00:00"
"83","E01","","","MAUTE","0","1996-03-26 00:00:00","PARTO",""
"2261","E0172","","","MAUTE","0","1996-03-12 00:00:00","PARTO",""
"2100","E0174","","","MAUTE","0","1996-03-12 00:00:00","PARTO",""
"2427","E0245","","","MAUTE","0","1996-03-25 00:00:00","PARTO",""
"2220","E0494","","","MAUTE","0","1996-05-03 00:00:00","PARTO",""
"2087","E0508","","","MAUTE","0","1996-05-05 00:00:00","PARTO",""
"57","E0546","","","MAUTE","0","1996-05-10 00:00:00","PARTO",""
"2829","E8001","","","MAUTA","0","1996-01-01 00:00:00","PARTO","1998-08-17 00:00:00"
"8555","E80017","","","MAUTE","","1997-01-03 00:00:00","PARTO",""
"559","E8002","","","MAUTA","0","1996-01-01 00:00:00","PARTO","1998-03-17 00:00:00"
"9570","E8003","","","MAUTE","0","1996-01-02 00:00:00","PARTO","1998-10-01 00:00:00"
"179","E80037","","","MAUTE","","1997-01-09 00:00:00","PARTO",""
"9546","E8004","","CIGARRON","VACA VACIA","0","1996-01-02 00:00:00","PARTO",""
"3801","E80047","","","MAUTA","","1997-01-09 00:00:00","PARTO","1998-03-19 00:00:00"
"6516","E8005","","","MAUTA","0","1996-01-02 00:00:00","PARTO","1998-03-17 00:00:00"
"586","E80057","","","MAUTA","","1997-01-13 00:00:00","PARTO","1999-01-19 00:00:00"
"585","E80067","","","MAUTE","","1996-09-30 00:00:00","PARTO",""
"1594","E8007","","","MAUTE","0","1996-01-04 00:00:00","PARTO","1999-03-08 00:00:00"
"3837","E80077","","","MAUTE","","1997-01-18 00:00:00","PARTO",""
"8588","E8008","","","MAUTA","0","1996-01-04 00:00:00","PARTO","1998-05-04 00:00:00"
"1527","E80087","","","MAUTA","","1997-01-19 00:00:00","PARTO","1998-03-19 00:00:00"
"549","E8009","","","MAUTE","0","1996-01-05 00:00:00","PARTO","1999-03-08 00:00:00"
"4811","E80097","","","MAUTA","","1997-01-20 00:00:00","PARTO","1999-01-19 00:00:00"
"2811","E8010","","","MAUTA","0","1996-01-08 00:00:00","PARTO","1998-03-17 00:00:00"
"1563","E80107","","","MAUTA","","1996-01-29 00:00:00","PARTO",""
"505","E8011","","","MAUTE","0","1996-01-08 00:00:00","PARTO","1998-07-28 00:00:00"
"231","E80117","","","MAUTA","","1997-01-20 00:00:00","PARTO","1999-01-19 00:00:00"
"558","E8012","","","MAUTA","0","1996-01-08 00:00:00","PARTO","1998-03-17 00:00:00"
"3865","E80127","","","MAUTA","","1997-01-24 00:00:00","PARTO","1999-01-19 00:00:00"
"147","E8013","","","MAUTE","0","1996-01-09 00:00:00","PARTO",""
"4827","E80137","","","MAUTA","","1997-01-27 00:00:00","PARTO","1999-01-19 00:00:00"
"1592","E8014","","","MAUTE","0","1996-01-10 00:00:00","PARTO","1999-03-08 00:00:00"
"1591","E80147","","","MAUTE","","1997-01-27 00:00:00","PARTO",""
"7009","E8015","","","BECERRO","0","1996-01-12 00:00:00","PARTO","1997-02-15 00:00:00"
"2808","E80157","","","MAUTE","","1997-01-30 00:00:00","PARTO",""
"8553","E8016","","","MAUTA","0","1996-01-12 00:00:00","PARTO","1998-03-17 00:00:00"
"7014","E80167","","","MAUTE","","1997-02-08 00:00:00","PARTO",""
"1563","E8017","","","MAUTA","0","1996-01-03 00:00:00","PARTO","1998-03-17 00:00:00"
"179","E8018","","","MAUTA","0","1996-01-19 00:00:00","PARTO","1998-03-17 00:00:00"
"2804","E8019","","GUACABA","VACA VACIA","0","1996-01-24 00:00:00","PARTO",""
"157","E8020","","","MAUTA","0","1996-01-24 00:00:00","PARTO","1998-03-17 00:00:00"
"2808","E8021","","","MAUTE","0","1996-01-25 00:00:00","PARTO","1998-10-27 00:00:00"
"8606","E8022","","","MAUTE","0","1996-01-26 00:00:00","PARTO","1998-10-01 00:00:00"
"8527","E8023","","","MAUTA","0","1996-01-26 00:00:00","PARTO","1998-03-17 00:00:00"
"3837","E8024","","","MAUTA","0","1996-01-27 00:00:00","PARTO","1998-03-17 00:00:00"
"7015","E8025","","","MAUTA","0","1996-02-06 00:00:00","PARTO","1998-03-17 00:00:00"
"9580","E8026","","","MAUTA","0","1996-02-06 00:00:00","PARTO","1998-03-17 00:00:00"
"8555","E8027","","","MAUTE","0","1996-02-12 00:00:00","PARTO","1999-03-08 00:00:00"
"8560","E8028","","","MAUTA","0","1996-02-15 00:00:00","PARTO","1998-03-17 00:00:00"
"3843","E8029","","","MAUTA","0","1996-02-16 00:00:00","PARTO","1998-03-17 00:00:00"
"1529","E8030","","","MAUTE","0","1996-02-16 00:00:00","PARTO","1998-10-27 00:00:00"
"226","E8031","","","MAUTE","0","1996-02-24 00:00:00","PARTO","1999-03-08 00:00:00"
"3801","E8032","","","MAUTA","0","1996-02-24 00:00:00","PARTO","1998-03-19 00:00:00"
"2820","E8033","","","MAUTA","0","1996-02-07 00:00:00","PARTO","1998-05-04 00:00:00"
"1527","E8034","","","MAUTA","0","1996-02-26 00:00:00","PARTO","1998-03-17 00:00:00"
"1524","E8035","","","MAUTA","0","1996-02-27 00:00:00","PARTO","1998-03-17 00:00:00"
"7017","E8036","","","MAUTE","0","1996-02-27 00:00:00","PARTO","1999-03-08 00:00:00"
"1595","E8037","","CAMPO ALEGRE","VACA PROD.VACIA","0","1996-03-01 00:00:00","PARTO",""
"9514","E8038","","","MAUTE","0","1996-03-11 00:00:00","PARTO","1998-10-27 00:00:00"
"6511","E8039","","","MAUTE","0","1996-03-11 00:00:00","PARTO","1999-03-08 00:00:00"
"7014","E8040","","","MAUTE","0","1996-03-16 00:00:00","PARTO","1997-10-27 00:00:00"
"81","E8041","","","MAUTE","0","1996-03-16 00:00:00","PARTO","1997-10-27 00:00:00"
"1591","E8042","","","MAUTE","0","1996-03-16 00:00:00","PARTO","1999-03-08 00:00:00"
"6515","E8043","","","MAUTA","0","1996-03-16 00:00:00","PARTO","1998-03-17 00:00:00"
"557","E8044","","","MAUTE","0","1996-04-01 00:00:00","PARTO","1999-03-08 00:00:00"
"3815","E8045","","","MAUTA","0","1996-04-03 00:00:00","PARTO","1998-03-17 00:00:00"
"8551","E8046","","","MAUTA","0","1996-04-05 00:00:00","PARTO","1998-05-04 00:00:00"
"9589","E8047","","","MAUTE","0","1996-04-10 00:00:00","PARTO","1999-03-08 00:00:00"
"1599","E8048","","","MAUTE","0","1996-04-10 00:00:00","PARTO",""
"114","E8049","","","MAUTA","0","1996-04-15 00:00:00","PARTO","1998-03-17 00:00:00"
"3826","E8050","","","BECERRA","0","1996-04-17 00:00:00","PARTO","1996-05-16 00:00:00"
"7003","E8051","","","MAUTE","0","1996-04-17 00:00:00","PARTO","1998-02-05 00:00:00"
"9586","E8052","","","BECERRO","0","1996-04-17 00:00:00","PARTO","1996-06-15 00:00:00"
"1602","E8053","","","MAUTA","0","1996-04-08 00:00:00","PARTO","1998-03-19 00:00:00"
"2813","E8054","","","MAUTE","0","1996-04-30 00:00:00","PARTO","1998-10-01 00:00:00"
"196","E8055","","","MAUTE","0","1996-05-02 00:00:00","PARTO","1999-03-08 00:00:00"
"171","E8056","","","MAUTE","0","1996-05-04 00:00:00","PARTO","1998-02-05 00:00:00"
"7016","E8057","","","MAUTE","0","1996-05-08 00:00:00","PARTO","1998-02-05 00:00:00"
"8574","E8058","","","MAUTE","0","1996-05-12 00:00:00","PARTO","1998-02-05 00:00:00"
"7002","E8059","","","MAUTE","0","1996-05-13 00:00:00","PARTO","1998-02-05 00:00:00"
"8506","E8060","","","BECERRA","0","1996-05-15 00:00:00","PARTO","1996-05-20 00:00:00"
"1512","E8061","","","MAUTE","0","1996-06-15 00:00:00","PARTO","1998-02-05 00:00:00"
"459","E8062","","","MAUTE","0","1996-05-16 00:00:00","PARTO","1999-03-08 00:00:00"
"3849","E8063","","","MAUTA","0","1996-05-17 00:00:00","PARTO","1998-05-04 00:00:00"
"8536","E8064","","","MAUTA","0","1996-05-19 00:00:00","PARTO","1998-03-17 00:00:00"
"204","E8065","","","MAUTE","0","1996-05-20 00:00:00","PARTO",""
"1572","E8066","","","MAUTE","0","1996-05-21 00:00:00","PARTO","1998-02-05 00:00:00"
"71","E8067","","","MAUTA","0","1996-05-26 00:00:00","PARTO","1998-03-17 00:00:00"
"4806","E8068","","","MAUTE","0","1996-05-28 00:00:00","PARTO","1999-03-08 00:00:00"
"1541","E8069","","","MAUTE","0","1996-06-01 00:00:00","PARTO","1998-02-05 00:00:00"
"7599","E8070","","","MAUTE","0","1996-06-05 00:00:00","PARTO","1999-03-08 00:00:00"
"8554","E8071","","","MAUTA","0","1996-06-09 00:00:00","PARTO","1998-02-05 00:00:00"
"2826","E8072","","","MAUTE","0","1996-06-11 00:00:00","PARTO",""
"2827","E8073","","","BECERRO","0","1996-06-13 00:00:00","PARTO","1996-07-09 00:00:00"
"2837","E8074","","","MAUTE","0","1996-06-13 00:00:00","PARTO","1997-02-25 00:00:00"
"529","E8075","","","BECERRO","0","1996-06-15 00:00:00","PARTO","1996-07-26 00:00:00"
"1539","E8076","","","MAUTA","0","1996-06-16 00:00:00","PARTO","1998-05-04 00:00:00"
"2836","E8077","","","MAUTA","","1996-06-16 00:00:00","PARTO",""
"7510","E8078","","","MAUTA","0","1996-06-18 00:00:00","PARTO","1998-03-17 00:00:00"
"9518","E8079","","","MAUTE","0","1996-06-20 00:00:00","PARTO","1999-03-08 00:00:00"
"3861","E8080","","","BECERRO","0","1996-06-20 00:00:00","PARTO","1996-11-19 00:00:00"
"3848","E8081","","","MAUTA","0","1996-06-22 00:00:00","PARTO","1998-05-04 00:00:00"
"80","E8082","","","MAUTE","0","1996-06-23 00:00:00","PARTO","1998-02-05 00:00:00"
"2845","E8083","","","MAUTE","0","1996-06-24 00:00:00","PARTO","1998-02-05 00:00:00"
"563","E8084","","","MAUTE","0","1996-06-25 00:00:00","PARTO",""
"577","E80856","","","MAUTA","","1996-06-26 00:00:00","PARTO","1998-03-17 00:00:00"
"2806","E8086","","","MAUTA","0","1996-06-26 00:00:00","PARTO","1998-03-17 00:00:00"
"3","E8087","","","MAUTA","0","1996-07-15 00:00:00","PARTO","1998-05-04 00:00:00"
"3859","E8088","","","MAUTE","0","1996-07-27 00:00:00","PARTO","1998-02-05 00:00:00"
"2832","E8089","","","MAUTA","0","1996-07-29 00:00:00","PARTO","1999-01-19 00:00:00"
"2844","E8090","","","MAUTE","0","1996-07-30 00:00:00","PARTO","1998-02-05 00:00:00"
"8516","E8091","","","MAUTA","0","1996-08-01 00:00:00","PARTO","1998-03-17 00:00:00"
"3846","E8092","","","MAUTA","0","1996-08-03 00:00:00","PARTO","1998-03-19 00:00:00"
"7635","E8093","","","MAUTE","0","1996-08-06 00:00:00","PARTO","1998-02-05 00:00:00"
"8571","E8094","","","MAUTA","0","1996-08-15 00:00:00","PARTO","1998-05-04 00:00:00"
"2814","E8095","","","MAUTA","0","1996-08-16 00:00:00","PARTO","1998-08-17 00:00:00"
"2","E8096","","","MAUTA","0","1996-08-16 00:00:00","PARTO","1998-03-17 00:00:00"
"2856","E8097","","","MAUTA","0","1996-08-17 00:00:00","PARTO","1998-05-04 00:00:00"
"579","E8098","","","MAUTA","0","1996-08-18 00:00:00","PARTO","1998-05-04 00:00:00"
"224","E8099","","","MAUTE","0","1996-08-21 00:00:00","PARTO","1998-02-05 00:00:00"
"3832","E8100","","","MAUTE","0","1996-08-23 00:00:00","PARTO","1998-02-05 00:00:00"
"3806","E8101","","","MAUTA","0","1996-08-23 00:00:00","PARTO","1998-05-04 00:00:00"
"2818","E8102","","","MAUTA","0","1996-08-25 00:00:00","PARTO","1998-05-04 00:00:00"
"1579","E8103","","","MAUTE","0","1996-08-27 00:00:00","PARTO",""
"2816","E8104","","","MAUTE","0","1996-09-03 00:00:00","PARTO",""
"2861","E8105","","","MAUTA","0","1996-09-06 00:00:00","PARTO","1998-03-19 00:00:00"
"3828","E8106","","","MAUTE","0","1996-09-03 00:00:00","PARTO","1998-02-05 00:00:00"
"3858","E8107","","","MAUTE","0","1996-09-10 00:00:00","PARTO",""
"4817","E8108","","","MAUTE","0","1996-09-12 00:00:00","PARTO","1998-03-08 00:00:00"
"2860","E8109","","","MAUTA","","1996-09-16 00:00:00","PARTO","1998-05-04 00:00:00"
"418","E8110","","","MAUTA","0","1996-09-18 00:00:00","PARTO","1998-05-04 00:00:00"
"4814","E8111","","","MAUTE","0","1996-09-15 00:00:00","PARTO",""
"76301","E8112","","","MAUTE","0","1996-09-24 00:00:00","PARTO","1998-02-05 00:00:00"
"1550","E8113","","","MAUTA","0","1996-09-26 00:00:00","PARTO","1998-05-04 00:00:00"
"4805","E8114","","","BECERRO","0","1996-09-26 00:00:00","PARTO","1998-04-15 00:00:00"
"2863","E8115","","","MAUTA","0","1996-09-26 00:00:00","PARTO","1998-03-19 00:00:00"
"6514","E8116","","","MAUTE","0","1996-09-26 00:00:00","PARTO",""
"589","E8117","","","MAUTE","0","1996-09-27 00:00:00","PARTO",""
"369","E8118","","","BECERRA","0","1996-09-28 00:00:00","PARTO","1996-11-12 00:00:00"
"7511","E8119","","","MAUTA","0","1996-09-29 00:00:00","PARTO","1998-05-04 00:00:00"
"2862","E8120","","","MAUTA","0","1996-09-30 00:00:00","PARTO","1998-05-04 00:00:00"
"8581","E8121","","","BECERRO","0","1996-09-30 00:00:00","PARTO","1996-10-29 00:00:00"
"113","E8122","","","MAUTE","0","1996-10-01 00:00:00","PARTO",""
"7018","E8123","","","MAUTE","","1996-10-09 00:00:00","PARTO",""
"6517","E8124","","","MAUTA","","1996-10-10 00:00:00","PARTO","1998-05-04 00:00:00"
"2831","E8125","","","MAUTA","","1996-10-12 00:00:00","PARTO","1998-05-04 00:00:00"
"1566","E8126","","","MAUTE","","1996-10-13 00:00:00","PARTO","1998-02-05 00:00:00"
"387","E8127","","","MAUTA","","1996-10-15 00:00:00","PARTO","1998-05-04 00:00:00"
"581","E8128","","","MAUTE","","1996-10-16 00:00:00","PARTO",""
"3864","E8129","","","MAUTA","","1996-10-21 00:00:00","PARTO","1998-05-04 00:00:00"
"40","E8130","","","MAUTE","","1996-10-21 00:00:00","PARTO",""
"4830","E8131","","","MAUTA","","1996-10-22 00:00:00","PARTO","1998-05-04 00:00:00"
"3810","E8132","","","MAUTA","","1996-10-31 00:00:00","PARTO","1998-05-04 00:00:00"
"3811","E8133","","","MAUTE","","1996-11-01 00:00:00","PARTO",""
"2828","E8134","","","MAUTA","","1996-11-02 00:00:00","PARTO","1998-05-04 00:00:00"
"8589","E8135","","","MAUTA","","1996-11-04 00:00:00","PARTO","1998-05-04 00:00:00"
"2871","E8136","","","MAUTA","","1996-10-30 00:00:00","PARTO","1998-05-04 00:00:00"
"8562","E8137","","","MAUTA","","1996-11-06 00:00:00","PARTO","1998-05-04 00:00:00"
"7013","E8138","","","MAUTE","","1996-11-07 00:00:00","PARTO",""
"8615","E8139","","","MAUTA","","1996-11-10 00:00:00","PARTO","1998-03-19 00:00:00"
"3855","E8140","","","MAUTE","","1996-11-12 00:00:00","PARTO","1998-02-05 00:00:00"
"9546","E8141","","","MAUTE","","1996-11-13 00:00:00","PARTO",""
"3803","E8142","","","MAUTA","","1996-11-15 00:00:00","PARTO","1998-05-04 00:00:00"
"584","E8143","","","BECERRO","","1996-11-15 00:00:00","PARTO","1996-12-16 00:00:00"
"1549","E8144","","","MAUTA","","1996-11-17 00:00:00","PARTO","1998-05-04 00:00:00"
"1593","E8145","","","MAUTA","","1996-11-17 00:00:00","PARTO","1999-01-19 00:00:00"
"559","E8146","","","MAUTA","","1996-11-19 00:00:00","PARTO","1999-01-19 00:00:00"
"3863","E8147","","","MAUTE","","1996-11-20 00:00:00","PARTO",""
"550","E8148","","","MAUTA","","1996-11-22 00:00:00","PARTO","1998-03-19 00:00:00"
"4819","E8149","","","MAUTA","","1996-11-25 00:00:00","PARTO","1999-01-19 00:00:00"
"85341","E8150","","","MAUTE","","1996-11-26 00:00:00","PARTO",""
"558","E8151","","","MAUTA","","1996-11-26 00:00:00","PARTO","1998-03-17 00:00:00"
"8599","E8152","","","MAUTE","","1996-11-27 00:00:00","PARTO",""
"4825","E8153","","","MAUTA","","1996-11-28 00:00:00","PARTO","1998-05-04 00:00:00"
"1594","E8154","","","BECERRA","","1996-11-28 00:00:00","PARTO","1997-02-09 00:00:00"
"3809","E8155","","","MAUTE","","1996-12-01 00:00:00","PARTO",""
"6502","E8156","","","MAUTE","","1996-12-03 00:00:00","PARTO","1998-01-22 00:00:00"
"7591","E8157","","","MAUTE","","1996-12-03 00:00:00","PARTO","1998-02-05 00:00:00"
"4843","E8158","","","MAUTA","","1996-12-05 00:00:00","PARTO","1998-05-04 00:00:00"
"9557","E8159","","","MAUTA","","1996-12-07 00:00:00","PARTO","1998-03-19 00:00:00"
"2829","E8160","","","MAUTE","","1996-12-07 00:00:00","PARTO",""
"6512","E8161","","MARICO","MAUTE","","1996-12-08 00:00:00","PARTO",""
"505","E8162","","","MAUTA","","1996-12-08 00:00:00","PARTO","1999-01-19 00:00:00"
"585","E8163","","","MAUTA","","1996-12-12 00:00:00","PARTO","1998-03-19 00:00:00"
"8606","E8164","","","MAUTE","","1996-12-14 00:00:00","PARTO","1998-02-05 00:00:00"
"1511","E8165","","","MAUTE","","1996-12-17 00:00:00","PARTO",""
"8527","E8166","","","MAUTA","","1996-12-17 00:00:00","PARTO","1998-03-19 00:00:00"
"3813","E8167","","","MAUTA","","1996-12-19 00:00:00","PARTO","1998-03-19 00:00:00"
"3804","E8168","","","MAUTA","","1996-12-19 00:00:00","PARTO","1998-03-19 00:00:00"
"2864","E8169","","","MAUTE","","1996-12-19 00:00:00","PARTO",""
"549","E8170","","","MAUTE","","1996-12-21 00:00:00","PARTO",""
"2869","E8171","","","MAUTE","","1996-12-22 00:00:00","PARTO","1998-03-24 00:00:00"
"4803","E8172","","","MAUTE","","1996-12-26 00:00:00","PARTO",""
"3808","E8173","","","MAUTA","","1996-12-29 00:00:00","PARTO","1998-03-19 00:00:00"
"571","E8174","","","MAUTE","","1996-12-31 00:00:00","PARTO",""
"8588","E8175","","","MAUTA","","1996-12-08 00:00:00","PARTO","1998-05-04 00:00:00"
"2801","F8002","","","BECERRO","","1997-01-06 00:00:00","PARTO","1997-02-09 00:00:00"
"4841","F8017","","","MAUTA","","1997-02-11 00:00:00","PARTO","1999-01-19 00:00:00"
"4801","F8018","","ZAPATICO","MAUTA","","1997-02-13 00:00:00","PARTO","1998-11-15 00:00:00"
"81","F8019","","","MAUTE","","1997-02-13 00:00:00","PARTO",""
"4810","F8020","","","MAUTE","","1997-02-15 00:00:00","PARTO",""
"7003","F8021","","","MAUTA","","1997-02-16 00:00:00","PARTO","1999-01-19 00:00:00"
"1602","F8022","","","MAUTA","","1997-02-18 00:00:00","PARTO","1999-01-19 00:00:00"
"187","F8023","","","MAUTA","","1997-02-24 00:00:00","PARTO","1998-03-19 00:00:00"
"1599","F8024","","","MAUTA","","1997-02-24 00:00:00","PARTO","1998-03-19 00:00:00"
"465","F8025","","","MAUTE","","1997-02-28 00:00:00","PARTO",""
"4834","F8026","","","MAUTA","","1997-02-28 00:00:00","PARTO","1999-01-19 00:00:00"
"557","F8027","","","BECERRA","","1997-03-01 00:00:00","PARTO","1997-03-29 00:00:00"
"4838","F8028","","","MAUTE","","1997-03-04 00:00:00","PARTO",""
"4822","F8029","","","MAUTA","","1997-03-04 00:00:00","PARTO","1998-08-18 00:00:00"
"6515","F8030","","","MAUTE","","1997-03-05 00:00:00","PARTO",""
"3826","F8031","","","MAUTE","","1997-03-10 00:00:00","PARTO",""
"6516","F8032","","","BECERRA","","1997-03-10 00:00:00","PARTO","1997-04-12 00:00:00"
"1592","F8033","","","MAUTA","","1997-03-13 00:00:00","PARTO","1998-03-19 00:00:00"
"3820","F8034","","","MAUTE","","1997-03-21 00:00:00","PARTO",""
"9586","F8035","","","MAUTA","","1997-03-27 00:00:00","PARTO","1999-01-19 00:00:00"
"4823","F8036","","","MAUTA","","1997-03-30 00:00:00","PARTO","1998-03-19 00:00:00"
"196","F8037","","","MAUTE","","1997-04-02 00:00:00","PARTO",""
"3843","F8038","","","MAUTE","","1997-04-05 00:00:00","PARTO",""
"8551","F8039","","","MAUTE","","1997-04-05 00:00:00","PARTO",""
"4832","F8040","","","MAUTA","","1997-04-10 00:00:00","PARTO","1998-03-19 00:00:00"
"7002","F8041","","","MAUTE","","1997-04-10 00:00:00","PARTO",""
"459","F8042","","","MAUTA","","1997-04-12 00:00:00","PARTO","1998-03-19 00:00:00"
"2811","F8043","","","MAUTE","","1997-04-13 00:00:00","PARTO",""
"7599","F8044","","","MAUTA","","1997-04-15 00:00:00","PARTO","1998-03-19 00:00:00"
"204","F8045","","","MAUTA","","1997-04-15 00:00:00","PARTO","1998-03-19 00:00:00"
"2813","F8046","","","MAUTE","","1997-04-17 00:00:00","PARTO",""
"529","F8047","","","MAUTE","","1997-04-18 00:00:00","PARTO",""
"1572","F8048","","","MAUTA","","1997-04-20 00:00:00","PARTO","1998-03-19 00:00:00"
"1557","F8049","","","MAUTE","","1997-04-20 00:00:00","PARTO",""
"3816","F8050","","","MAUTE","","1997-04-20 00:00:00","PARTO",""
"1541","F8051","","","MAUTE","","1997-04-21 00:00:00","PARTO",""
"9589","F8052","","","MAUTE","","1997-04-22 00:00:00","PARTO",""
"1512","F8053","","","MAUTA","","1997-04-23 00:00:00","PARTO","1999-01-19 00:00:00"
"8554","F8054","","","MAUTE","","1997-04-27 00:00:00","PARTO",""
"16","F8055","","","MAUTA","","1997-04-27 00:00:00","PARTO","1999-01-19 00:00:00"
"7016","F8056","","","MAUTE","","1997-05-01 00:00:00","PARTO",""
"226","F8057","","","MAUTE","","1997-05-01 00:00:00","PARTO",""
"4815","F8058","","","MAUTA","","1997-05-03 00:00:00","PARTO","1998-03-19 00:00:00"
"80","F8059","","","MAUTE","","1997-05-04 00:00:00","PARTO",""
"2826","F8060","","","MAUTE","","1997-05-05 00:00:00","PARTO",""
"4844","F8061","","","MAUTA","","1997-05-05 00:00:00","PARTO","1998-03-19 00:00:00"
"7510","F8062","","","MAUTE","","1997-05-05 00:00:00","PARTO",""
"563","F8063","","","MAUTA","","1997-05-10 00:00:00","PARTO","1999-01-19 00:00:00"
"1539","F8064","","","MAUTA","","1997-05-10 00:00:00","PARTO","1999-01-19 00:00:00"
"3815","F8065","","","BECERRA","","1997-05-12 00:00:00","PARTO","1997-06-05 00:00:00"
"4846","F8066","","","MAUTA","","1997-05-17 00:00:00","PARTO","1999-01-19 00:00:00"
"2827","F8067","","","MAUTE","","1997-05-17 00:00:00","PARTO",""
"4850","F8068","","","MAUTE","","1997-05-23 00:00:00","PARTO",""
"2836","F8069","","","MAUTA","","1997-05-25 00:00:00","PARTO","1999-01-19 00:00:00"
"2837","F8070","","","MAUTA","","1997-05-26 00:00:00","PARTO","1998-03-19 00:00:00"
"577","F8071","","","MAUTE","","1997-06-05 00:00:00","PARTO",""
"2844","F8072","","","MAUTA","","1997-06-11 00:00:00","PARTO","1999-01-19 00:00:00"
"4840","F8073","","","MAUTA","","1997-06-19 00:00:00","PARTO","1998-03-19 00:00:00"
"6511","F8074","","","MAUTE","","1997-06-19 00:00:00","PARTO",""
"4847","F8075","","","MAUTE","","1997-06-21 00:00:00","PARTO",""
"4853","F8076","","","MAUTE","","1997-06-27 00:00:00","PARTO",""
"4829","F8077","","","MAUTA","","1997-06-28 00:00:00","PARTO","1998-03-19 00:00:00"
"4826","F8078","","","MAUTA","","1997-06-29 00:00:00","PARTO","1999-01-19 00:00:00"
"7635","F8079","","","MAUTA","","1997-06-30 00:00:00","PARTO","1998-03-19 00:00:00"
"4835","F8080","","","MAUTA","","1997-07-01 00:00:00","PARTO","1999-01-19 00:00:00"
"4858","F8081","","","MAUTE","","1997-07-01 00:00:00","PARTO",""
"2842","F8082","","","MAUTE","","1997-07-02 00:00:00","PARTO",""
"8536","F8083","","","MAUTA","","1997-07-03 00:00:00","PARTO","1999-01-19 00:00:00"
"3","F8084","","","MAUTE","","1997-07-09 00:00:00","PARTO",""
"2845","F8085","","","MAUTA","","1997-07-14 00:00:00","PARTO","1999-01-19 00:00:00"
"224","F8086","","","MAUTE","","1997-07-19 00:00:00","PARTO",""
"4872","F8087","","","MAUTA","","1997-07-22 00:00:00","PARTO","1998-08-04 00:00:00"
"8574","F8088","","","MAUTE","","1997-07-29 00:00:00","PARTO",""
"2861","F8089","","","MAUTE","","1997-08-01 00:00:00","PARTO",""
"171","F8090","","","BECERRA","","1997-08-01 00:00:00","PARTO","1997-08-14 00:00:00"
"4849","F8091","","","MAUTA","","1997-08-03 00:00:00","PARTO","1999-01-19 00:00:00"
"4836","F8092","","","MAUTA","","1997-08-03 00:00:00","PARTO","1999-01-19 00:00:00"
"8516","F8093","","","MAUTA","","1997-08-03 00:00:00","PARTO","1999-01-19 00:00:00"
"2862","F8094","","","MAUTA","","1997-08-10 00:00:00","PARTO","1999-01-19 00:00:00"
"4837","F8095","","","MAUTA","","1997-08-10 00:00:00","PARTO","1999-01-19 00:00:00"
"113","F8096","","","MAUTE","","1997-08-11 00:00:00","PARTO",""
"76301","F8097","","","MAUTA","","1997-08-12 00:00:00","PARTO","1999-01-19 00:00:00"
"579","F8098","","","MAUTA","","1997-08-12 00:00:00","PARTO","1999-01-19 00:00:00"
"4869","F8099","","","MAUTA","","1997-08-18 00:00:00","PARTO","1999-01-19 00:00:00"
"589","F8100","","","MAUTE","","1997-08-22 00:00:00","PARTO",""
"4814","F8101","","","MAUTE","","1997-08-24 00:00:00","PARTO",""
"418","F8102","","","MAUTA","","1997-08-04 00:00:00","PARTO","1999-01-19 00:00:00"
"4813","F8103","","","MAUTE","","1997-08-24 00:00:00","PARTO",""
"2","F8104","","","MAUTE","","1997-08-25 00:00:00","PARTO",""
"4842","F8105","","","MAUTE","","1997-08-28 00:00:00","PARTO",""
"8581","F8106","","","MAUTA","","1997-08-31 00:00:00","PARTO","1999-01-19 00:00:00"
"4870","F8107","","","MAUTA","","1997-09-03 00:00:00","PARTO","1999-01-19 00:00:00"
"4870","F81078","","","MAUTE","","1997-09-03 00:00:00","PARTO",""
"1550","F8108","","","MAUTA","","1997-09-10 00:00:00","PARTO","1999-01-19 00:00:00"
"369","F8109","","","MAUTE","","1997-09-11 00:00:00","PARTO",""
"4861","F8110","","","MAUTE","","1997-09-11 00:00:00","PARTO",""
"3846","F8111","","","MAUTA","","1997-09-12 00:00:00","PARTO","1999-01-19 00:00:00"
"7013","F8112","","","MAUTE","","1997-09-13 00:00:00","PARTO",""
"6517","F8113","","","MAUTE","","1997-09-13 00:00:00","PARTO",""
"2814","F8114","","","MAUTE","","1997-09-14 00:00:00","PARTO",""
"7018","F8116","","","MAUTA","","1997-09-23 00:00:00","PARTO","1999-01-19 00:00:00"
"3828","F8117","","","MAUTA","","1997-09-28 00:00:00","PARTO","1999-01-19 00:00:00"
"8562","F8118","","","MAUTE","","1997-09-29 00:00:00","PARTO",""
"4854","F8119","","","MAUTE","","1997-09-29 00:00:00","PARTO",""
"2852","F8120","","","MAUTE","","1997-09-29 00:00:00","PARTO",""
"1594","F8121","","","MAUTE","","1997-09-30 00:00:00","PARTO",""
"550","F8123","","","MAUTA","","1997-10-02 00:00:00","PARTO","1999-01-19 00:00:00"
"8615","F8124","","","MAUTE","","1997-10-06 00:00:00","PARTO",""
"2860","F8125","","","MAUTE","","1997-10-06 00:00:00","PARTO",""
"1579","F8126","","","MAUTA","","1997-10-10 00:00:00","PARTO","1999-01-19 00:00:00"
"1593","F8127","","","MAUTE","","1997-10-15 00:00:00","PARTO",""
"559","F8128","","","MAUTA","","1997-10-15 00:00:00","PARTO","1999-01-19 00:00:00"
"558","F8129","","","MAUTA","","1997-10-19 00:00:00","PARTO","1999-01-19 00:00:00"
"4845","F8130","","","MAUTE","","1997-10-19 00:00:00","PARTO",""
"8522","F8131","","","MAUTE","","1997-10-20 00:00:00","PARTO",""
"505","F8132","","","MAUTA","","1997-10-22 00:00:00","PARTO","1999-01-19 00:00:00"
"4830","F8133","","","MAUTE","","1997-10-23 00:00:00","PARTO",""
"85341","F8134","","","MAUTA","","1997-10-25 00:00:00","PARTO","1999-01-19 00:00:00"
"3803","F8135","","","MAUTE","","1997-10-31 00:00:00","PARTO",""
"581","F8136","","","MAUTE","","1997-11-02 00:00:00","PARTO","1998-07-15 00:00:00"
"6512","F8137","","","MAUTA","","1997-11-04 00:00:00","PARTO","1999-01-19 00:00:00"
"3811","F8138","","","MAUTE","","1997-11-08 00:00:00","PARTO",""
"2818","F8139","","","MAUTE","","1997-11-10 00:00:00","PARTO",""
"1529","F8140","","","MAUTA","","1997-11-12 00:00:00","PARTO","1999-01-19 00:00:00"
"3848","F8141","","","MAUTA","","1997-11-13 00:00:00","PARTO","1999-01-19 00:00:00"
"9557","F8142","","","MAUTA","","1997-11-14 00:00:00","PARTO","1999-01-19 00:00:00"
"4839","F8143","","","MAUTE","","1997-11-21 00:00:00","PARTO",""
"4819","F8144","","","MAUTA","","1997-11-22 00:00:00","PARTO","1999-01-19 00:00:00"
"3863","F8145","","","MAUTE","","1997-11-23 00:00:00","PARTO",""
"8571","F8146","","","MAUTE","","1997-11-26 00:00:00","PARTO",""
"D8032","F8147","","","MAUTE","","1997-11-28 00:00:00","PARTO",""
"6502","F8148","","","MAUTE","","1997-11-29 00:00:00","PARTO",""
"3810","F8149","","","MAUTA","","1997-11-30 00:00:00","PARTO","1999-01-19 00:00:00"
"D8010","F8170","","","BECERRA","","1997-12-19 00:00:00","PARTO","1998-01-30 00:00:00"
"83","G8001","","","MAUTA","","1997-12-01 00:00:00","PARTO","1999-01-19 00:00:00"
"8589","G8002","","","MAUTA","","1997-12-02 00:00:00","PARTO","1999-01-19 00:00:00"
"4864","G8003","","","MAUTA","","1997-12-02 00:00:00","PARTO","1999-01-19 00:00:00"
"4871","G8004","","","MAUTA","","1997-12-02 00:00:00","PARTO","1999-01-19 00:00:00"
"9546","G8005","","","MAUTA","","1997-12-02 00:00:00","PARTO","1999-01-19 00:00:00"
"9514","G8006","","","MAUTA","","1997-12-02 00:00:00","PARTO","1999-01-19 00:00:00"
"7014","G8007","","","MAUTE","","1997-12-03 00:00:00","PARTO",""
"2831","G8008","","","MAUTA","","1997-12-05 00:00:00","PARTO","1999-01-19 00:00:00"
"2808","G8009","","","MAUTA","","1997-12-05 00:00:00","PARTO","1999-01-19 00:00:00"
"2869","G8010","","","MAUTA","","1997-12-05 00:00:00","PARTO","1999-01-19 00:00:00"
"3837","G8011","","","MAUTA","","1997-12-11 00:00:00","PARTO","1999-01-19 00:00:00"
"D8018","G8012","","","MAUTA","","1997-12-12 00:00:00","PARTO","1999-01-19 00:00:00"
"1527","G8013","","","MAUTA","","1997-12-13 00:00:00","PARTO","1999-01-19 00:00:00"
"231","G8014","","","MAUTE","","1997-12-13 00:00:00","PARTO",""
"3808","G8015","","","MAUTA","","1997-12-14 00:00:00","PARTO","1999-01-19 00:00:00"
"586","G8016","","","MAUTE","","1997-12-15 00:00:00","PARTO",""
"571","G8017","","","MAUTE","","1997-12-16 00:00:00","PARTO",""
"8588","G8018","","","MAUTE","","1997-12-16 00:00:00","PARTO",""
"4862","G8019","","","MAUTE","","1997-12-17 00:00:00","PARTO",""
"3809","G8020","","","MAUTE","","1997-12-17 00:00:00","PARTO",""
"81","G8022","","","MAUTA","","1997-12-21 00:00:00","PARTO","1999-01-19 00:00:00"
"4859","G8023","","","MAUTA","","1997-12-21 00:00:00","PARTO","1999-01-19 00:00:00"
"2829","G8024","","","MAUTE","","1997-12-21 00:00:00","PARTO",""
"4860","G8025","","","MAUTE","","1997-12-22 00:00:00","PARTO",""
"3801","G8026","","","MAUTA","","1997-12-22 00:00:00","PARTO","1999-01-19 00:00:00"
"4867","G8027","","","MAUTE","","1997-12-22 00:00:00","PARTO",""
"4828","G8028","","","MAUTE","","1997-12-22 00:00:00","PARTO",""
"4852","G8029","","","MAUTE","","1997-12-23 00:00:00","PARTO",""
"114","G8030","","","MAUTE","","1997-12-24 00:00:00","PARTO",""
"549","G8031","","","MAUTE","","1997-12-27 00:00:00","PARTO",""
"1549","G8032","","","MAUTA","","1997-12-29 00:00:00","PARTO","1999-01-19 00:00:00"
"4893","G8033","","","MAUTA","","1998-01-01 00:00:00","PARTO",""
"1595","G8034","","","MAUTA","","1998-01-07 00:00:00","PARTO","1999-01-19 00:00:00"
"3813","G8035","","","MAUTE","","1998-01-07 00:00:00","PARTO",""
"2801","G8036","","","MAUTA","","1998-01-08 00:00:00","PARTO","1999-01-19 00:00:00"
"D8012","G8037","","","MAUTE","","1998-01-09 00:00:00","PARTO",""
"7017","G8038","","","MAUTA","","1998-01-09 00:00:00","PARTO","1999-01-19 00:00:00"
"2832","G8039","","","MAUTA","","1998-01-10 00:00:00","PARTO","1999-01-19 00:00:00"
"4863","G8040","","","MAUTE","","1998-01-12 00:00:00","PARTO",""
"7003","G8041","","","MAUTA","","1998-01-13 00:00:00","PARTO","1999-01-19 00:00:00"
"1602","G8042","","","MAUTE","","1998-01-17 00:00:00","PARTO",""
"6515","G8043","","","MAUTE","","1998-01-21 00:00:00","PARTO",""
"9570","G8044","","","MAUTE","","1998-01-25 00:00:00","PARTO",""
"2806","G8045","","","MAUTE","","1998-01-26 00:00:00","PARTO",""
"D8038","G8046","","","MAUTE","","1998-01-28 00:00:00","PARTO",""
"9586","G8047","","","MAUTE","","1998-02-02 00:00:00","PARTO",""
"1599","G8048","","","BECERRA","","1998-02-07 00:00:00","PARTO",""
"3854","G8051","","","MAUTA","","1998-03-07 00:00:00","PARTO","1999-01-19 00:00:00"
"2828","G8052","","","MAUTA","","1998-03-07 00:00:00","PARTO","1999-01-19 00:00:00"
"D6028","G8053","","","MAUTA","","1998-03-07 00:00:00","PARTO","1999-01-19 00:00:00"
"D8056","G8054","","","BECERRA","","1998-03-07 00:00:00","PARTO","1998-03-09 00:00:00"
"6516","G8055","","","MAUTA","","1998-03-07 00:00:00","PARTO","1999-01-19 00:00:00"
"D8035","G8056","","","BECERRA","","1998-03-07 00:00:00","PARTO","1998-04-18 00:00:00"
"187","G8057","","","MAUTA","","1998-03-07 00:00:00","PARTO","1999-01-19 00:00:00"
"585","G8058","","","MAUTA","","1998-03-19 00:00:00","PARTO","1999-01-19 00:00:00"
"1512","G8059","","","MAUTA","","1998-03-19 00:00:00","PARTO","1999-01-19 00:00:00"
"D8001","G8060","","","MAUTE","","1998-03-19 00:00:00","PARTO",""
"7510","G8061","","","MAUTE","","1998-03-19 00:00:00","PARTO",""
"3816","G8062","","","MAUTE","","1998-03-19 00:00:00","PARTO",""
"2816","G8063","","","MAUTE","","1998-03-19 00:00:00","PARTO",""
"8554","G8064","","","MAUTA","","1998-03-19 00:00:00","PARTO","1999-01-19 00:00:00"
"1591","G8065","","","BECERRO","","1998-03-19 00:00:00","PARTO","1998-05-27 00:00:00"
"4833","G8066","","","BECERRO","","1998-03-19 00:00:00","PARTO","1998-03-20 00:00:00"
"D6014","G8067","","","MAUTA","","1998-04-16 00:00:00","PARTO",""
"2827","G8068","","","MAUTA","","1998-04-16 00:00:00","PARTO",""
"2811","G8069","","","MAUTA","","1998-04-16 00:00:00","PARTO",""
"4810","G8070","","","MAUTA","","1998-04-16 00:00:00","PARTO",""
"7016","G8071","","","MAUTE","","1998-04-16 00:00:00","PARTO",""
"D8031","G8072","","","MAUTA","","1998-04-16 00:00:00","PARTO",""
"D8125","G8073","5263","","MAUTE","","1998-04-16 00:00:00","PARTO",""
"D8071","G8074","","","MAUTA","","1998-04-16 00:00:00","PARTO",""
"D8017","G8075","","","BECERRO","","1998-04-16 00:00:00","PARTO","1998-04-25 00:00:00"
"4811","G8076","","","MAUTE","","1998-04-16 00:00:00","PARTO",""
"D8060","G8077","","","MAUTE","","1998-04-16 00:00:00","PARTO",""
"8551","G8078","","","MAUTA","","1998-04-16 00:00:00","PARTO",""
"D8007","G8079","","","MAUTA","","1998-04-16 00:00:00","PARTO",""
"3826","G8080","","","MAUTE","","1998-04-16 00:00:00","PARTO",""
"7599","G8081","","","MAUTE","","1998-04-16 00:00:00","PARTO",""
"1572","G8082","","","MAUTE","","1998-04-16 00:00:00","PARTO",""
"2844","G8083","","","MAUTE","","1998-05-18 00:00:00","PARTO",""
"4801","G8084","","","MAUTA","","1998-05-18 00:00:00","PARTO",""
"D8082","G8085","5263","","MAUTA","","1998-05-18 00:00:00","PARTO",""
"D8051","G8086","","","BECERRA","","1998-05-18 00:00:00","PARTO","1998-06-18 00:00:00"
"3815","G8087","","","MAUTE","","1998-05-18 00:00:00","PARTO",""
"D8021","G8088","","","MAUTE","","1998-05-18 00:00:00","PARTO",""
"D8044","G8089","","","MAUTA","","1998-06-15 00:00:00","PARTO",""
"2826","G8090","","","MAUTA","","1998-06-15 00:00:00","PARTO",""
"D8070","G8091","","","MAUTA","","1998-06-15 00:00:00","PARTO",""
"D8107","G8092","","","MAUTE","","1998-06-15 00:00:00","PARTO",""
"4874","G8093","","","MAUTA","","1998-06-15 00:00:00","PARTO",""
"557","G8094","","","MAUTA","","1998-02-08 00:00:00","PARTO",""
"D8058","G8095","","","MAUTA","","1998-02-08 00:00:00","PARTO",""
"D8053","G8096","","","MAUTE","","1998-07-02 00:00:00","PARTO",""
"2871","G8097","","","MAUTA","","1998-07-02 00:00:00","PARTO",""
"3865","G8098","","","MAUTA","","1998-04-18 00:00:00","PARTO",""
"2845","G8099","","","MAUTE","","1998-07-15 00:00:00","PARTO",""
"4835","G8100","","","MAUTE","","1998-07-28 00:00:00","PARTO",""
"7635","G8101","","","MAUTA","","1998-07-28 00:00:00","PARTO",""
"D8072","G8102","5263","","MAUTA","","1998-07-28 00:00:00","PARTO",""
"4869","G8103","","","MAUTA","","1998-07-28 00:00:00","PARTO",""
"2861","G8104","","","MAUTE","","1998-07-28 00:00:00","PARTO",""
"D8059","G8105","","","BECERRA","","1998-07-28 00:00:00","PARTO","1998-08-20 00:00:00"
"4842","G8106","","","MAUTE","","1998-07-31 00:00:00","PARTO",""
"4815","G8107","","","MAUTA","","1998-07-31 00:00:00","PARTO",""
"D8040","G8108","5263","","MAUTA","","1998-07-31 00:00:00","PARTO",""
"4853","G8109","","","MAUTA","","1998-08-05 00:00:00","PARTO",""
"4814","G8110","","","MAUTE","","1998-08-05 00:00:00","PARTO",""
"8562","G8111","","","MAUTE","","1998-08-05 00:00:00","PARTO",""
"4832","G8112","","","MAUTE","","1998-08-05 00:00:00","PARTO",""
"4840","G8113","","","MAUTA","","1998-08-05 00:00:00","PARTO",""
"D8068","G8114","5263","","MAUTE","","1998-08-05 00:00:00","PARTO",""
"D8126","G8115","5263","","MAUTE","","1998-08-05 00:00:00","PARTO",""
"4837","G8116","","","MAUTE","","1998-08-05 00:00:00","PARTO",""
"4813","G8117","","","MAUTE","","1998-08-05 00:00:00","PARTO",""
"D6002","G8118","","","MAUTA","","1998-08-18 00:00:00","PARTO",""
"D8075","G8119","","","MAUTA","","1998-08-18 00:00:00","PARTO",""
"D8096","G8120","5263","","MAUTA","","1998-08-18 00:00:00","PARTO",""
"D8097","G8121","5263","","MAUTA","","1998-08-18 00:00:00","PARTO",""
"D0118","G8122","5263","","MAUTA","","1998-08-18 00:00:00","PARTO",""
"D0159","G8123","5263","","MAUTE","","1998-08-18 00:00:00","PARTO",""
"D8113","G8124","","","MAUTE","","1998-08-18 00:00:00","PARTO",""
"D8146","G8125","","","MAUTE","","1998-08-18 00:00:00","PARTO",""
"204","G8126","","","MAUTE","","1998-08-18 00:00:00","PARTO",""
"D8083","G8127","5263","","MAUTA","","1998-08-18 00:00:00","PARTO",""
"4847","G8128","","","MAUTA","","1998-08-18 00:00:00","PARTO",""
"7018","G8129","","","MAUTE","","1998-08-18 00:00:00","PARTO",""
"8536","G8130","","","MAUTA","","1998-08-18 00:00:00","PARTO",""
"4851","G8131","","","MAUTA","","1998-08-18 00:00:00","PARTO",""
"D8077","G8132","5263","","MAUTA","","1998-08-18 00:00:00","PARTO",""
"D0173","G8133","5263","","MAUTA","","1998-08-18 00:00:00","PARTO",""
"D8103","G8134","","","MAUTA","","1998-08-18 00:00:00","PARTO",""
"1539","G8135","","","MAUTE","","1998-04-16 00:00:00","PARTO",""
"1557","G8136","","","MAUTE","","1998-05-18 00:00:00","PARTO",""
"6511","G8137","","","MAUTE","","1998-09-09 00:00:00","PARTO",""
"D8101","G8138","","","MAUTE","","1998-09-09 00:00:00","PARTO",""
"D8086","G8139","5263","","MAUTE","","1998-09-09 00:00:00","PARTO",""
"558","G8140","","","MAUTA","","1998-09-09 00:00:00","PARTO",""
"D8148","G8141","","","MAUTE","","1998-09-17 00:00:00","PARTO",""
"224","G8142","","","MAUTA","","1998-09-17 00:00:00","PARTO",""
"505","G8143","","","MAUTA","","1998-09-17 00:00:00","PARTO",""
"D8128","G8144","","","MAUTA","","1998-09-17 00:00:00","PARTO",""
"3828","G8145","","","MAUTA","","1998-09-22 00:00:00","PARTO",""
"D8046","G8146","5263","","MAUTE","","1998-09-22 00:00:00","PARTO",""
"7013","G8147","","","MAUTE","","1998-09-22 00:00:00","PARTO",""
"4870","G8148","","","MAUTA","","1998-09-22 00:00:00","PARTO",""
"589","G8149","","","BECERRO","","1998-10-07 00:00:00","PARTO",""
"529","G8150","","","BECERRA","","1998-10-07 00:00:00","PARTO",""
"2814","G8151","","","BECERRO","","1998-10-07 00:00:00","PARTO",""
"4846","G8152","","","BECERRA","","1998-10-07 00:00:00","PARTO",""
"D8115","G8153","","","BECERRA","","1998-10-07 00:00:00","PARTO",""
"2862","G8154","","","BECERRO","","1998-10-07 00:00:00","PARTO",""
"1529","G8155","","","BECERRA","","1998-10-07 00:00:00","PARTO",""
"2808","G8156","","","BECERRA","","1998-10-28 00:00:00","PARTO",""
"8516","G8157","","","BECERRA","","1998-10-28 00:00:00","PARTO",""
"9546","G8158","","","BECERRO","","1998-10-28 00:00:00","PARTO",""
"586","G8159","","","BECERRO","","1998-10-28 00:00:00","PARTO",""
"581","G8160","","","BECERRA","","1998-10-28 00:00:00","PARTO",""
"4830","G8162","","","BECERRA","","1998-10-28 00:00:00","PARTO",""
"2852","G8163","","","BECERRO","","1998-10-28 00:00:00","PARTO",""
"7014","G8164","","","BECERRO","","1998-10-28 00:00:00","PARTO",""
"3808","G8165","","","BECERRO","","1998-11-10 00:00:00","PARTO",""
"9557","G8166","","","BECERRA","","1998-11-10 00:00:00","PARTO",""
"8588","G8167","","","BECERRA","","1998-11-10 00:00:00","PARTO",""
"D0141","G8168","5263","","BECERRA","","1998-11-10 00:00:00","PARTO",""
"4836","G8169","","","BECERRO","","1998-11-10 00:00:00","PARTO",""
"3837","G8170","","","BECERRA","","1998-11-12 00:00:00","PARTO",""
"4864","G8171","","","BECERRO","","1998-11-12 00:00:00","PARTO",""
"D8087","G8172","","","BECERRO","","1998-11-12 00:00:00","PARTO",""
"D80990","G8173","","","BECERRA","","1998-11-20 00:00:00","PARTO",""
"D8112","G8174","","","BECERRA","","1998-11-20 00:00:00","PARTO",""
"D8145","G8175","","","BECERRA","","1998-11-23 00:00:00","PARTO",""
"D8110","G8176","","","BECERRA","","1998-11-24 00:00:00","PARTO",""
"2869","G8177","","","BECERRA","","1998-11-24 00:00:00","PARTO",""
"1602","G8178","","","BECERRA","","1998-11-27 00:00:00","PARTO",""
"3813","G8179","","","BECERRO","","1998-11-27 00:00:00","PARTO",""
"231","G8180","","","BECERRO","","1998-11-29 00:00:00","PARTO",""
"D8133","G8181","","","BECERRA","","1998-12-02 00:00:00","PARTO",""
"D8131","H8001","","","BECERRA","","1998-12-03 00:00:00","PARTO",""
"D8048","H8002","","","BECERRA","","1998-12-05 00:00:00","PARTO","1999-04-03 00:00:00"
"E8019","H8003","","","BECERRO","","1998-12-07 00:00:00","PARTO",""
"D8132","H8004","","","BECERRA","","1998-12-09 00:00:00","PARTO","1999-05-14 00:00:00"
"4872","H8005","","","BECERRO","","1998-12-11 00:00:00","PARTO",""
"D8130","H8006","","","BECERRO","","1998-12-17 00:00:00","PARTO",""
"E8037","H8007","","","BECERRA","","1998-12-19 00:00:00","PARTO",""
"9586","H8008","","","BECERRO","","1998-12-19 00:00:00","PARTO",""
"549","H8009","","","BECERRA","","1998-12-20 00:00:00","PARTO",""
"6078","H8010","","","BECERRO","","1998-12-20 00:00:00","PARTO",""
"6074","H8011","","","BECERRO","","1998-12-23 00:00:00","PARTO",""
"D8150","H8012","","","BECERRA","","1998-12-29 00:00:00","PARTO",""
"D8088","H8013","","","BECERRA","","1998-12-30 00:00:00","PARTO",""
"3801","H8014","","","BECERRO","","1999-01-04 00:00:00","PARTO","1999-01-21 00:00:00"
"E8004","H8015","","","BECERRA","","1999-01-04 00:00:00","PARTO",""
"D8141","H8016","","","BECERRA","","1999-01-09 00:00:00","PARTO",""
"D8076","H8017","","","BECERRO","","1999-01-11 00:00:00","PARTO",""
"D8153","H8018","","","BECERRA","","1999-01-11 00:00:00","PARTO",""
"D8018","H8019","","","BECERRA","","1999-01-16 00:00:00","PARTO",""
"D8109","H8020","","","MAUTA","185","1999-01-18 00:00:00","PARTO",""
"2829","H8021","","","BECERRA","","1999-01-19 00:00:00","PARTO",""
"D8057","H8022","","","BECERRA","","1999-02-12 00:00:00","PARTO",""
"1557","H8023","","","BECERRO","","1999-02-14 00:00:00","PARTO",""
"6515","H8024","","","BECERRO","","1999-02-15 00:00:00","PARTO",""
"6515","H8025","","","BECERRA","","1999-02-15 00:00:00","PARTO",""
"7510","H8026","","","BECERRA","","1999-02-19 00:00:00","PARTO",""
"557","H8027","","","BECERRA","","1999-02-21 00:00:00","PARTO",""
"7017","H8028","","","BECERRA","","1999-02-25 00:00:00","PARTO",""
"D8001","H8029","","","BECERRO","","1999-02-25 00:00:00","PARTO",""
"8554","H8030","","","BECERRO","","1999-03-02 00:00:00","PARTO",""
"4811","H8031","","","BECERRO","","1999-03-02 00:00:00","PARTO",""
"8551","H8032","","","BECERRA","","1999-03-05 00:00:00","PARTO","1999-04-05 00:00:00"
"7003","H8033","","","BECERRO","","1999-03-06 00:00:00","PARTO",""
"4863","H8034","","","BECERRO","","1999-03-07 00:00:00","PARTO",""
"D8042","H8035","","","BECERRO","","1999-03-11 00:00:00","PARTO",""
"1572","H8036","","","BECERRA","","1999-03-11 00:00:00","PARTO",""
"1599","H8037","","","BECERRA","","1999-03-14 00:00:00","PARTO",""
"2816","H8038","","","BECERRO","","1999-03-16 00:00:00","PARTO",""
"D8007","H8039","","","BECERRA","","1999-03-16 00:00:00","PARTO",""
"2811","H8040","","","BECERRO","","1999-03-21 00:00:00","PARTO",""
"1549","H8041","","","MAUTE","190","1999-03-24 00:00:00","PARTO",""
"2827","H8042","","","BECERRA","","1999-03-25 00:00:00","PARTO",""
"4819","H8043","","","BECERRA","","1999-03-28 00:00:00","PARTO",""
"2806","H8044","","","BECERRA","","1999-04-02 00:00:00","PARTO",""
"3816","H8045","","","BECERRO","","1999-04-04 00:00:00","PARTO",""
"4874","H8046","","","BECERRA","","1999-04-06 00:00:00","PARTO",""
"9514","H8047","","","BECERRA","","1999-04-12 00:00:00","PARTO",""
"D8084","H8048","","","MAUTE","162","1998-02-02 00:00:00","PARTO",""
"3815","H8049","","","BECERRA","","1999-04-17 00:00:00","PARTO",""
"1579","H8050","","","MAUTE","162","1998-02-01 00:00:00","PARTO",""
"          02","h02","","","BECERRO","","2000-12-25 00:00:00","PARTO",""
"          27","h27","","","BECERRO","","2000-10-28 00:00:00","PARTO",""
"004","004/B","P-407","","BECERRO","","2001-06-22 00:00:00","PARTO",""
"003JB","003jb/b","299","","BECERRO","","2001-06-22 00:00:00","PARTO",""
"011","011b","93627M","","MAUTA","180","2001-06-22 00:00:00","PARTO",""
"1529","1529/B","","","BECERRO","","2001-06-26 00:00:00","PARTO",""
"1549","1549/B","P-407","","BECERRO","","2001-07-03 00:00:00","PARTO",""
"005G","005g-b","","","BECERRA","","2003-04-29 00:00:00","PARTO","2003-05-02 00:00:00"
"006","006-b","205","becerro 006-b","BECERRO","","2003-04-29 00:00:00","PARTO","2003-05-02 00:00:00"
"007","007-1","","bec 007-1","MAUTE","","2003-04-29 00:00:00","PARTO",""
"007","007-2","","BECERRO 007-2","BECERRO","","2003-05-02 00:00:00","PARTO",""
"  1710","23330","","","NOVILLA","205","2003-10-08 00:00:00","PARTO","2012-05-08 00:00:00"
"9086","25204","","","VACA VACIA SIN CRIA","180","2005-09-08 00:00:00","PARTO","2012-05-08 00:00:00"
"  5575","25290","","","VACA VACIA SIN CRIA","195","2005-09-27 00:00:00","PARTO","2012-05-08 00:00:00"
"     9","33427","","","BECERRA","","2014-10-18 00:00:00","PARTO",""
"          27","2526","","","VACA VACIA","180","2014-04-19 00:00:00","PARTO",""
"2526","3456","4224","","BECERRA","","2014-11-19 00:00:00","PARTO",""
"014JB","0022","","","BECERRA","","2014-11-27 00:00:00","PARTO",""
"88","881","583","","BECERRA","","2014-12-08 00:00:00","PARTO",""
"85","0085","583","","BECERRA","","2014-12-08 00:00:00","PARTO",""
"85","00085","583","","BECERRO","","2014-12-08 00:00:00","PARTO",""
"77","0077","","","BECERRA","","2014-12-08 00:00:00","PARTO",""
"89","0089","205","","BECERRA","","2014-12-08 00:00:00","PARTO",""
"25","0025","","","BECERRA","","2014-12-08 00:00:00","PARTO",""
"6210","NINGUNO","","","","","","PREÑEZ",""
"96186","NINGUNO","","","","","","PREÑEZ",""
"          01"," ","","","","",""," ",""
"          02"," ","","","","",""," ",""
"          04"," ","","","","",""," ",""
"          05"," ","","","","",""," ",""
"          27"," ","","","","",""," ",""
"     9"," ","","","","",""," ",""
"   134"," ","","","","",""," ",""
"    16"," ","","","","",""," ",""
"   135"," ","","","","",""," ",""
"   211"," ","","","","",""," ",""
"   243"," ","","","","",""," ",""
"   5/2"," ","","","","",""," ",""
"   609"," ","","","","",""," ",""
"   614"," ","","","","",""," ",""
"   616"," ","","","","",""," ",""
"   621"," ","","","","",""," ",""
"   668"," ","","","","",""," ",""
"   670"," ","","","","",""," ",""
"   684"," ","","","","",""," ",""
"   702"," ","","","","",""," ",""
"   710"," ","","","","",""," ",""
"   722"," ","","","","",""," ",""
"   731"," ","","","","",""," ",""
"   735"," ","","","","",""," ",""
"   747"," ","","","","",""," ",""
"   749"," ","","","","",""," ",""
"   787"," ","","","","",""," ",""
"   900"," ","","","","",""," ",""
"   956"," ","","","","",""," ",""
"   959"," ","","","","",""," ",""
"   963"," ","","","","",""," ",""
"45200"," ","","","","",""," ",""
"49501"," ","","","","",""," ",""
"00/52"," ","","","","",""," ",""
"00/2"," ","","","","",""," ",""
"00/39"," ","","","","",""," ",""
"00/71"," ","","","","",""," ",""
"00/73"," ","","","","",""," ",""
"00/74"," ","","","","",""," ",""
"8095"," ","","","","",""," ",""
"8099"," ","","","","",""," ",""
"8112"," ","","","","",""," ",""
"8122"," ","","","","",""," ",""
"8141"," ","","","","",""," ",""
"10021"," ","","","","",""," ",""
"10024"," ","","","","",""," ",""
"10036"," ","","","","",""," ",""
"22369"," ","","","","",""," ",""
"22456"," ","","","","",""," ",""
"23221"," ","","","","",""," ",""
"23406"," ","","","","",""," ",""
"24077"," ","","","","",""," ",""
"25040"," ","","","","",""," ",""
"25049"," ","","","","",""," ",""
"25077"," ","","","","",""," ",""
"25108"," ","","","","",""," ",""
"25118"," ","","","","",""," ",""
"25120"," ","","","","",""," ",""
"25208"," ","","","","",""," ",""
"25258"," ","","","","",""," ",""
"25342"," ","","","","",""," ",""
"25343"," ","","","","",""," ",""
"003JB"," ","","","","",""," ",""
"003RS"," ","","","","",""," ",""
"004"," ","","","","",""," ",""
"005"," ","","","","",""," ",""
"005G"," ","","","","",""," ",""
"006"," ","","","","",""," ",""
"007"," ","","","","",""," ",""
"007JB"," ","","","","",""," ",""
"008"," ","","","","",""," ",""
"008G"," ","","","","",""," ",""
"009"," ","","","","",""," ",""
"010"," ","","","","",""," ",""
"011"," ","","","","",""," ",""
"011SA"," ","","","","",""," ",""
"012"," ","","","","",""," ",""
"012345678901"," ","","","","",""," ",""
"012G"," ","","","","",""," ",""
"013"," ","","","","",""," ",""
"014"," ","","","","",""," ",""
"014G"," ","","","","",""," ",""
"014JB"," ","","","","",""," ",""
"015"," ","","","","",""," ",""
"015G"," ","","","","",""," ",""
"015SA"," ","","","","",""," ",""
"016"," ","","","","",""," ",""
"017"," ","","","","",""," ",""
"017SA"," ","","","","",""," ",""
"018"," ","","","","",""," ",""
"019"," ","","","","",""," ",""
"019G"," ","","","","",""," ",""
"020"," ","","","","",""," ",""
"022"," ","","","","",""," ",""
"023"," ","","","","",""," ",""
"023SA"," ","","","","",""," ",""
"026"," ","","","","",""," ",""
"027"," ","","","","",""," ",""
"028"," ","","","","",""," ",""
"1"," ","","","","",""," ",""
"10+7"," ","","","","",""," ",""
"111"," ","","","","",""," ",""
"113"," ","","","","",""," ",""
"114"," ","","","","",""," ",""
"11406645"," ","","","","",""," ",""
"14"," ","","","","",""," ",""
"147"," ","","","","",""," ",""
"1511"," ","","","","",""," ",""
"1512"," ","","","","",""," ",""
"1524"," ","","","","",""," ",""
"1527"," ","","","","",""," ",""
"1529"," ","","","","",""," ",""
"1530"," ","","","","",""," ",""
"1539"," ","","","","",""," ",""
"1541"," ","","","","",""," ",""
"1549"," ","","","","",""," ",""
"1550"," ","","","","",""," ",""
"1557"," ","","","","",""," ",""
"1563"," ","","","","",""," ",""
"1566"," ","","","","",""," ",""
"157"," ","","","","",""," ",""
"1571"," ","","","","",""," ",""
"1572"," ","","","","",""," ",""
"1574"," ","","","","",""," ",""
"1575"," ","","","","",""," ",""
"1579"," ","","","","",""," ",""
"1584"," ","","","","",""," ",""
"1586"," ","","","","",""," ",""
"1588"," ","","","","",""," ",""
"1590"," ","","","","",""," ",""
"1591"," ","","","","",""," ",""
"1592"," ","","","","",""," ",""
"1593"," ","","","","",""," ",""
"1594"," ","","","","",""," ",""
"1595"," ","","","","",""," ",""
"1598"," ","","","","",""," ",""
"1599"," ","","","","",""," ",""
"16"," ","","","","",""," ",""
"1602"," ","","","","",""," ",""
"170"," ","","","","",""," ",""
"171"," ","","","","",""," ",""
"179"," ","","","","",""," ",""
"187"," ","","","","",""," ",""
"196"," ","","","","",""," ",""
"2"," ","","","","",""," ",""
"204"," ","","","","",""," ",""
"2051"," ","","","","",""," ",""
"220133"," ","","","","",""," ",""
"220142"," ","","","","",""," ",""
"2212"," ","","","","",""," ",""
"224"," ","","","","",""," ",""
"226"," ","","","","",""," ",""
"229"," ","","","","",""," ",""
"231"," ","","","","",""," ",""
"270060"," ","","","","",""," ",""
"270085"," ","","","","",""," ",""
"2801"," ","","","","",""," ",""
"2802"," ","","","","",""," ",""
"2803"," ","","","","",""," ",""
"2804"," ","","","","",""," ",""
"2806"," ","","","","",""," ",""
"2808"," ","","","","",""," ",""
"2811"," ","","","","",""," ",""
"2813"," ","","","","",""," ",""
"2814"," ","","","","",""," ",""
"2816"," ","","","","",""," ",""
"2818"," ","","","","",""," ",""
"2820"," ","","","","",""," ",""
"2823"," ","","","","",""," ",""
"2825"," ","","","","",""," ",""
"2826"," ","","","","",""," ",""
"2827"," ","","","","",""," ",""
"2828"," ","","","","",""," ",""
"2829"," ","","","","",""," ",""
"2831"," ","","","","",""," ",""
"2832"," ","","","","",""," ",""
"2836"," ","","","","",""," ",""
"2837"," ","","","","",""," ",""
"2841"," ","","","","",""," ",""
"2842"," ","","","","",""," ",""
"2844"," ","","","","",""," ",""
"2845"," ","","","","",""," ",""
"2852"," ","","","","",""," ",""
"2853"," ","","","","",""," ",""
"2855"," ","","","","",""," ",""
"2856"," ","","","","",""," ",""
"2860"," ","","","","",""," ",""
"2861"," ","","","","",""," ",""
"2862"," ","","","","",""," ",""
"2863"," ","","","","",""," ",""
"2864"," ","","","","",""," ",""
"2869"," ","","","","",""," ",""
"2871"," ","","","","",""," ",""
"3"," ","","","","",""," ",""
"30033"," ","","","","",""," ",""
"321"," ","","","","",""," ",""
"369"," ","","","","",""," ",""
"3801"," ","","","","",""," ",""
"3802"," ","","","","",""," ",""
"3803"," ","","","","",""," ",""
"3804"," ","","","","",""," ",""
"3805"," ","","","","",""," ",""
"3806"," ","","","","",""," ",""
"3808"," ","","","","",""," ",""
"3809"," ","","","","",""," ",""
"3810"," ","","","","",""," ",""
"3811"," ","","","","",""," ",""
"3812"," ","","","","",""," ",""
"3813"," ","","","","",""," ",""
"3815"," ","","","","",""," ",""
"3816"," ","","","","",""," ",""
"3817"," ","","","","",""," ",""
"3818"," ","","","","",""," ",""
"3819"," ","","","","",""," ",""
"3820"," ","","","","",""," ",""
"3821"," ","","","","",""," ",""
"3822"," ","","","","",""," ",""
"3823"," ","","","","",""," ",""
"3824"," ","","","","",""," ",""
"3826"," ","","","","",""," ",""
"3828"," ","","","","",""," ",""
"3829"," ","","","","",""," ",""
"3831"," ","","","","",""," ",""
"3832"," ","","","","",""," ",""
"3833"," ","","","","",""," ",""
"3835"," ","","","","",""," ",""
"3837"," ","","","","",""," ",""
"3838"," ","","","","",""," ",""
"3839"," ","","","","",""," ",""
"3841"," ","","","","",""," ",""
"3842"," ","","","","",""," ",""
"3843"," ","","","","",""," ",""
"3844"," ","","","","",""," ",""
"3845"," ","","","","",""," ",""
"3846"," ","","","","",""," ",""
"3847"," ","","","","",""," ",""
"3848"," ","","","","",""," ",""
"3849"," ","","","","",""," ",""
"3850"," ","","","","",""," ",""
"3851"," ","","","","",""," ",""
"3852"," ","","","","",""," ",""
"3853"," ","","","","",""," ",""
"3854"," ","","","","",""," ",""
"3855"," ","","","","",""," ",""
"3856"," ","","","","",""," ",""
"3857"," ","","","","",""," ",""
"3858"," ","","","","",""," ",""
"3859"," ","","","","",""," ",""
"3860"," ","","","","",""," ",""
"3861"," ","","","","",""," ",""
"3862"," ","","","","",""," ",""
"3863"," ","","","","",""," ",""
"3864"," ","","","","",""," ",""
"3865"," ","","","","",""," ",""
"387"," ","","","","",""," ",""
"40"," ","","","","",""," ",""
"418"," ","","","","",""," ",""
"450"," ","","","","",""," ",""
"453"," ","","","","",""," ",""
"459"," ","","","","",""," ",""
"465"," ","","","","",""," ",""
"4801"," ","","","","",""," ",""
"4803"," ","","","","",""," ",""
"4804"," ","","","","",""," ",""
"4805"," ","","","","",""," ",""
"4806"," ","","","","",""," ",""
"4807"," ","","","","",""," ",""
"4810"," ","","","","",""," ",""
"4811"," ","","","","",""," ",""
"4812"," ","","","","",""," ",""
"4813"," ","","","","",""," ",""
"4814"," ","","","","",""," ",""
"4815"," ","","","","",""," ",""
"4816"," ","","","","",""," ",""
"4817"," ","","","","",""," ",""
"4818"," ","","","","",""," ",""
"4819"," ","","","","",""," ",""
"4820"," ","","","","",""," ",""
"4822"," ","","","","",""," ",""
"4823"," ","","","","",""," ",""
"4824"," ","","","","",""," ",""
"4825"," ","","","","",""," ",""
"4826"," ","","","","",""," ",""
"4827"," ","","","","",""," ",""
"4828"," ","","","","",""," ",""
"4829"," ","","","","",""," ",""
"4830"," ","","","","",""," ",""
"4831"," ","","","","",""," ",""
"4832"," ","","","","",""," ",""
"4833"," ","","","","",""," ",""
"4834"," ","","","","",""," ",""
"4835"," ","","","","",""," ",""
"4836"," ","","","","",""," ",""
"4837"," ","","","","",""," ",""
"4838"," ","","","","",""," ",""
"4839"," ","","","","",""," ",""
"4840"," ","","","","",""," ",""
"4841"," ","","","","",""," ",""
"4842"," ","","","","",""," ",""
"4843"," ","","","","",""," ",""
"4844"," ","","","","",""," ",""
"4845"," ","","","","",""," ",""
"4846"," ","","","","",""," ",""
"4847"," ","","","","",""," ",""
"4849"," ","","","","",""," ",""
"4850"," ","","","","",""," ",""
"4851"," ","","","","",""," ",""
"4852"," ","","","","",""," ",""
"4853"," ","","","","",""," ",""
"4854"," ","","","","",""," ",""
"4855"," ","","","","",""," ",""
"4856"," ","","","","",""," ",""
"4857"," ","","","","",""," ",""
"4858"," ","","","","",""," ",""
"4859"," ","","","","",""," ",""
"4860"," ","","","","",""," ",""
"4861"," ","","","","",""," ",""
"4862"," ","","","","",""," ",""
"4863"," ","","","","",""," ",""
"4864"," ","","","","",""," ",""
"4865"," ","","","","",""," ",""
"4866"," ","","","","",""," ",""
"4867"," ","","","","",""," ",""
"4868"," ","","","","",""," ",""
"4869"," ","","","","",""," ",""
"4870"," ","","","","",""," ",""
"4871"," ","","","","",""," ",""
"4872"," ","","","","",""," ",""
"4873"," ","","","","",""," ",""
"4874"," ","","","","",""," ",""
"4893"," ","","","","",""," ",""
"505"," ","","","","",""," ",""
"529"," ","","","","",""," ",""
"5334"," ","","","","",""," ",""
"536"," ","","","","",""," ",""
"537"," ","","","","",""," ",""
"546"," ","","","","",""," ",""
"549"," ","","","","",""," ",""
"550"," ","","","","",""," ",""
"557"," ","","","","",""," ",""
"558"," ","","","","",""," ",""
"559"," ","","","","",""," ",""
"562"," ","","","","",""," ",""
"563"," ","","","","",""," ",""
"567"," ","","","","",""," ",""
"571"," ","","","","",""," ",""
"577"," ","","","","",""," ",""
"579"," ","","","","",""," ",""
"58"," ","","","","",""," ",""
"581"," ","","","","",""," ",""
"582"," ","","","","",""," ",""
"584"," ","","","","",""," ",""
"585"," ","","","","",""," ",""
"586"," ","","","","",""," ",""
"587"," ","","","","",""," ",""
"589"," ","","","","",""," ",""
"592"," ","","","","",""," ",""
"6"," ","","","","",""," ",""
"6004"," ","","","","",""," ",""
"6050"," ","","","","",""," ",""
"6074"," ","","","","",""," ",""
"6076"," ","","","","",""," ",""
"6078"," ","","","","",""," ",""
"6080"," ","","","","",""," ",""
"6159"," ","","","","",""," ",""
"6191"," ","","","","",""," ",""
"6198"," ","","","","",""," ",""
"6209"," ","","","","",""," ",""
"6210"," ","","","","",""," ",""
"6217"," ","","","","",""," ",""
"6220"," ","","","","",""," ",""
"6239"," ","","","","",""," ",""
"6243"," ","","","","",""," ",""
"6286"," ","","","","",""," ",""
"63"," ","","","","",""," ",""
"6304"," ","","","","",""," ",""
"6309"," ","","","","",""," ",""
"6324"," ","","","","",""," ",""
"6328"," ","","","","",""," ",""
"6329"," ","","","","",""," ",""
"6500"," ","","","","",""," ",""
"6502"," ","","","","",""," ",""
"6505"," ","","","","",""," ",""
"6510"," ","","","","",""," ",""
"6511"," ","","","","",""," ",""
"6512"," ","","","","",""," ",""
"6514"," ","","","","",""," ",""
"6515"," ","","","","",""," ",""
"6516"," ","","","","",""," ",""
"6517"," ","","","","",""," ",""
"6562"," ","","","","",""," ",""
"670"," ","","","","",""," ",""
"7002"," ","","","","",""," ",""
"7003"," ","","","","",""," ",""
"7009"," ","","","","",""," ",""
"7013"," ","","","","",""," ",""
"7014"," ","","","","",""," ",""
"7015"," ","","","","",""," ",""
"7016"," ","","","","",""," ",""
"7017"," ","","","","",""," ",""
"7018"," ","","","","",""," ",""
"7021"," ","","","","",""," ",""
"71"," ","","","","",""," ",""
"7103235"," ","","","","",""," ",""
"7211"," ","","","","",""," ",""
"7509"," ","","","","",""," ",""
"7510"," ","","","","",""," ",""
"7511"," ","","","","",""," ",""
"7512"," ","","","","",""," ",""
"7540"," ","","","","",""," ",""
"7591"," ","","","","",""," ",""
"7599"," ","","","","",""," ",""
"7607"," ","","","","",""," ",""
"7612"," ","","","","",""," ",""
"76301"," ","","","","",""," ",""
"7635"," ","","","","",""," ",""
"7660"," ","","","","",""," ",""
"7737"," ","","","","",""," ",""
"7839"," ","","","","",""," ",""
"7873"," ","","","","",""," ",""
"7889"," ","","","","",""," ",""
"80"," ","","","","",""," ",""
"8002"," ","","","","",""," ",""
"81"," ","","","","",""," ",""
"8108"," ","","","","",""," ",""
"8118"," ","","","","",""," ",""
"8119"," ","","","","",""," ",""
"812"," ","","","","",""," ",""
"8130"," ","","","","",""," ",""
"82"," ","","","","",""," ",""
"83"," ","","","","",""," ",""
"8506"," ","","","","",""," ",""
"8516"," ","","","","",""," ",""
"8522"," ","","","","",""," ",""
"8526"," ","","","","",""," ",""
"8527"," ","","","","",""," ",""
"85341"," ","","","","",""," ",""
"8536"," ","","","","",""," ",""
"8538"," ","","","","",""," ",""
"8539"," ","","","","",""," ",""
"8551"," ","","","","",""," ",""
"8553"," ","","","","",""," ",""
"8554"," ","","","","",""," ",""
"8555"," ","","","","",""," ",""
"8560"," ","","","","",""," ",""
"8562"," ","","","","",""," ",""
"8566"," ","","","","",""," ",""
"8571"," ","","","","",""," ",""
"8573"," ","","","","",""," ",""
"8574"," ","","","","",""," ",""
"8581"," ","","","","",""," ",""
"8588"," ","","","","",""," ",""
"8589"," ","","","","",""," ",""
"8599"," ","","","","",""," ",""
"8601"," ","","","","",""," ",""
"8606"," ","","","","",""," ",""
"8615"," ","","","","",""," ",""
"895"," ","","","","",""," ",""
"9513"," ","","","","",""," ",""
"9514"," ","","","","",""," ",""
"9518"," ","","","","",""," ",""
"9545"," ","","","","",""," ",""
"9546"," ","","","","",""," ",""
"9557"," ","","","","",""," ",""
"9562"," ","","","","",""," ",""
"9566"," ","","","","",""," ",""
"9568"," ","","","","",""," ",""
"9570"," ","","","","",""," ",""
"9580"," ","","","","",""," ",""
"9582"," ","","","","",""," ",""
"9586"," ","","","","",""," ",""
"9589"," ","","","","",""," ",""
"96148"," ","","","","",""," ",""
"96150"," ","","","","",""," ",""
"96169"," ","","","","",""," ",""
"96186"," ","","","","",""," ",""
"96246"," ","","","","",""," ",""
"96253"," ","","","","",""," ",""
"AAA1"," ","","","","",""," ",""
"D0118"," ","","","","",""," ",""
"D0141"," ","","","","",""," ",""
"D0159"," ","","","","",""," ",""
"D0173"," ","","","","",""," ",""
"D6002"," ","","","","",""," ",""
"D6014"," ","","","","",""," ",""
"D6028"," ","","","","",""," ",""
"D8001"," ","","","","",""," ",""
"D8002"," ","","","","",""," ",""
"D8007"," ","","","","",""," ",""
"D8010"," ","","","","",""," ",""
"D8011"," ","","","","",""," ",""
"D8012"," ","","","","",""," ",""
"D8017"," ","","","","",""," ",""
"D8018"," ","","","","",""," ",""
"D8021"," ","","","","",""," ",""
"D8031"," ","","","","",""," ",""
"D8032"," ","","","","",""," ",""
"D8035"," ","","","","",""," ",""
"D8038"," ","","","","",""," ",""
"D8040"," ","","","","",""," ",""
"D8042"," ","","","","",""," ",""
"D8044"," ","","","","",""," ",""
"D8046"," ","","","","",""," ",""
"D8048"," ","","","","",""," ",""
"D8051"," ","","","","",""," ",""
"D8053"," ","","","","",""," ",""
"D8056"," ","","","","",""," ",""
"D8057"," ","","","","",""," ",""
"D8058"," ","","","","",""," ",""
"D8059"," ","","","","",""," ",""
"D8060"," ","","","","",""," ",""
"D8068"," ","","","","",""," ",""
"D8070"," ","","","","",""," ",""
"D8071"," ","","","","",""," ",""
"D8072"," ","","","","",""," ",""
"D8073"," ","","","","",""," ",""
"D8075"," ","","","","",""," ",""
"D8076"," ","","","","",""," ",""
"D8077"," ","","","","",""," ",""
"D8082"," ","","","","",""," ",""
"D8083"," ","","","","",""," ",""
"D8084"," ","","","","",""," ",""
"D8086"," ","","","","",""," ",""
"D8087"," ","","","","",""," ",""
"D8088"," ","","","","",""," ",""
"D8089"," ","","","","",""," ",""
"D8096"," ","","","","",""," ",""
"D8099"," ","","","","",""," ",""
"D80990"," ","","","","",""," ",""
"D8101"," ","","","","",""," ",""
"D8103"," ","","","","",""," ",""
"D8107"," ","","","","",""," ",""
"D8109"," ","","","","",""," ",""
"D8110"," ","","","","",""," ",""
"D8112"," ","","","","",""," ",""
"D8113"," ","","","","",""," ",""
"D8118"," ","","","","",""," ",""
"D8125"," ","","","","",""," ",""
"D8126"," ","","","","",""," ",""
"D8128"," ","","","","",""," ",""
"D8130"," ","","","","",""," ",""
"D8131"," ","","","","",""," ",""
"D8132"," ","","","","",""," ",""
"D8133"," ","","","","",""," ",""
"D8141"," ","","","","",""," ",""
"D8145"," ","","","","",""," ",""
"D8146"," ","","","","",""," ",""
"D8148"," ","","","","",""," ",""
"D8150"," ","","","","",""," ",""
"D8153"," ","","","","",""," ",""
"D8155"," ","","","","",""," ",""
"E8004"," ","","","","",""," ",""
"E8019"," ","","","","",""," ",""
"E8037"," ","","","","",""," ",""
"23330"," ","","","","",""," ",""
"25204"," ","","","","",""," ",""
"25290"," ","","","","",""," ",""
"25349"," ","","","","",""," ",""
"25372"," ","","","","",""," ",""
"26005"," ","","","","",""," ",""
"26036"," ","","","","",""," ",""
"27029"," ","","","","",""," ",""
"27041"," ","","","","",""," ",""
"27058"," ","","","","",""," ",""
"27065"," ","","","","",""," ",""
"27111"," ","","","","",""," ",""
"27141"," ","","","","",""," ",""
"27187"," ","","","","",""," ",""
"27192"," ","","","","",""," ",""
"27219"," ","","","","",""," ",""
"27228"," ","","","","",""," ",""
"27321"," ","","","","",""," ",""
"27323"," ","","","","",""," ",""
"27370"," ","","","","",""," ",""
"28010"," ","","","","",""," ",""
"28020"," ","","","","",""," ",""
"28022"," ","","","","",""," ",""
"28029"," ","","","","",""," ",""
"28034"," ","","","","",""," ",""
"28055"," ","","","","",""," ",""
"28061"," ","","","","",""," ",""
"28076"," ","","","","",""," ",""
"28082"," ","","","","",""," ",""
"28084"," ","","","","",""," ",""
"28093"," ","","","","",""," ",""
"29067"," ","","","","",""," ",""
"29071"," ","","","","",""," ",""
"29073"," ","","","","",""," ",""
"29075"," ","","","","",""," ",""
"29079"," ","","","","",""," ",""
"29082"," ","","","","",""," ",""
"29084"," ","","","","",""," ",""
"29088"," ","","","","",""," ",""
"29097"," ","","","","",""," ",""
"29102"," ","","","","",""," ",""
"29103"," ","","","","",""," ",""
"29104"," ","","","","",""," ",""
"29104B"," ","","","","",""," ",""
"29105"," ","","","","",""," ",""
"29108"," ","","","","",""," ",""
"29112"," ","","","","",""," ",""
"29116"," ","","","","",""," ",""
"29118"," ","","","","",""," ",""
"29119"," ","","","","",""," ",""
"29120"," ","","","","",""," ",""
"29121"," ","","","","",""," ",""
"29122"," ","","","","",""," ",""
"29131"," ","","","","",""," ",""
"29132"," ","","","","",""," ",""
"29133"," ","","","","",""," ",""
"29134"," ","","","","",""," ",""
"29135"," ","","","","",""," ",""
"29139"," ","","","","",""," ",""
"29140"," ","","","","",""," ",""
"29143"," ","","","","",""," ",""
"29153"," ","","","","",""," ",""
"29156"," ","","","","",""," ",""
"29157R"," ","","","","",""," ",""
"29159"," ","","","","",""," ",""
"29160"," ","","","","",""," ",""
"29161"," ","","","","",""," ",""
"29165"," ","","","","",""," ",""
"29167"," ","","","","",""," ",""
"29168"," ","","","","",""," ",""
"29171"," ","","","","",""," ",""
"29173"," ","","","","",""," ",""
"29174"," ","","","","",""," ",""
"29175"," ","","","","",""," ",""
"22354"," ","","","","",""," ",""
"9206"," ","","","","",""," ",""
"23257"," ","","","","",""," ",""
"    13"," ","","","","",""," ",""
"20231"," ","","","","",""," ",""
"24339"," ","","","","",""," ",""
"25145"," ","","","","",""," ",""
"23136"," ","","","","",""," ",""
"24075"," ","","","","",""," ",""
"22318"," ","","","","",""," ",""
"2526"," ","","","","",""," ",""
"89"," ","","","","",""," ",""
"2260"," ","","","","",""," ",""
"85"," ","","","","",""," ",""
"25"," ","","","","",""," ",""
"22"," ","","","","",""," ",""
"66"," ","","","","",""," ",""
"604"," ","","","","",""," ",""
"88"," ","","","","",""," ",""
"77"," ","","","","",""," ",""
