"Madre","Fnac","Nombre","Tipologia","Npartos","Nabortos","Nservicios","Lote","Observacion","FaproxParto","IDA","fepre","fecs","FECUP","Vaquera"
"    16","1994-01-01 00:00:00","","VACA PROD.VACIA","0","0","0"," A MEDIA LOTE 33 ","TRANSFERENCIA AUTOMATICA","","0","","","1998-05-01 00:00:00","Rebaño de la Finca"
"   668","1991-10-21 00:00:00","OREJA GACHA","VACA PROD.VACIA","4","","1","L1 VAC ORD","TIENE LA OREJA IZQ. GACHA","","0","","","1999-04-29 00:00:00","Rebaño de la Finca"
"   670","1992-03-05 00:00:00","BERTA","VACA PREÑADA","5","","0"," A MEDIA LOTE 33 ","","2018-04-14 00:00:00","0","2017-07-08 00:00:00","","1999-05-23 00:00:00","Rebaño de la Finca"
"   684","1992-01-01 00:00:00","CHOCOLATE","VACA PROD.VACIA","5","","1","L1 VAC ORD","","","0","","","1999-05-22 00:00:00","Rebaño de la Finca"
"   731","1992-02-12 00:00:00","BAYA","VACA PROD.VACIA","4","","0","L1 VAC ORD","","","0","","","1999-06-13 00:00:00","Rebaño de la Finca"
"   735","1992-06-02 00:00:00","TETA E' GOMA","VACA PROD.VACIA","5","","0","L1 VAC ORD","","","0","","","1999-07-08 00:00:00","Rebaño de la Finca"
"   747","1992-10-15 00:00:00","MIRAFLORES","VACA PROD.VACIA","4","","1","L1 VAC ORD","","1999-08-23 00:00:00","0","1998-11-11 00:00:00","","1999-08-17 00:00:00","Rebaño de la Finca"
"   787","1993-11-01 00:00:00","MELODIA","VACA PROD.VACIA","4","","1","L1 VAC ORD","","","0","","","1999-08-12 00:00:00","Rebaño de la Finca"
"   900","1993-10-10 00:00:00","COLORETE","VACA PROD.VACIA","3","","1","L1 VAC ORD","","","0","","","1999-06-10 00:00:00","Rebaño de la Finca"
"   956","1995-03-03 00:00:00","JUANA","VACA PROD.VACIA","3","","1","L1 VAC ORD","","","0","","","1999-06-10 00:00:00","Rebaño de la Finca"
"   959","1995-07-10 00:00:00","TORIBIA","VACA PROD.VACIA","3","","1","L1 VAC ORD","","","0","","","1999-08-15 00:00:00","Rebaño de la Finca"
"   963","1995-04-10 00:00:00","MOTOCICLETA","VACA PROD.VACIA","2","","0","L1 VAC ORD","CUERNOS HACIA ABAJO","","0","","","1999-09-10 00:00:00","Rebaño de la Finca"
"45200","2006-02-17 00:00:00","","VACA VACIA","2","","0","LOTE IA","","","0","","","2010-01-20 00:00:00",""
"00/2","2000-10-23 00:00:00","","VACA VACIA SIN CRIA","1","","1","NOVILLAS INSEMINADAS 2012","","","0","","","2014-10-18 00:00:00",""
"003JB","1988-11-11 00:00:00","003JB","VACA VACIA SIN CRIA","3","1","0","2 MACHOS","","","0","","","2001-06-22 00:00:00",""
"004","1988-11-11 00:00:00","004SA","VACA VACIA","3","0","1","3 HEMBRAS","","","0","","","2001-06-22 00:00:00","Rebaño de la Finca"
"005","1988-11-11 00:00:00","005EF","VACA VACIA","2","0","0","L1 VAC ORD","","","0","","","1999-07-02 00:00:00","Rebaño de la Finca"
"007","1988-11-11 00:00:00","007SA","VACA VACIA","2","0","0","L1 VAC ORD","","","0","","","2003-05-02 00:00:00","Rebaño de la Finca"
"007JB","1988-11-11 00:00:00","007JB","VACA VACIA SIN CRIA","1","1","0","L1","","","0","","","1998-03-23 00:00:00","Rebaño de la Finca"
"009","1988-11-11 00:00:00","009SA","VACA VACIA","0","0","1","L1","","1998-03-13 00:00:00","0","1997-06-01 00:00:00","","","Rebaño de la Finca"
"010","1988-11-11 00:00:00","010SA","VACA VACIA SIN CRIA","0","1","0","L1","","","0","","","","Rebaño de la Finca"
"011","1988-11-11 00:00:00","011JB","VACA VACIA SIN CRIA","2","0","1","L1 VAC ORD","","","0","","","2001-06-22 00:00:00","Rebaño de la Finca"
"012","1988-11-11 00:00:00","012JB","VACA PROD.VACIA","1","1","0","L1","T MORT.","","0","","","1998-03-25 00:00:00","Rebaño de la Finca"
"012345678901","1991-04-09 00:00:00","","VACA VACIA","5","1","0","LOTE IA","","","0","","","2000-07-29 00:00:00","Rebaño de la Finca"
"012G","1988-11-11 00:00:00","012G","VACA PREÑADA","0","0","0","L1","","1999-03-14 00:00:00","0","1998-06-17 00:00:00","","","Rebaño de la Finca"
"013","1988-11-11 00:00:00","013SA","VACA PREÑADA","0","0","0","L1","MADRE DEL OREJA MOCHA","1999-04-13 00:00:00","0","1998-07-17 00:00:00","","","Rebaño de la Finca"
"014","1988-11-11 00:00:00","014SA","VACA VACIA","1","0","0","L1","","","0","","","1998-03-16 00:00:00","Rebaño de la Finca"
"014G","1988-11-11 00:00:00","014G","VACA PREÑADA","0","0","0","L1","P.280","1998-04-13 00:00:00","0","1997-07-02 00:00:00","","","Rebaño de la Finca"
"014JB","1980-11-11 00:00:00","014JB","VACA VACIA","1","0","0","L1","","","0","","","2014-11-27 00:00:00","Rebaño de la Finca"
"015","1988-11-01 00:00:00","015JB","VACA PREÑADA","1","0","0","L1","","1999-02-12 00:00:00","0","1998-05-18 00:00:00","","1998-04-15 00:00:00","Rebaño de la Finca"
"015G","1988-11-11 00:00:00","015G","VACA VACIA","0","0","0","L1","","","0","","","","Rebaño de la Finca"
"015SA","1988-11-11 00:00:00","015SA","VACA VACIA","0","0","0","L1","","","0","","","","Rebaño de la Finca"
"016","1988-11-11 00:00:00","016G","VACA VACIA","1","0","0","L1","","","0","","","1998-04-21 00:00:00","Rebaño de la Finca"
"017","1988-11-11 00:00:00","017G","VACA PREÑADA","0","0","0","L1","","1998-03-15 00:00:00","0","1997-06-03 00:00:00","","","Rebaño de la Finca"
"017SA","1988-11-11 00:00:00","017SA","VACA PREÑADA","0","0","0","L1","","1998-04-13 00:00:00","0","1997-07-02 00:00:00","","","Rebaño de la Finca"
"018","1988-11-11 00:00:00","018G","VACA VACIA","1","0","0","L1","","","0","","","1998-04-29 00:00:00","Rebaño de la Finca"
"019","1988-11-11 00:00:00","019SA","VACA PREÑADA","0","0","0","L1","","1999-03-29 00:00:00","0","1998-07-02 00:00:00","","","Rebaño de la Finca"
"019G","1988-11-11 00:00:00","019G","VACA PREÑADA","0","0","0","L1","","1999-03-14 00:00:00","0","1998-06-17 00:00:00","","","Rebaño de la Finca"
"027","1988-11-11 00:00:00","027SA","VACA PREÑADA","0","0","0","L1","","1998-04-03 00:00:00","0","1997-06-22 00:00:00","","","Rebaño de la Finca"
"028","1988-11-11 00:00:00","028G","VACA PREÑADA","0","0","0","L1","","1999-03-14 00:00:00","0","1998-06-17 00:00:00","","","Rebaño de la Finca"
"111","1997-05-08 00:00:00","111","VACA VACIA","","","0","","","","0","","","2000-02-16 00:00:00","Rebaño de la Finca"
"1512","1990-06-08 00:00:00","MACANILLA","VACA VACIA","3","0","0","7 MATADERO","8-98 4-98","","0","","","1998-03-19 00:00:00","Rebaño de la Finca"
"1529","1990-06-08 00:00:00","BARCELONA","VACA VACIA","4","0","1","7 MATADERO","8-98 4-98","","0","","","2001-06-26 00:00:00","Rebaño de la Finca"
"1549","1990-06-08 00:00:00","LA GRINGA","VACA VACIA SIN CRIA","5","0","1","7 MATADERO","8-98 4-98","","0","","","2001-07-03 00:00:00","Rebaño de la Finca"
"1557","1991-06-08 00:00:00","DANGER","VACA PREÑADA","3","1","0","7 MATADERO","8-98 4-98","2000-05-06 00:00:00","0","1999-08-05 00:00:00","","1999-02-14 00:00:00","Rebaño de la Finca"
"1572","1991-06-08 00:00:00","CAMPANITA","VACA PREÑADA","4","0","0","7 MATADERO","8-98 4-98","2000-07-16 00:00:00","0","1999-10-15 00:00:00","","1999-03-11 00:00:00","Rebaño de la Finca"
"1579","1991-06-08 00:00:00","DOBLE CENA","VACA VACIA SIN CRIA","4","0","0","7 MATADERO","8-98 4-98","","0","","","1999-04-19 00:00:00","Rebaño de la Finca"
"1599","1991-06-13 00:00:00","KARINITA","VACA VACIA","4","0","0","7 MATADERO","8-98 4-98","","0","","","1999-03-14 00:00:00","Rebaño de la Finca"
"1602","1991-06-08 00:00:00","FRANCY","VACA VACIA","4","0","0","7 MATADERO","8-98 4-98","","0","","","1998-11-27 00:00:00","Rebaño de la Finca"
"187","1988-06-07 00:00:00","PALMA SOLA","VACA SECA/HORRA","2","2","0","7 MATADERO","8-98 4-98","1999-04-02 00:00:00","0","1998-07-06 00:00:00","","1998-03-07 00:00:00","Rebaño de la Finca"
"204","1988-06-07 00:00:00","MEDIA JARRA","VACA SECA/HORRA","3","0","0","7 MATADERO","8-98 4-98","1999-06-01 00:00:00","0","1998-09-04 00:00:00","","1998-08-18 00:00:00","Rebaño de la Finca"
"2051","1983-05-10 00:00:00","","VACA VACIA","12","0","0","","VIENE POR TRANSFERENCIA DEL SISTEMA PROGAN...","","0","","","1999-02-02 00:00:00","El ROBLE"
"2212","1998-03-14 00:00:00","","VACA VACIA","9","0","0","","VIENE POR TRANSFERENCIA DEL SISTEMA PROGAN...","","0","","","1998-09-19 00:00:00","El ROBLE"
"224","1988-06-07 00:00:00","SIETE CUERO","VACA VACIA","3","0","0","7 MATADERO","8-98 4-98","1998-09-21 00:00:00","0","1997-12-10 00:00:00","","1997-07-19 00:00:00","Rebaño de la Finca"
"229","1998-03-14 00:00:00","","VACA VACIA","7","0","0","","VIENE POR TRANSFERENCIA DEL SISTEMA PROGAN...","","0","","","1999-03-23 00:00:00","El ROBLE"
"231","1988-06-07 00:00:00","MATEGUAN","VACA VACIA","3","1","0","7 MATADERO","8-98 4-98","","0","","","1998-11-29 00:00:00","Rebaño de la Finca"
"2801","1991-06-08 00:00:00","ROSITA","VACA VACIA","4","0","0","7 MATADERO","8-98 4-98","","0","","","1999-06-28 00:00:00","Rebaño de la Finca"
"2806","1991-06-13 00:00:00","CARABOBO","VACA VACIA","4","0","0","7 MATADERO","8-98 4-98","","0","","","1999-04-02 00:00:00","Rebaño de la Finca"
"2808","1991-06-13 00:00:00","GUACHARACA","VACA VACIA","4","0","0","7 MATADERO","8-98 4-98","","0","","","1998-10-28 00:00:00","Rebaño de la Finca"
"2811","1991-06-13 00:00:00","COMPOTA","VACA VACIA","4","0","0","7 MATADERO","8-98 4-98","","0","","","1999-03-21 00:00:00","Rebaño de la Finca"
"2814","1992-06-09 00:00:00","TRAJE DE NOVIA","VACA VACIA","3","0","0","7 MATADERO","8-98 4-98","","0","","","1998-10-07 00:00:00","Rebaño de la Finca"
"2816","1992-06-09 00:00:00","CARSOLEÑA","VACA VACIA","2","1","0","7 MATADERO","8-98 4-98","","0","","","1999-03-16 00:00:00","Rebaño de la Finca"
"2826","1991-06-08 00:00:00","BIZCOCHUELO","VACA SECA/HORRA","3","0","0","7 MATADERO","8-98 4-98","1999-04-02 00:00:00","0","1998-07-06 00:00:00","","1998-06-15 00:00:00","Rebaño de la Finca"
"2827","1992-06-09 00:00:00"," APUREÑA","VACA VACIA","3","0","0","7 MATADERO","8-98 4-98","","0","","","1999-03-25 00:00:00","Rebaño de la Finca"
"2829","1992-06-09 00:00:00","FONDO BLANCO","VACA VACIA","3","0","0","7 MATADERO","8-98 4-98","","0","","","1999-01-19 00:00:00","Rebaño de la Finca"
"2837","1992-06-09 00:00:00","MANTEQUILLA","VACA PREÑADA","2","0","0","7 MATADERO","8-98 4-98","1999-05-02 00:00:00","0","1998-08-05 00:00:00","","1997-05-26 00:00:00","Rebaño de la Finca"
"2844","1992-06-09 00:00:00","COMODIN","VACA PREÑADA","3","0","0","7 MATADERO","8-98 4-98","1999-04-02 00:00:00","0","1998-07-06 00:00:00","","1998-05-18 00:00:00","Rebaño de la Finca"
"2845","1992-06-09 00:00:00","DOS CAMINOS","VACA PREÑADA","3","0","0","7 MATADERO","8-98 4-98","1999-07-31 00:00:00","0","1998-11-03 00:00:00","","1998-07-15 00:00:00","Rebaño de la Finca"
"2852","1992-06-12 00:00:00","CARAOTA","VACA VACIA","2","3","0","7 MATADERO","3-98 4-98","","0","","","1998-10-28 00:00:00","Rebaño de la Finca"
"2861","1992-06-09 00:00:00","COCA COLA","VACA PREÑADA","4","0","0","7 MATADERO","8-98 4-98","1999-04-17 00:00:00","0","1998-07-21 00:00:00","","1998-07-28 00:00:00","Rebaño de la Finca"
"2862","1992-06-09 00:00:00","ISABEL","VACA VACIA","2","0","0","7 MATADERO","8-98 4-98","","0","","","1997-08-10 00:00:00","Rebaño de la Finca"
"2869","1992-06-12 00:00:00","AZABACHE","VACA VACIA","3","0","0","7 MATADERO","8-98 4-98","","0","","","1998-11-24 00:00:00","Rebaño de la Finca"
"2871","1992-06-09 00:00:00","MARACUCHA","VACA VACIA","4","0","0","7 MATADERO","8-98 4-98","","0","","","1998-07-02 00:00:00","Rebaño de la Finca"
"3801","1993-06-12 00:00:00","NEGRA ESCLAVA","VACA VACIA","4","0","0","7 MATADERO","8-98 4-98","","0","","","1999-01-04 00:00:00","Rebaño de la Finca"
"3808","1993-06-12 00:00:00","BANDERA","VACA VACIA","4","0","0","7 MATADERO","8-98 4-98","","0","","","1998-11-10 00:00:00","Rebaño de la Finca"
"3813","1993-06-12 00:00:00","NEGRA MATEA","VACA VACIA","4","0","0","7 MATADERO","8-98 4-98","","0","","","1998-11-27 00:00:00","Rebaño de la Finca"
"3815","1993-04-09 00:00:00","BOTIJON","VACA VACIA","4","0","0","7 MATADERO","8-98 4-98","","0","","","1999-04-17 00:00:00","Rebaño de la Finca"
"3816","1993-06-09 00:00:00","MOROCOTA","VACA VACIA","4","0","0","7 MATADERO","8-98 4-98","","0","","","1999-04-04 00:00:00","Rebaño de la Finca"
"3828","1993-06-09 00:00:00","GOLONDRINA","VACA VACIA","4","0","0","7 MATADERO","8-98 4-98","","0","","","1998-09-22 00:00:00","Rebaño de la Finca"
"3837","1993-06-09 00:00:00","ARAUCANA","VACA PROD.VACIA","4","0","0","7 MATADERO","8-98 4-98","","0","","","1998-11-12 00:00:00","Rebaño de la Finca"
"3854","1993-10-31 00:00:00","","VACA PREÑADA","1","1","0","7 MATADERO","8-98 4-98","2001-03-06 00:00:00","0","2000-06-04 00:00:00","","1998-03-07 00:00:00","Rebaño de la Finca"
"3855","1993-11-24 00:00:00","","VACA PROD.VACIA","1","0","0","7 MATADERO","","","0","","","1996-11-12 00:00:00","Rebaño de la Finca"
"3856","1993-11-27 00:00:00","","VACA PREÑADA","0","0","0","7 MATADERO","8-98","1995-09-03 00:00:00","0","1994-12-07 00:00:00","","","Rebaño de la Finca"
"3861","1993-12-12 00:00:00","CARA SUCIA","VACA PREÑADA","1","0","0","7 MATADERO","8-98 4-98","1999-05-02 00:00:00","0","1998-08-05 00:00:00","","1996-06-20 00:00:00","Rebaño de la Finca"
"3865","1993-12-30 00:00:00","GUANOTA","VACA VACIA","3","0","0","7 MATADERO","8-98 4-98","","0","","","1998-04-18 00:00:00","Rebaño de la Finca"
"4801","1994-01-01 00:00:00","DIBUJO","VACA PROD.VACIA","2","0","0","8 VENTA","8-98 4-98","","0","","","1998-05-18 00:00:00","Rebaño de la Finca"
"4810","1994-02-01 00:00:00","MARTA","VACA PREÑADA","2","0","0","7 MATADERO","8-98 4-98","1999-05-02 00:00:00","0","1998-08-05 00:00:00","","1998-04-16 00:00:00","Rebaño de la Finca"
"4811","1994-02-04 00:00:00","BARBARITA","VACA VACIA","4","0","0","8 VENTA","8-98 4-98","","0","","","1999-03-02 00:00:00","Rebaño de la Finca"
"4813","1994-02-06 00:00:00","MEREY","VACA VACIA","2","0","0","7 MATADERO","8-98 4-98","","0","","","1998-08-05 00:00:00","Rebaño de la Finca"
"4814","1994-02-06 00:00:00","LA SIMPSON","VACA VACIA","3","0","0","7 MATADERO","8-98 4-98","","0","","","1998-08-05 00:00:00","Rebaño de la Finca"
"4815","1994-02-06 00:00:00","NUBE LLENA","VACA VACIA","2","0","0","7 MATADERO","8-98 4-98","","0","","","1998-07-31 00:00:00","Rebaño de la Finca"
"4816","1994-02-10 00:00:00","","VACA VACIA","0","0","0","7 MATADERO","8-98 4-98","","0","","","","Rebaño de la Finca"
"4819","1994-03-10 00:00:00","ARBOLITO","VACA VACIA","3","0","0","7 MATADERO","8-98 4-98","","0","","","1999-03-28 00:00:00","Rebaño de la Finca"
"4830","1994-04-26 00:00:00","RETRATO","VACA PROD.VACIA","2","0","0","7 MATADERO","8-98 4-98","1998-10-21 00:00:00","0","1998-01-09 00:00:00","","1997-10-23 00:00:00","Rebaño de la Finca"
"4832","1994-04-29 00:00:00","CONSENTIDA","VACA VACIA","2","1","0","7 MATADERO","8-98 4-98","","0","","","1998-08-05 00:00:00","Rebaño de la Finca"
"4835","1994-05-23 00:00:00","TOPOCHO","VACA PREÑADA","2","0","0","7 MATADERO","8-98 4-98","1999-05-02 00:00:00","0","1998-08-05 00:00:00","","1998-07-28 00:00:00","Rebaño de la Finca"
"4836","1994-05-24 00:00:00","PROPAGANDA","VACA PROD.VACIA","2","0","0","7 MATADERO","8-98 4-98","","0","","","1998-11-10 00:00:00","Rebaño de la Finca"
"4837","1994-05-28 00:00:00","FORASTERA","VACA VACIA","2","0","0","7 MATADERO","8-98 4-98","","0","","","1998-08-05 00:00:00","Rebaño de la Finca"
"4839","1994-06-14 00:00:00","PENSATIVA","VACA PROD.VACIA","1","0","0","7 MATADERO","8-98 4-98","","0","","","1997-11-21 00:00:00","Rebaño de la Finca"
"4840","1994-06-22 00:00:00","CURAZAO","VACA VACIA","2","0","0","8 VENTA","8-98 4-98","","0","","","1998-08-05 00:00:00","Rebaño de la Finca"
"4842","1994-07-05 00:00:00","LA NIÑA","VACA VACIA","2","0","0","8 VENTA","8-98 4-98","","0","","","1998-07-31 00:00:00","Rebaño de la Finca"
"4846","1994-07-22 00:00:00","MARUANTA","VACA PREÑADA","1","0","0","7 MATADERO","8-98 4-98","1999-04-02 00:00:00","0","1998-07-06 00:00:00","","1997-05-17 00:00:00","Rebaño de la Finca"
"4851","1994-08-26 00:00:00","CAMBURITO","VACA PROD.VACIA","1","0","0","10 BRAHMAN","8-98 4-98","","0","","","1998-08-18 00:00:00","Rebaño de la Finca"
"4852","1994-09-30 00:00:00","MARBELIS","VACA PREÑADA","1","0","0","7 MATADERO","8-98 4-98","1999-03-03 00:00:00","0","1998-06-06 00:00:00","","1997-12-23 00:00:00","Rebaño de la Finca"
"4853","1994-10-03 00:00:00","HUMITO","VACA PREÑADA","2","0","0","8 VENTA","8-98 4-98","1999-05-02 00:00:00","0","1998-08-05 00:00:00","","1998-08-05 00:00:00","Rebaño de la Finca"
"4859","1994-11-06 00:00:00","","VACA PROD.VACIA","1","0","0","7 MATADERO","8-98 4-98","","0","","","1997-12-21 00:00:00","Rebaño de la Finca"
"4863","1994-11-17 00:00:00","PERRO DE AGUA","VACA VACIA","2","0","0","7 MATADERO","8-98 4-98","","0","","","1999-03-07 00:00:00","Rebaño de la Finca"
"4864","1994-11-17 00:00:00","PAN DE LECHE","VACA PROD.VACIA","2","0","0","7 MATADERO","8-98 4-98","","0","","","1998-11-12 00:00:00","Rebaño de la Finca"
"4869","1994-12-01 00:00:00","CHAVELA","VACA PREÑADA","2","0","0","8 VENTA","8-98 4-98","1999-07-01 00:00:00","0","1998-10-04 00:00:00","","1998-07-28 00:00:00","Rebaño de la Finca"
"4870","1994-12-06 00:00:00","INGRID","VACA PROD.VACIA","1","0","0","7 MATADERO","8-98 4-98","","0","","","1998-09-22 00:00:00","Rebaño de la Finca"
"4872","1994-12-10 00:00:00","DOS COLORES","VACA VACIA","2","0","0","7 MATADERO","8-98 4-98","","0","","","1998-12-11 00:00:00","Rebaño de la Finca"
"4874","1994-12-30 00:00:00","NOCHE OSCURA","VACA VACIA","2","0","0","8 VENTA","8-98 4-98","","0","","","1999-04-06 00:00:00","Rebaño de la Finca"
"505","1987-06-09 00:00:00","TURPIAL","VACA PROD.VACIA","4","0","0","7 MATADERO","8-98 4-98","","0","","","1998-09-17 00:00:00","Rebaño de la Finca"
"529","1990-06-08 00:00:00","RASIMITO","VACA PROD.VACIA","2","0","0","7 MATADERO","8-98 4-98","","0","","","1997-04-18 00:00:00","Rebaño de la Finca"
"537","1998-03-14 00:00:00","","VACA SECA/HORRA","7","0","1","","VIENE POR TRANSFERENCIA DEL SISTEMA PROGAN...","2000-01-15 00:00:00","0","1999-04-20 00:00:00","","1998-12-14 00:00:00","ESCOTERO"
"546","1988-04-21 00:00:00","","VACA VACIA","5","0","0","","VIENE POR TRANSFERENCIA DEL SISTEMA PROGAN...","","0","","","1999-07-11 00:00:00","El ROBLE"
"549","1989-06-08 00:00:00","CAPINITA","VACA PROD.VACIA","4","0","0","7 MATADERO","8-98 4-98","","0","","","1998-12-20 00:00:00","Rebaño de la Finca"
"557","1990-06-08 00:00:00","SEÑORITA","VACA VACIA","4","0","0","7 MATADERO","8-98 4-98","","0","","","1999-02-21 00:00:00","Rebaño de la Finca"
"558","1989-06-13 00:00:00","PINPOLLO","VACA PREÑADA","4","0","0","7 MATADERO","8-98 4-98","1999-07-16 00:00:00","0","1998-10-19 00:00:00","","1998-09-09 00:00:00","Rebaño de la Finca"
"571","1990-06-08 00:00:00","CARAMELO","VACA PREÑADA","2","1","0","7 MATADERO","8-98 4-98","1999-05-02 00:00:00","0","1998-08-05 00:00:00","","1997-12-16 00:00:00","Rebaño de la Finca"
"581","1989-06-08 00:00:00","YO TE VI","VACA PROD.VACIA","4","0","0","7 MATADERO","8-98 4-98","","0","","","1998-10-28 00:00:00","Rebaño de la Finca"
"586","1990-06-08 00:00:00","MELOCOTON","VACA PREÑADA","4","0","0","7 MATADERO","8-98 4-98","","0","","","1998-10-28 00:00:00","Rebaño de la Finca"
"587","1990-03-15 00:00:00","","VACA VACIA","5","0","0","","VIENE POR TRANSFERENCIA DEL SISTEMA PROGAN...","","0","","","1998-08-17 00:00:00","ESCOTERO"
"589","1990-06-08 00:00:00","MUCIUA","VACA PROD.VACIA","3","0","0","7 MATADERO","8-98 4-98","","0","","","1998-10-07 00:00:00","Rebaño de la Finca"
"592","1990-03-10 00:00:00","","VACA VACIA","6","0","0","","VIENE POR TRANSFERENCIA DEL SISTEMA PROGAN...","","0","","","1999-07-09 00:00:00","El ROBLE"
"6074","1996-06-15 00:00:00","MAV SAN DIEGO","VACA VACIA","1","0","0","7 MATADERO","8-98 4-98","","0","","","1998-12-23 00:00:00","Rebaño de la Finca"
"6078","1996-06-20 00:00:00","MAV SAN DIEGO","VACA VACIA","1","0","0","7 MATADERO","8-98 4-98","","0","","","1998-12-20 00:00:00","Rebaño de la Finca"
"6210","1996-05-30 00:00:00","","NOVILLA PREÑADA","0","","1","VACAS CEBA","PARA MATADERO","2000-04-12 00:00:00","0","1999-07-12 00:00:00","","",""
"6220","1996-06-07 00:00:00","","VACA PREÑADA","1","","1","LOTE IA","","2010-03-16 00:00:00","0","2009-06-09 00:00:00","","2006-02-17 00:00:00",""
"6502","1987-06-09 00:00:00","CARBONERA","VACA PREÑADA","3","1","0","7 MATADERO","8-98 4-98","1999-04-02 00:00:00","0","1998-07-06 00:00:00","","1997-11-29 00:00:00","Rebaño de la Finca"
"6511","1985-06-09 00:00:00","CHICHARRA","VACA PROD.VACIA","3","0","0","7 MATADERO","8-98 4-98","","0","","","1998-09-09 00:00:00","Rebaño de la Finca"
"6515","1985-06-09 00:00:00","CORBATA","VACA PROD.VACIA","4","0","0","7 MATADERO","8-98 4-98","","0","","","1999-02-15 00:00:00","Rebaño de la Finca"
"6516","1985-06-09 00:00:00","MEDIO LUTO","VACA PROD.VACIA","2","0","0","7 MATADERO","8-98 4-98","","0","","","1998-03-07 00:00:00","Rebaño de la Finca"
"670","1991-01-16 00:00:00","","VACA PREÑADA","5","0","0","","VIENE POR TRANSFERENCIA DEL SISTEMA PROGAN...","2012-10-10 00:00:00","0","2012-01-04 00:00:00","","1998-12-01 00:00:00","ESCOTERO"
"7003","1985-06-09 00:00:00","CALENTURA","VACA VACIA","5","0","0","7 MATADERO","8-98 4-98","","0","","","1999-03-06 00:00:00","Rebaño de la Finca"
"7013","1985-06-09 00:00:00","VOLADORA","VACA PROD.VACIA","4","0","0","7 MATADERO","8-98 4-98","","0","","","1998-09-22 00:00:00","Rebaño de la Finca"
"7014","1985-06-09 00:00:00","PARAPARA","VACA PROD.VACIA","4","0","0","7 MATADERO","8-98 4-98","","0","","","1998-10-28 00:00:00","Rebaño de la Finca"
"7017","1984-06-09 00:00:00","LLANO RICO","VACA VACIA","3","0","0","7 MATADERO","8-98 4-98","","0","","","1999-02-25 00:00:00","Rebaño de la Finca"
"7018","1984-06-09 00:00:00","PRIMERITA","VACA VACIA","4","0","0","7 MATADERO","8-98 4-98","","0","","","1998-08-18 00:00:00","Rebaño de la Finca"
"7021","1991-03-05 00:00:00","","VACA PREÑADA","0","0","0","11 SENEPOL","","2012-10-10 00:00:00","0","2012-01-04 00:00:00","","1997-07-12 00:00:00","Rebaño de la Finca"
"7211","1992-03-31 00:00:00","","VACA PREÑADA","0","0","0","11 SENEPOL","","2012-10-10 00:00:00","0","2012-01-04 00:00:00","","1998-04-22 00:00:00","Rebaño de la Finca"
"7510","1985-06-09 00:00:00","LUNA E'MIEL","VACA VACIA","4","0","0","7 MATADERO","8-98 4-98","","0","","","1999-02-19 00:00:00","Rebaño de la Finca"
"7540","1994-04-15 00:00:00","","VACA VACIA","0","0","0","11 SENEPOL","","","0","","","1998-04-04 00:00:00","Rebaño de la Finca"
"7635","1987-06-09 00:00:00","ENGAÑOZA","VACA PROD.VACIA","4","0","0","7 MATADERO","8-98 4-98","","0","","","1998-07-28 00:00:00","Rebaño de la Finca"
"7660","1994-03-15 00:00:00","","VACA VACIA","0","0","0","11 SENEPOL","","","0","","","1998-06-02 00:00:00","Rebaño de la Finca"
"7737","1995-09-20 00:00:00","","VACA VACIA","0","0","0","11 SENEPOL","","","0","","","1998-06-20 00:00:00","Rebaño de la Finca"
"7839","1996-04-15 00:00:00","","VACA VACIA","0","0","0","11 SENEPOL","","","0","","","1998-07-02 00:00:00","Rebaño de la Finca"
"7873","1996-06-20 00:00:00","","VACA VACIA SIN CRIA","0","0","0","11 SENEPOL","","","0","","","1998-09-22 00:00:00","Rebaño de la Finca"
"7889","1996-07-13 00:00:00","","VACA VACIA SIN CRIA","0","0","0","11 SENEPOL","","","0","","","1998-09-22 00:00:00","Rebaño de la Finca"
"8002","1998-03-14 00:00:00","","VACA VACIA","8","0","0","","VIENE POR TRANSFERENCIA DEL SISTEMA PROGAN...","","0","","","1999-12-10 00:00:00","PROXIMO"
"83","1993-03-01 00:00:00","ARAGUEÑA","VACA PREÑADA","1","0","0","7 MATADERO","8-98 4-98","1999-04-02 00:00:00","0","1998-07-06 00:00:00","","1997-12-01 00:00:00","Rebaño de la Finca"
"8516","1987-06-14 00:00:00","PINTORA","VACA PROD.VACIA","4","0","0","7 MATADERO","8-98 4-98","","0","","","1998-10-28 00:00:00","Rebaño de la Finca"
"8536","1989-06-08 00:00:00","CAPITANA","VACA SECA/HORRA","3","0","0","7 MATADERO","8-98 4-98","1999-07-31 00:00:00","0","1998-11-03 00:00:00","","1998-08-18 00:00:00","Rebaño de la Finca"
"8551","1987-06-10 00:00:00","MARIA CONSUELO","VACA VACIA","4","0","0","7 MATADERO","8-98 4-98","","0","","","1999-03-05 00:00:00","Rebaño de la Finca"
"8554","1988-06-08 00:00:00","GIOCONDA","VACA PROD.VACIA","4","0","0","7 MATADERO","8-98 4-98","","0","","","1999-03-02 00:00:00","Rebaño de la Finca"
"8562","1987-06-09 00:00:00","MARAVILLA","VACA PREÑADA","4","0","0","7 MATADERO","8-98 4-98","1999-07-01 00:00:00","0","1998-10-04 00:00:00","","1998-08-05 00:00:00","Rebaño de la Finca"
"8588","1988-06-08 00:00:00","GAMUZA","VACA PREÑADA","4","0","0","7 MATADERO","8-98 4-98","","0","","","1998-11-10 00:00:00","Rebaño de la Finca"
"895","1995-03-09 00:00:00","","VACA VACIA","0","0","0","","","","0","","","","Rebaño de la Finca"
"9514","1988-06-08 00:00:00","ESPEJITO","VACA VACIA","3","0","0","7 MATADERO","8-98 4-98","","0","","","1999-04-12 00:00:00","Rebaño de la Finca"
"9546","1988-06-10 00:00:00","CHIMENEA","VACA PROD.VACIA","4","0","0","7 MATADERO","8-98 4-98","","0","","","1998-10-28 00:00:00","Rebaño de la Finca"
"9557","1988-06-08 00:00:00","MAIGUALIDA","VACA PROD.VACIA","4","0","0","7 MATADERO","8-98 4-98","","0","","","1998-11-10 00:00:00","Rebaño de la Finca"
"9586","1989-06-08 00:00:00","PANELA","VACA PROD.VACIA","4","0","0","7 MATADERO","8-98 4-98","","0","","","1998-12-19 00:00:00","Rebaño de la Finca"
"96148","1996-01-18 00:00:00","","VACA VACIA","0","0","0","7 MATADERO","2-98 6-98","","0","","","","Rebaño de la Finca"
"96150","1996-01-23 00:00:00","","VACA VACIA","0","0","0","7 MATADERO","2-98 6-98","","0","","","","Rebaño de la Finca"
"96186","1996-02-24 00:00:00","","NOVILLA PREÑADA","0","0","0","3 HEMBRAS","2-98 6-98","2001-12-13 00:00:00","0","2001-03-13 00:00:00","","",""
"96246","1996-05-23 00:00:00","","VACA VACIA","0","0","0","7 MATADERO","2-98 6-98","","0","","","","Rebaño de la Finca"
"AAA1","1997-05-31 00:00:00","LUGA","VACA VACIA","0","0","0","","","","0","","","1999-12-15 00:00:00","Rebaño de la Finca"
"D0118","1995-03-15 00:00:00","","VACA VACIA","1","0","0","7 MATADERO","1/2 8-98 4-98","","0","","","1998-08-18 00:00:00","Rebaño de la Finca"
"D0141","1995-03-20 00:00:00","RIO CLARO","VACA PROD.VACIA","1","0","0","7 MATADERO","1/2 8-98 4-98","","0","","","1998-11-10 00:00:00","Rebaño de la Finca"
"D0159","1995-03-22 00:00:00","BOLA E`FUEGO","VACA VACIA","2","0","0","7 MATADERO","1/2 8-98 4-98","","0","","","1999-10-15 00:00:00","Rebaño de la Finca"
"D0173","1995-03-27 00:00:00","CANDELITA","VACA VACIA","1","0","0","7 MATADERO","1/2 8-98 4-98","","0","","","1998-08-18 00:00:00","Rebaño de la Finca"
"D6002","1995-01-01 00:00:00","PELO DE GUAMA","VACA PREÑADA","0","0","0","7 MATADERO","8-98 4-98","1998-06-23 00:00:00","0","1997-09-11 00:00:00","","1998-08-18 00:00:00","Rebaño de la Finca"
"D6014","1995-01-12 00:00:00","ZAMBITA","VACA PROD.VACIA","1","0","0","7 MATADERO","8-98 4-98","","0","","","1998-04-16 00:00:00","Rebaño de la Finca"
"D6028","1995-02-01 00:00:00","RUMAZON","VACA VACIA","1","0","0","7 MATADERO","8-98 4-98","","0","","","1998-03-07 00:00:00","Rebaño de la Finca"
"D8001","1995-01-01 00:00:00","CUBIRA","VACA VACIA","2","0","0","7 MATADERO","8-98 4-98","","0","","","1999-02-25 00:00:00","Rebaño de la Finca"
"D8002","1995-01-07 00:00:00","","VACA VACIA","1","0","0","7 MATADERO","TRANSFERENCIA AUTOMATICA","","0","","","1998-08-18 00:00:00","Rebaño de la Finca"
"D8007","1995-01-13 00:00:00","BERENJENA","VACA PREÑADA","2","0","0","7 MATADERO","8-98 4-98","2000-09-21 00:00:00","0","1999-12-21 00:00:00","","1999-03-16 00:00:00","Rebaño de la Finca"
"D8012","1995-01-15 00:00:00","","VACA PREÑADA","1","0","0","7 MATADERO","8-98 4-98","1999-03-03 00:00:00","0","1998-06-06 00:00:00","","1998-01-09 00:00:00","Rebaño de la Finca"
"D8018","1995-02-09 00:00:00","LINDOS OJOS","VACA PREÑADA","2","0","0","7 MATADERO","8-98 4-98","","0","","","1999-01-16 00:00:00","Rebaño de la Finca"
"D8038","1995-03-22 00:00:00","LA GUAJIRA","VACA PREÑADA","1","0","0","7 MATADERO","8-98 4-98","1999-05-17 00:00:00","0","1998-08-20 00:00:00","","1998-01-28 00:00:00","Rebaño de la Finca"
"D8040","1995-03-25 00:00:00","COTUA","VACA PREÑADA","1","0","0","7 MATADERO","8-98 4-98","1999-05-02 00:00:00","0","1998-08-05 00:00:00","","1998-07-31 00:00:00","Rebaño de la Finca"
"D8042","1995-03-31 00:00:00","","VACA VACIA","1","0","0","8 VENTA","8-98 4-98","","0","","","1999-03-11 00:00:00","Rebaño de la Finca"
"D8044","1995-04-12 00:00:00","PTO.PAEZ","VACA VACIA","1","0","0","8 VENTA","8-98 4-98","","0","","","1998-06-15 00:00:00","Rebaño de la Finca"
"D8046","1995-04-16 00:00:00","","VACA PROD.VACIA","1","0","0","7 MATADERO","8-98 4-98","","0","","","1998-09-22 00:00:00","Rebaño de la Finca"
"D8048","1995-04-25 00:00:00","NEGRA LIBRE","VACA PROD.VACIA","1","0","0","7 MATADERO","8-98 4-98","","0","","","1998-12-05 00:00:00","Rebaño de la Finca"
"D8053","1995-05-05 00:00:00","POR UN TIEMPO","VACA VACIA","1","0","0","7 MATADERO","8-98 4-98","","0","","","1998-07-02 00:00:00","Rebaño de la Finca"
"D8057","1995-05-09 00:00:00","PATO NEGRO","VACA VACIA","1","0","0","7 MATADERO","8-98 4-98","","0","","","1999-02-12 00:00:00","Rebaño de la Finca"
"D8058","1995-05-12 00:00:00","CHAMUSCAO","VACA PREÑADA","1","0","0","7 MATADERO","8-98 4-98","1999-05-02 00:00:00","0","1998-08-05 00:00:00","","1998-02-08 00:00:00","Rebaño de la Finca"
"D8059","1995-05-13 00:00:00","RESPLANDOR","VACA PREÑADA","1","0","0","8 VENTA","3-98 4-98","1999-03-03 00:00:00","0","1998-06-06 00:00:00","","1998-07-28 00:00:00","Rebaño de la Finca"
"D8068","1995-06-05 00:00:00","PARIAGUAN","VACA PROD.VACIA","1","0","0","7 MATADERO","8-98 4-98","","0","","","1998-08-05 00:00:00","Rebaño de la Finca"
"D8070","1995-06-11 00:00:00","MATO DE AGUA","VACA VACIA","1","0","0","8 VENTA","8-98 4-98","","0","","","1998-06-15 00:00:00","Rebaño de la Finca"
"D8072","1995-06-11 00:00:00","FLORERO","VACA VACIA","1","0","0","7 MATADERO","8-98 4-98 1-98","","0","","","1998-07-28 00:00:00","Rebaño de la Finca"
"D8073","1995-06-13 00:00:00","","VACA PREÑADA","0","0","0","7 MATADERO","8-98 4-98","1998-03-03 00:00:00","0","1997-05-22 00:00:00","","","Rebaño de la Finca"
"D8075","1995-06-21 00:00:00","CRUCIGRAMA","VACA VACIA","1","0","0","8 VENTA","8-98 4-98 OREJA D8075","","0","","","1998-08-18 00:00:00","Rebaño de la Finca"
"D8076","1995-06-22 00:00:00","VENEZUELA","VACA VACIA","1","0","0","10 BRAHMAN","8-98 4-98","","0","","","1999-01-11 00:00:00","Rebaño de la Finca"
"D8077","1995-06-22 00:00:00","MANZANARE","VACA VACIA","1","0","0","7 MATADERO","8-98 4-98","","0","","","1998-08-18 00:00:00","Rebaño de la Finca"
"D8082","1995-06-28 00:00:00","ZAMURITA","VACA VACIA","1","0","0","7 MATADERO","8-98 4-98","","0","","","1998-05-18 00:00:00","Rebaño de la Finca"
"D8083","1995-06-28 00:00:00","LOTERIA","VACA PREÑADA","1","0","0","7 MATADERO","8-98 4-98","1999-06-01 00:00:00","0","1998-09-04 00:00:00","","1998-08-18 00:00:00","Rebaño de la Finca"
"D8084","1995-06-28 00:00:00","","VACA VACIA SIN CRIA","1","0","0","10 BRAHMAN","8-98 4-98","","0","","","1999-04-17 00:00:00","Rebaño de la Finca"
"D8086","1995-07-04 00:00:00","PAÑUELITO","VACA PROD.VACIA","1","0","0","7 MATADERO","8-98 4-98","","0","","","1998-09-09 00:00:00","Rebaño de la Finca"
"D8087","1995-07-04 00:00:00","MATA NEGRA","VACA PROD.VACIA","1","0","0","7 MATADERO","8-98 4-98","","0","","","1998-11-12 00:00:00","Rebaño de la Finca"
"D8088","1995-07-06 00:00:00","VELO NEGRO","VACA VACIA","1","0","0","7 MATADERO","8-98 4-98","","0","","","1998-12-30 00:00:00","Rebaño de la Finca"
"D8096","1995-07-29 00:00:00","PAN DE HORNO","VACA VACIA","1","0","0","7 MATADERO","8-98 4-98","","0","","","1998-08-18 00:00:00","Rebaño de la Finca"
"D80990","1995-09-08 00:00:00","BARLOVENTO","VACA PROD.VACIA","1","0","0","7 MATADERO","8-98 4-98","","0","","","1998-11-20 00:00:00","Rebaño de la Finca"
"D8101","1995-09-12 00:00:00","CARTAGENA","VACA PROD.VACIA","1","0","0","8 VENTA","8-98 4-98","","0","","","1998-09-09 00:00:00","Rebaño de la Finca"
"D8103","1995-09-13 00:00:00","CARBONERA","VACA VACIA","1","0","0","8 VENTA","8-98 4-98","","0","","","1998-08-18 00:00:00","Rebaño de la Finca"
"D8107","1995-04-04 00:00:00","PEINETA","VACA PREÑADA","0","0","0","8 VENTA","8-98 4-98","1998-06-08 00:00:00","0","1997-08-27 00:00:00","","1998-06-15 00:00:00","Rebaño de la Finca"
"D8109","1995-09-21 00:00:00","SOMBRILLA","VACA VACIA SIN CRIA","1","0","0","10 BRAHMAN","8-98 4-98","","0","","","1999-01-18 00:00:00","Rebaño de la Finca"
"D8110","1995-09-21 00:00:00","MARIBEL","VACA PROD.VACIA","1","0","0","7 MATADERO","8-98 4-98 BR COLORADO","","0","","","1998-11-24 00:00:00","Rebaño de la Finca"
"D8112","1995-09-25 00:00:00","","VACA PROD.VACIA","1","0","0","7 MATADERO","8-98 4-98 BR PARDO","","0","","","1998-11-20 00:00:00","Rebaño de la Finca"
"D8113","1995-09-25 00:00:00","NOCHE DE LUNA","VACA VACIA","1","0","0","8 VENTA","8-98 4-98","","0","","","1998-08-18 00:00:00","Rebaño de la Finca"
"D8126","1995-10-06 00:00:00","CAREY","VACA VACIA","1","0","0","7 MATADERO","8-98 4-98","","0","","","1998-08-05 00:00:00","Rebaño de la Finca"
"D8128","1995-10-07 00:00:00","","VACA VACIA","1","0","0","8 VENTA","8-98 4-98 BR","","0","","","1998-09-17 00:00:00","Rebaño de la Finca"
"D8130","1995-10-14 00:00:00","VENAITA","VACA VACIA","1","0","0","7 MATADERO","8-98 4-98 BR","","0","","","1998-12-17 00:00:00","Rebaño de la Finca"
"D8131","1995-10-14 00:00:00","MAGALY","VACA PROD.VACIA","1","0","0","7 MATADERO","8-98 4-98 BR","","0","","","1998-12-03 00:00:00","Rebaño de la Finca"
"D8132","1995-10-15 00:00:00","ONOTERO","VACA PROD.VACIA","1","0","0","7 MATADERO","8-98 4-98 BR","","0","","","1998-12-09 00:00:00","Rebaño de la Finca"
"D8133","1995-10-18 00:00:00","RABO BLANCO","VACA PROD.VACIA","1","0","0","7 MATADERO","8-98 4-98 BR","","0","","","1998-12-02 00:00:00","Rebaño de la Finca"
"D8141","1995-10-31 00:00:00","BUENAMOZA","VACA PROD.VACIA","2","0","0","7 MATADERO","8-98 4-98 BR","","0","","","1999-01-09 00:00:00","Rebaño de la Finca"
"D8145","1995-11-14 00:00:00","MANCHITA","VACA PROD.VACIA","1","0","0","7 MATADERO","8-98 4-98 BR","","0","","","1998-11-23 00:00:00","Rebaño de la Finca"
"D8146","1995-11-18 00:00:00","CAMPESINA","VACA PROD.VACIA","1","0","0","8 VENTA","8-98 4-98 BR","","0","","","1998-08-18 00:00:00","Rebaño de la Finca"
"D8148","1995-11-23 00:00:00","MONEDITA","VACA PROD.VACIA","1","0","0","8 VENTA","8-98 4-98 BR","","0","","","1998-09-17 00:00:00","Rebaño de la Finca"
"D8150","1995-12-06 00:00:00","JUEGO E´DAMA","VACA VACIA","1","0","0","7 MATADERO","8-98 4-98 BR","","0","","","1998-12-29 00:00:00","Rebaño de la Finca"
"D8153","1995-12-18 00:00:00","TOMASITA","VACA VACIA","1","0","0","7 MATADERO","8-98 4-98 BR","","0","","","1999-01-11 00:00:00","Rebaño de la Finca"
"E8004","1996-01-02 00:00:00","CIGARRON","VACA VACIA","1","0","0","7 MATADERO","8-98 4-98 BR","","0","","","1999-01-04 00:00:00","Rebaño de la Finca"
"E8019","1996-01-24 00:00:00","GUACABA","VACA VACIA","1","0","0","7 MATADERO","8-98 4-98","","0","","","1998-12-07 00:00:00","Rebaño de la Finca"
"E8037","1996-03-01 00:00:00","CAMPO ALEGRE","VACA PROD.VACIA","1","0","0","7 MATADERO","8-98 3-97 BR","","0","","","1998-12-19 00:00:00","Rebaño de la Finca"
"22354","2004-09-18 00:00:00","","VACA VACIA","","","","Lote uno","","","0","","","",""
"9206","2001-08-18 00:00:00","","VACA VACIA","","","","Lote uno","","","0","","","",""
"23257","2005-06-15 00:00:00","","VACA VACIA","","","","Lote uno","","","0","","","",""
"20231","2008-03-15 00:00:00","","VACA VACIA","","","","Lote uno","","","0","","","",""
"24339","2002-09-30 00:00:00","","VACA VACIA","","","","Lote uno","","","0","","","",""
"25145","2008-08-05 00:00:00","","VACA VACIA","","","","Lote uno","","","0","","","",""
"23136","2005-06-15 00:00:00","","VACA VACIA","","","","Lote uno","","","0","","","",""
"24075","2007-04-19 00:00:00","","VACA VACIA","","","","Lote uno","","","0","","","",""
"22318","2004-11-23 00:00:00","","VACA VACIA","","","","Lote uno","","","0","","","",""
"2526","2014-04-19 00:00:00","","VACA VACIA","1","","0","3 HEMBRAS","","","0","","","2014-11-19 00:00:00",""
"89","2012-11-22 00:00:00","","VACA VACIA","1","","0","MATAPALITO","ENTRARON A LA FINCA EL 22/11/2014 ","","0","","","2014-12-08 00:00:00",""
"2260","2011-01-22 00:00:00","","VACA PREÑADA","","","","MATAPALITO","ENTRADA A LA FINCA EL 22/11/2014","2015-02-06 00:00:00","0","2014-05-02 00:00:00","","",""
"85","2010-01-03 00:00:00","","VACA VACIA","1","","0","MATAPALITO","ENTRADA A LA FINCA EL 22/11/2014","","0","","","2014-12-08 00:00:00",""
"25","2010-02-01 00:00:00","","VACA VACIA","1","","0","","","","0","","","2014-12-08 00:00:00",""
"22","2010-01-01 00:00:00","","VACA VACIA SIN CRIA","1","","0","","","","0","","","2014-12-08 00:00:00",""
"604","2001-11-22 00:00:00","","VACA PROD.VACIA","","","","","","","0","","","",""
"88","2011-04-25 00:00:00","","VACA VACIA","1","","0","Lote uno","","","0","","","2014-12-08 00:00:00",""
"77","2012-11-03 00:00:00","","VACA VACIA","1","","0","","","","0","","","2014-12-08 00:00:00",""
"49501","2009-01-31 00:00:00","","NOVILLA","","","","LOTE IA","","","0","","","",""
"00/52","2009-05-10 00:00:00","","NOVILLA","","","","NOVILLAS INSEMINADAS 2012","","","0","","","",""
"00/39","2008-03-09 00:00:00","","NOVILLA","","","","NOVILLAS INSEMINADAS 2012","","","0","","","",""
"00/71","2009-07-20 00:00:00","","NOVILLA","","","","NOVILLAS INSEMINADAS 2012","","","0","","","",""
"00/73","2010-02-04 00:00:00","","NOVILLA","","","","NOVILLAS INSEMINADAS 2012","","","0","","","",""
"00/74","2010-02-16 00:00:00","","NOVILLA","","","","NOVILLAS INSEMINADAS 2012","","","0","","","",""
"8095","1998-08-02 00:00:00","","NOVILLA","","","","NOVILLAS INSEMINADAS 2012","","","0","","","",""
"8099","1998-08-02 00:00:00","","NOVILLA","","","","NOVILLAS INSEMINADAS 2012","","","0","","","",""
"8112","1998-09-03 00:00:00","","NOVILLA","","","","NOVILLAS INSEMINADAS 2012","","","0","","","",""
"8122","1997-11-22 00:00:00","","NOVILLA","","","","NOVILLAS INSEMINADAS 2012","","","0","","","",""
"8141","1998-10-13 00:00:00","","NOVILLA","","","","NOVILLAS INSEMINADAS 2012","","","0","","","",""
"10021","2003-11-11 00:00:00","","NOVILLA","","","","NOVILLAS INSEMINADAS 2012","","","0","","","",""
"10024","2001-01-27 00:00:00","","NOVILLA","","","","NOVILLAS INSEMINADAS 2012","","","0","","","",""
"10036","2005-08-29 00:00:00","","NOVILLA","","","","NOVILLAS INSEMINADAS 2012","","","0","","","",""
"22369","2002-10-06 00:00:00","","NOVILLA","","","","NOVILLAS INSEMINADAS 2012","","","0","","","",""
"22456","2002-12-11 00:00:00","","NOVILLA","","","","NOVILLAS INSEMINADAS 2012","","","0","","","",""
"23221","2003-09-11 00:00:00","","NOVILLA","","","","NOVILLAS INSEMINADAS 2012","","","0","","","",""
"23406","2003-11-04 00:00:00","","NOVILLA","","","","NOVILLAS INSEMINADAS 2012","","","0","","","",""
"24077","2004-08-30 00:00:00","","NOVILLA","","","","NOVILLAS INSEMINADAS 2012","","","0","","","",""
"25040","2005-08-14 00:00:00","","NOVILLA","","","","NOVILLAS INSEMINADAS 2012","","","0","","","",""
"25049","2005-08-20 00:00:00","","NOVILLA","","","","NOVILLAS INSEMINADAS 2012","","","0","","","",""
"25077","2005-08-24 00:00:00","","NOVILLA","","","","NOVILLAS INSEMINADAS 2012","","","0","","","",""
"25108","2005-08-29 00:00:00","","NOVILLA","","","","NOVILLAS INSEMINADAS 2012","","","0","","","",""
"25118","2005-08-29 00:00:00","","NOVILLA","","","","NOVILLAS INSEMINADAS 2012","","","0","","","",""
"25120","2005-08-29 00:00:00","","NOVILLA","","","","NOVILLAS INSEMINADAS 2012","","","0","","","",""
"25208","2005-09-08 00:00:00","","NOVILLA","","","","NOVILLAS INSEMINADAS 2012","","","0","","","",""
"25258","2005-09-16 00:00:00","","NOVILLA","","","","NOVILLAS INSEMINADAS 2012","","","0","","","",""
"25342","2005-10-10 00:00:00","","NOVILLA","","","","NOVILLAS INSEMINADAS 2012","","","0","","","",""
"25343","2005-10-10 00:00:00","","NOVILLA","","","","NOVILLAS INSEMINADAS 2012","","","0","","","",""
"10+7","1997-08-22 00:00:00","","NOVILLA","0","0","0","","","","0","","","",""
"11406645","1997-11-23 00:00:00","","NOVILLA","0","0","0","6 TOROS","Transferencia de Romana TRU-TEST...","","0","","","",""
"220133","1997-11-23 00:00:00","","NOVILLA","0","0","0","6 TOROS","Transferencia de Romana TRU-TEST...","","0","","","",""
"220142","1997-11-23 00:00:00","","NOVILLA","0","0","0","11 SENEPOL","Transferencia de Romana TRU-TEST...","","0","","","",""
"270060","1997-11-23 00:00:00","","NOVILLA","0","0","0","11 SENEPOL","Transferencia de Romana TRU-TEST...","","0","","","",""
"270085","1997-11-23 00:00:00","","NOVILLA","0","0","0","13 MATADERO 1","Transferencia de Romana TRU-TEST...","","0","","","",""
"30033","1997-11-23 00:00:00","","NOVILLA","0","0","0","12 MESTIZO SENEPOL","Transferencia de Romana TRU-TEST...","","0","","","",""
"5334","1995-11-22 00:00:00","","NOVILLA","0","","1","VACAS CEBA","","","0","","","",""
"6004","1996-01-02 00:00:00","","NOVILLA","0","","1","HORRO","","","0","","","",""
"6050","1996-01-25 00:00:00","","NOVILLA","0","","1","VACAS CEBA","","","0","","","",""
"6076","1996-02-12 00:00:00","","NOVILLA","0","","1","HORRO","","","0","","","",""
"6080","1996-02-14 00:00:00","","NOVILLA","0","","1","HORRO","","","0","","","",""
"6159","1996-04-23 00:00:00","","NOVILLA","0","","1","HORRO","","","0","","","",""
"6191","1996-05-17 00:00:00","","NOVILLA","0","","1","HORRO","","","0","","","",""
"6198","1996-05-22 00:00:00","","NOVILLA","0","","1","HORRO","","","0","","","",""
"6209","1996-05-30 00:00:00","","NOVILLA","0","","1","HORRO","ORDEñO","","0","","","",""
"6217","1996-06-06 00:00:00","","NOVILLA","0","","1","HORRO","","","0","","","",""
"6239","1996-06-20 00:00:00","","NOVILLA","0","","1","HORRO","","","0","","","",""
"6243","1996-06-26 00:00:00","","NOVILLA","0","","1","HORRO","","","0","","","",""
"6286","1996-08-12 00:00:00","","NOVILLA","0","","1","HORRO","","","0","","","",""
"6304","1996-10-31 00:00:00","","NOVILLA","0","","1","HORRO","","","0","","","",""
"6309","1996-11-04 00:00:00","","NOVILLA","0","","1","HORRO","","","0","","","",""
"6324","1996-11-13 00:00:00","","NOVILLA","0","","0","HORRO","","","0","","","",""
"6328","1996-11-16 00:00:00","","NOVILLA","0","","1","HORRO","_","","0","","","",""
"6329","1996-11-17 00:00:00","","NOVILLA","0","","1","HORRO","_","","0","","","",""
"6500","1998-04-24 00:00:00","","NOVILLA","0","0","0","11 SENEPOL","","","0","","","",""
"6562","1998-04-24 00:00:00","","NOVILLA","0","0","0","11 SENEPOL","","","0","","","",""
"7103235","1997-11-23 00:00:00","","NOVILLA","0","0","0","10 BRAHMAN","Transferencia de Romana TRU-TEST...","","0","","","",""
"8108","1998-04-04 00:00:00","","NOVILLA","0","0","0","11 SENEPOL","","","0","","","",""
"8118","1998-06-20 00:00:00","","NOVILLA","0","0","0","11 SENEPOL","","","0","","","",""
"8119","1998-07-02 00:00:00","","NOVILLA","0","0","0","11 SENEPOL","","","0","","","",""
"8130","1998-06-02 00:00:00","","NOVILLA","0","0","0","11 SENEPOL","","","0","","","",""
"96169","1996-02-01 00:00:00","","NOVILLA","0","0","0","3 HEMBRAS","2-98 6-98","","0","","","",""
"25349","2005-10-14 00:00:00","","NOVILLA","","","","NOVILLAS INSEMINADAS 2012","","","0","","","",""
"25372","2005-10-25 00:00:00","","NOVILLA","","","","NOVILLAS INSEMINADAS 2012","","","0","","","",""
"26005","2006-01-09 00:00:00","","NOVILLA","","","","NOVILLAS INSEMINADAS 2012","","","0","","","",""
"26036","2006-05-19 00:00:00","","NOVILLA","","","","NOVILLAS INSEMINADAS 2012","","","0","","","",""
"27029","2007-08-15 00:00:00","","NOVILLA","","","","NOVILLAS INSEMINADAS 2012","","","0","","","",""
"27041","2007-08-25 00:00:00","","NOVILLA","","","","NOVILLAS INSEMINADAS 2012","","","0","","","",""
"27058","2007-08-28 00:00:00","","NOVILLA","","","","NOVILLAS INSEMINADAS 2012","","","0","","","",""
"27065","2007-08-24 00:00:00","","NOVILLA","","","","NOVILLAS INSEMINADAS 2012","","","0","","","",""
"27111","2007-07-07 00:00:00","","NOVILLA","","","","NOVILLAS INSEMINADAS 2012","","","0","","","",""
"27141","2007-09-11 00:00:00","","NOVILLA","","","","NOVILLAS INSEMINADAS 2012","","","0","","","",""
"27187","2007-09-26 00:00:00","","NOVILLA","","","","NOVILLAS INSEMINADAS 2012","","","0","","","",""
"27192","2007-09-26 00:00:00","","NOVILLA","","","","NOVILLAS INSEMINADAS 2012","","","0","","","",""
"27219","2007-10-16 00:00:00","","NOVILLA","","","","NOVILLAS INSEMINADAS 2012","","","0","","","",""
"27228","2007-10-05 00:00:00","","NOVILLA","","","","NOVILLAS INSEMINADAS 2012","","","0","","","",""
"27321","2007-11-06 00:00:00","","NOVILLA","","","","NOVILLAS INSEMINADAS 2012","","","0","","","",""
"27323","2007-11-10 00:00:00","","NOVILLA","","","","NOVILLAS INSEMINADAS 2012","","","0","","","",""
"27370","2007-07-17 00:00:00","","NOVILLA","","","","NOVILLAS INSEMINADAS 2012","","","0","","","",""
"28010","2008-03-19 00:00:00","","NOVILLA","","","","NOVILLAS INSEMINADAS 2012","","","0","","","",""
"28020","2008-08-16 00:00:00","","NOVILLA","","","","NOVILLAS INSEMINADAS 2012","","","0","","","",""
"28022","2008-08-18 00:00:00","","NOVILLA","","","","NOVILLAS INSEMINADAS 2012","","","0","","","",""
"28029","2008-08-21 00:00:00","","NOVILLA","","","","NOVILLAS INSEMINADAS 2012","","","0","","","",""
"28034","2008-08-21 00:00:00","","NOVILLA","","","","NOVILLAS INSEMINADAS 2012","","","0","","","",""
"28055","2008-09-02 00:00:00","","NOVILLA","","","","NOVILLAS INSEMINADAS 2012","","","0","","","",""
"28061","2008-09-03 00:00:00","","NOVILLA","","","","NOVILLAS INSEMINADAS 2012","","","0","","","",""
"28076","2008-09-10 00:00:00","","NOVILLA","","","","NOVILLAS INSEMINADAS 2012","","","0","","","",""
"28082","2008-09-14 00:00:00","","NOVILLA","","","","NOVILLAS INSEMINADAS 2012","","","0","","","",""
"28084","2008-09-14 00:00:00","","NOVILLA","","","","NOVILLAS INSEMINADAS 2012","","","0","","","",""
"28093","2008-09-16 00:00:00","","NOVILLA","","","","NOVILLAS INSEMINADAS 2012","","","0","","","",""
"29067","2009-04-30 00:00:00","","NOVILLA","","","","NOVILLAS INSEMINADAS 2012","","","0","","","",""
"29071","2009-05-09 00:00:00","","NOVILLA","","","","NOVILLAS INSEMINADAS 2012","","","0","","","",""
"29073","2009-05-11 00:00:00","","NOVILLA","","","","NOVILLAS INSEMINADAS 2012","","","0","","","",""
"29075","2009-05-11 00:00:00","","NOVILLA","","","","NOVILLAS INSEMINADAS 2012","","","0","","","",""
"29079","2009-05-26 00:00:00","","NOVILLA","","","","NOVILLAS INSEMINADAS 2012","","","0","","","",""
"29082","2009-05-26 00:00:00","","NOVILLA","","","","NOVILLAS INSEMINADAS 2012","","","0","","","",""
"29084","2009-06-01 00:00:00","","NOVILLA","","","","NOVILLAS INSEMINADAS 2012","","","0","","","",""
"29088","2009-06-04 00:00:00","","NOVILLA","","","","NOVILLAS INSEMINADAS 2012","","","0","","","",""
"29097","2009-06-08 00:00:00","","NOVILLA","","","","NOVILLAS INSEMINADAS 2012","","","0","","","",""
"29102","2009-07-15 00:00:00","","NOVILLA","","","","NOVILLAS INSEMINADAS 2012","","","0","","","",""
"29103","2009-07-15 00:00:00","","NOVILLA","","","","NOVILLAS INSEMINADAS 2012","","","0","","","",""
"29104","2009-07-14 00:00:00","","NOVILLA","","","","NOVILLAS INSEMINADAS 2012","","","0","","","",""
"29104B","2009-08-04 00:00:00","","NOVILLA","","","","NOVILLAS INSEMINADAS 2012","","","0","","","",""
"29105","2009-07-14 00:00:00","","NOVILLA","","","","NOVILLAS INSEMINADAS 2012","","","0","","","",""
"29108","2009-09-07 00:00:00","","NOVILLA","","","","NOVILLAS INSEMINADAS 2012","","","0","","","",""
"29112","2009-07-17 00:00:00","","NOVILLA","","","","NOVILLAS INSEMINADAS 2012","","","0","","","",""
"29116","2009-07-20 00:00:00","","NOVILLA","","","","NOVILLAS INSEMINADAS 2012","","","0","","","",""
"29118","2009-07-20 00:00:00","","NOVILLA","","","","NOVILLAS INSEMINADAS 2012","","","0","","","",""
"29119","2009-07-20 00:00:00","","NOVILLA","","","","NOVILLAS INSEMINADAS 2012","","","0","","","",""
"29120","2009-07-20 00:00:00","","NOVILLA","","","","NOVILLAS INSEMINADAS 2012","","","0","","","",""
"29121","2009-07-23 00:00:00","","NOVILLA","","","","NOVILLAS INSEMINADAS 2012","","","0","","","",""
"29122","2009-07-23 00:00:00","","NOVILLA","","","","NOVILLAS INSEMINADAS 2012","","","0","","","",""
"29131","2009-07-27 00:00:00","","NOVILLA","","","","NOVILLAS INSEMINADAS 2012","","","0","","","",""
"29132","2009-07-27 00:00:00","","NOVILLA","","","","NOVILLAS INSEMINADAS 2012","","","0","","","",""
"29133","2009-07-27 00:00:00","","NOVILLA","","","","NOVILLAS INSEMINADAS 2012","","","0","","","",""
"29134","2009-07-31 00:00:00","","NOVILLA","","","","NOVILLAS INSEMINADAS 2012","","","0","","","",""
"29135","2009-07-31 00:00:00","","NOVILLA","","","","NOVILLAS INSEMINADAS 2012","","","0","","","",""
"29139","2009-08-04 00:00:00","","NOVILLA","","","","NOVILLAS INSEMINADAS 2012","","","0","","","",""
"29140","2009-08-04 00:00:00","","NOVILLA","","","","NOVILLAS INSEMINADAS 2012","","","0","","","",""
"29143","2009-08-04 00:00:00","","NOVILLA","","","","NOVILLAS INSEMINADAS 2012","","","0","","","",""
"29153","2009-08-12 00:00:00","","NOVILLA","","","","NOVILLAS INSEMINADAS 2012","","","0","","","",""
"29156","2009-08-12 00:00:00","","NOVILLA","","","","NOVILLAS INSEMINADAS 2012","","","0","","","",""
"29157R","2009-04-30 00:00:00","","NOVILLA","","","","NOVILLAS INSEMINADAS 2012","","","0","","","",""
"29159","2009-08-17 00:00:00","","NOVILLA","","","","NOVILLAS INSEMINADAS 2012","","","0","","","",""
"29160","2009-08-24 00:00:00","","NOVILLA","","","","NOVILLAS INSEMINADAS 2012","","","0","","","",""
"29161","2009-08-24 00:00:00","","NOVILLA","","","","NOVILLAS INSEMINADAS 2012","","","0","","","",""
"29165","2009-08-17 00:00:00","","NOVILLA","","","","NOVILLAS INSEMINADAS 2012","","","0","","","",""
"29167","2009-08-24 00:00:00","","NOVILLA","","","","NOVILLAS INSEMINADAS 2012","","","0","","","",""
"29168","2009-08-24 00:00:00","","NOVILLA","","","","NOVILLAS INSEMINADAS 2012","","","0","","","",""
"29171","2009-08-17 00:00:00","","NOVILLA","","","","NOVILLAS INSEMINADAS 2012","","","0","","","",""
"29173","2009-08-17 00:00:00","","NOVILLA","","","","NOVILLAS INSEMINADAS 2012","","","0","","","",""
"29174","2009-08-17 00:00:00","","NOVILLA","","","","NOVILLAS INSEMINADAS 2012","","","0","","","",""
"29175","2009-08-17 00:00:00","","NOVILLA","","","","NOVILLAS INSEMINADAS 2012","","","0","","","",""
"66","2013-01-21 00:00:00","","NOVILLA","","","","","","","0","","","",""
