"SERIE","SEXO","PESDES","PESO","DIFDIA","DIFPES","PESOI","PA1","PA2","PA3","PA4","C1","C2","C3","C4","VR1","VR2","VR3","VR4","GDP","RAZA","LOTE","TIPO","FNAC"
"003","-","0","450","","","450","0","0","0","0","0","0","0","0","0","0","0","0","0","MESTIZO CARORA","9 TUY","MAUTE","1995-12-01 00:00:00"
"0201","-","","600","","","400","0","0","0","606","0","0","0","1","0","0","0","100","0.081","MESTIZO CARORA","13 MA","MAUTE","1997-11-23 00:00:00"
"2812M","-","0","0","","","494","0","0","0","0","0","0","0","0","0","0","0","0","0","MESTIZO BRAHMAN","","MAUTE","1992-04-16 00:00:00"
"2813M","-","0","0","","","0","0","0","0","0","0","0","0","0","0","0","0","0","0","MESTIZO BRAHMAN","5 MAU","MAUTE","1992-04-27 00:00:00"
"2826M","-","0","0","","","0","0","0","0","0","0","0","0","0","0","0","0","0","0","MESTIZO BRAHMAN","5 MAU","MAUTE","1992-07-24 00:00:00"
"2832M","-","0","390","","","390","0","0","0","0","0","0","0","0","0","0","0","0","0","MESTIZO BRAHMAN","","MAUTE","1992-09-19 00:00:00"
"2835M","-","0","0","","","464","0","0","0","0","0","0","0","0","0","0","0","0","0","MESTIZO BRAHMAN","","MAUTE","1993-06-08 00:00:00"
"2838M","-","0","0","","","0","0","0","0","0","0","0","0","0","0","0","0","0","0","MESTIZO BRAHMAN","5 MAU","MAUTE","1992-09-24 00:00:00"
"2840M","-","0","0","","","496","0","0","0","0","0","0","0","0","0","0","0","0","0","MESTIZO BRAHMAN","","MAUTE","1992-10-08 00:00:00"
"2841M","-","0","0","","","486","0","0","0","0","0","0","0","0","0","0","0","0","0","MESTIZO BRAHMAN","","MAUTE","1992-10-01 00:00:00"
"2847M","-","0","448","","","448","0","0","0","0","0","0","0","0","0","0","0","0","0","MESTIZO BRAHMAN","7 MAT","MAUTE","1992-11-02 00:00:00"
"2848M","-","0","0","","","0","0","0","0","0","0","0","0","0","0","0","0","0","0","MESTIZO BRAHMAN","5 MAU","MAUTE","1992-11-02 00:00:00"
"2852M","-","0","452","","","452","0","0","0","0","0","0","0","0","0","0","0","0","0","MESTIZO BRAHMAN","7 MAT","MAUTE","1992-11-07 00:00:00"
"2853M","-","0","0","","","540","0","0","0","0","0","0","0","0","0","0","0","0","0","MESTIZO BRAHMAN","7 MAT","MAUTE","1992-11-09 00:00:00"
"2855M","-","0","0","","","0","0","0","0","0","0","0","0","0","0","0","0","0","0","MESTIZO BRAHMAN","5 MAU","MAUTE","1992-12-03 00:00:00"
"2857M","-","0","430","","","430","0","0","0","0","0","0","0","0","0","0","0","0","0","MESTIZO BRAHMAN","7 MAT","MAUTE","1992-12-04 00:00:00"
"2859M","-","0","520","","","520","0","0","0","0","0","0","0","0","0","0","0","0","0","MESTIZO BRAHMAN","7 MAT","MAUTE","1992-12-05 00:00:00"
"2863M","-","0","0","","","610","0","0","0","0","0","0","0","0","0","0","0","0","0","MESTIZO BRAHMAN","7 MAT","MAUTE","1993-12-21 00:00:00"
"2864M","-","0","0","","","470","0","0","0","0","0","0","0","0","0","0","0","0","0","MESTIZO BRAHMAN","7 MAT","MAUTE","1992-12-23 00:00:00"
"3003M","-","0","460","","","378","0","0","0","0","0","0","0","0","0","0","0","0","0.667","MESTIZO BRAHMAN","7 MAT","MAUTE","1993-01-23 00:00:00"
"3012M","-","0","494","","","436","0","0","0","0","0","0","0","0","0","0","0","0","0.824","MESTIZO BRAHMAN","7 MAT","MAUTE","1993-02-02 00:00:00"
"3021M","-","0","478","","","359","472","0","0","0","2","0","0","0","97.8583127734124","0","0","0","0.921","MESTIZO BRAHMAN","5 MAU","MAUTE","1993-02-05 00:00:00"
"3026M","-","0","516","","","366","530","0","0","0","1","0","0","0","109.883274936247","0","0","0","1","MESTIZO BRAHMAN","7 MAT","MAUTE","1993-02-08 00:00:00"
"3028M","-","0","500","","","344","492","0","0","0","2","0","0","0","102.004851450252","0","0","0","1.048","MESTIZO BRAHMAN","5 MAU","MAUTE","1993-02-08 00:00:00"
"3034M","-","0","460","","","334","0","0","0","0","0","0","0","0","0","0","0","0","1.238","MESTIZO BRAHMAN","5 MAU","MAUTE","1993-02-08 00:00:00"
"3045M","-","0","558","","","440","0","0","0","0","0","0","0","0","0","0","0","0","1.429","MESTIZO BRAHMAN","7 MAT","MAUTE","1993-02-13 00:00:00"
"3051M","-","0","470","","","345","0","0","0","0","0","0","0","0","0","0","0","0","0.722","MESTIZO BRAHMAN","7 MAT","MAUTE","1993-02-13 00:00:00"
"3063M","-","0","476","","","310","468","0","0","0","2","0","0","0","97.0290050380445","0","0","0","1.048","MESTIZO BRAHMAN","5 MAU","MAUTE","1993-02-18 00:00:00"
"3066M","-","0","484","","","355","496","0","0","0","2","0","0","0","102.83415918562","0","0","0","0.588","MESTIZO BRAHMAN","7 MAT","MAUTE","1993-02-18 00:00:00"
"3067M","-","0","496","","","370","508","0","0","0","1","0","0","0","105.322082391724","0","0","0","0.765","MESTIZO BRAHMAN","7 MAT","MAUTE","1993-02-22 00:00:00"
"3074M","-","0","488","","","420","0","0","0","0","0","0","0","0","0","0","0","0","0.824","MESTIZO BRAHMAN","7 MAT","MAUTE","1993-02-22 00:00:00"
"3075M","-","0","470","","","355","481","0","0","0","2","0","0","0","99.7242551779902","0","0","0","0.235","MESTIZO BRAHMAN","7 MAT","MAUTE","1993-02-22 00:00:00"
"3079M","-","0","500","","","350","514","0","0","0","1","0","0","0","106.566043994775","0","0","0","1.118","MESTIZO BRAHMAN","7 MAT","MAUTE","1993-02-22 00:00:00"
"3087M","-","0","520","","","315","0","0","0","0","0","0","0","0","0","0","0","0","1.389","MESTIZO BRAHMAN","7 MAT","MAUTE","1993-02-24 00:00:00"
"3089M","-","0","476","","","361","487","0","0","0","2","0","0","0","100.968216781042","0","0","0","0.118","MESTIZO BRAHMAN","7 MAT","MAUTE","1993-02-24 00:00:00"
"3091M","-","0","498","","","371","0","0","0","0","0","0","0","0","0","0","0","0","0.722","MESTIZO BRAHMAN","7 MAT","MAUTE","1993-02-26 00:00:00"
"3092M","-","0","562","","","500","0","0","0","0","0","0","0","0","0","0","0","0","2.214","MESTIZO BRAHMAN","7 MAT","MAUTE","1993-02-27 00:00:00"
"3097M","-","0","490","","","351","483","0","0","0","2","0","0","0","100.138909045674","0","0","0","0.889","MESTIZO BRAHMAN","5 MAU","MAUTE","1993-03-01 00:00:00"
"3100M","-","0","482","","","355","476","0","0","0","2","0","0","0","98.6876205087803","0","0","0","0.508","MESTIZO BRAHMAN","5 MAU","MAUTE","1993-03-02 00:00:00"
"3110M","-","0","500","","","343","515","0","0","0","1","0","0","0","106.773370928617","0","0","0","1.118","MESTIZO BRAHMAN","7 MAT","MAUTE","1993-03-06 00:00:00"
"3111M","-","0","498","","","365","511","0","0","0","1","0","0","0","105.944063193249","0","0","0","0.529","MESTIZO BRAHMAN","7 MAT","MAUTE","1993-03-08 00:00:00"
"3125M","-","0","480","","","320","472","0","0","0","2","0","0","0","97.8583127734124","0","0","0","0.794","MESTIZO BRAHMAN","5 MAU","MAUTE","1993-03-10 00:00:00"
"3127M","-","0","502","","","374","496","0","0","0","2","0","0","0","102.83415918562","0","0","0","0.825","MESTIZO BRAHMAN","5 MAU","MAUTE","1993-03-10 00:00:00"
"3132M","-","0","480","","","332","472","0","0","0","2","0","0","0","97.8583127734124","0","0","0","0.794","MESTIZO BRAHMAN","5 MAU","MAUTE","1993-03-15 00:00:00"
"3134M","-","0","492","","","336","484","0","0","0","2","0","0","0","100.346235979516","0","0","0","0.825","MESTIZO BRAHMAN","5 MAU","MAUTE","1993-03-15 00:00:00"
"3136M","-","0","478","","","400","0","0","0","0","0","0","0","0","0","0","0","0","1.238","MESTIZO BRAHMAN","5 MAU","MAUTE","1993-03-15 00:00:00"
"3139M","-","0","514","","","383","527","0","0","0","1","0","0","0","109.261294134721","0","0","0","1.118","MESTIZO BRAHMAN","7 MAT","MAUTE","1993-03-17 00:00:00"
"3142M","-","0","498","","","390","508","0","0","0","1","0","0","0","105.322082391724","0","0","0","0.765","MESTIZO BRAHMAN","7 MAT","MAUTE","1993-03-17 00:00:00"
"3148M","-","0","500","","","365","513","0","0","0","1","0","0","0","106.358717060933","0","0","0","0.882","MESTIZO BRAHMAN","7 MAT","MAUTE","1993-03-22 00:00:00"
"3165M","-","0","498","","","383","492","0","0","0","2","0","0","0","102.004851450252","0","0","0","0.762","MESTIZO BRAHMAN","5 MAU","MAUTE","1993-04-03 00:00:00"
"3168M","-","0","492","","","458","0","0","0","0","0","0","0","0","0","0","0","0","0.54","MESTIZO BRAHMAN","5 MAU","MAUTE","1993-04-07 00:00:00"
"3170M","-","0","490","","","482","0","0","0","0","0","0","0","0","0","0","0","0","0.235","MESTIZO BRAHMAN","7 MAT","MAUTE","1993-04-10 00:00:00"
"3177M","-","0","490","","","358","503","0","0","0","2","0","0","0","104.285447722514","0","0","0","0.588","MESTIZO BRAHMAN","7 MAT","MAUTE","1993-04-21 00:00:00"
"3179M","-","0","498","","","333","490","0","0","0","2","0","0","0","101.590197582568","0","0","0","1.016","MESTIZO BRAHMAN","5 MAU","MAUTE","1993-04-21 00:00:00"
"3181M","-","0","488","","","420","0","0","0","0","0","0","0","0","0","0","0","0","1.079","MESTIZO BRAHMAN","5 MAU","MAUTE","1993-04-21 00:00:00"
"3183M","-","0","484","","","333","476","0","0","0","2","0","0","0","98.6876205087803","0","0","0","1.016","MESTIZO BRAHMAN","5 MAU","MAUTE","1993-04-21 00:00:00"
"3190M","-","0","486","","","331","501","0","0","0","2","0","0","0","103.87079385483","0","0","0","0.529","MESTIZO BRAHMAN","7 MAT","MAUTE","1993-04-28 00:00:00"
"3193M","-","0","484","","","347","477","0","0","0","2","0","0","0","98.8949474426223","0","0","0","0.794","MESTIZO BRAHMAN","5 MAU","MAUTE","1993-04-28 00:00:00"
"3209M","-","0","490","","","408","0","0","0","0","0","0","0","0","0","0","0","0","1.302","MESTIZO BRAHMAN","5 MAU","MAUTE","1993-05-06 00:00:00"
"3212M","-","0","480","","","321","472","0","0","0","2","0","0","0","97.8583127734124","0","0","0","0.571","MESTIZO BRAHMAN","5 MAU","MAUTE","1993-05-11 00:00:00"
"3250M","-","0","420","","","150","0","0","0","0","0","0","0","0","0","0","0","0","0.311","MESTIZO BRAHMAN","5 MAU","MAUTE","1993-06-09 00:00:00"
"3268M","-","0","476","","","351","0","0","0","0","0","0","0","0","0","0","0","0","1","MESTIZO BRAHMAN","7 MAT","MAUTE","1993-06-21 00:00:00"
"3271M","-","0","482","","","365","493","0","0","0","2","0","0","0","102.212178384094","0","0","0","0.588","MESTIZO BRAHMAN","7 MAT","MAUTE","1993-06-21 00:00:00"
"3276M","-","0","476","","","335","469","0","0","0","2","0","0","0","97.2363319718865","0","0","0","0.889","MESTIZO BRAHMAN","5 MAU","MAUTE","1993-06-25 00:00:00"
"3293M","-","0","478","","","152","0","0","0","0","0","0","0","0","0","0","0","0","1.175","MESTIZO BRAHMAN","5 MAU","MAUTE","1993-07-03 00:00:00"
"3353M","-","0","490","","","333","0","500","0","0","0","1","0","0","0","121.616033857904","0","0","0.609","MESTIZO BRAHMAN","5 MAU","MAUTE","1993-10-20 00:00:00"
"3603M","-","0","470","","","400","0","0","0","0","0","0","0","0","0","0","0","0","0.833","MESTIZO BRAHMAN","7 MAT","MAUTE","1993-01-15 00:00:00"
"3612M","-","0","574","","","520","0","0","0","0","0","0","0","0","0","0","0","0","1.929","MESTIZO BRAHMAN","7 MAT","MAUTE","1993-02-04 00:00:00"
"3619M","-","0","510","","","420","0","0","0","0","0","0","0","0","0","0","0","0","1.429","MESTIZO BRAHMAN","5 MAU","MAUTE","1993-02-28 00:00:00"
"3622M","-","0","490","","","426","0","0","0","0","0","0","0","0","0","0","0","0","1.016","MESTIZO BRAHMAN","5 MAU","MAUTE","1993-03-20 00:00:00"
"3624M","-","0","480","","","134","0","0","0","0","0","0","0","0","0","0","0","0","1.27","MESTIZO BRAHMAN","5 MAU","MAUTE","1993-06-19 00:00:00"
"3629M","-","0","520","","","431","0","0","0","0","0","0","0","0","0","0","0","0","1.056","MESTIZO BRAHMAN","7 MAT","MAUTE","1993-04-20 00:00:00"
"3630M","-","0","484","","","377","494","0","0","0","2","0","0","0","102.419505317936","0","0","0","0.647","MESTIZO BRAHMAN","7 MAT","MAUTE","1993-04-21 00:00:00"
"3631M","-","0","476","","","160","0","0","0","0","0","0","0","0","0","0","0","0","1.206","MESTIZO BRAHMAN","5 MAU","MAUTE","1993-04-21 00:00:00"
"3662M","-","0","450","","","418","0","0","0","0","0","0","0","0","0","0","0","0","0.508","MESTIZO BRAHMAN","5 MAU","MAUTE","1993-09-18 00:00:00"
"3667M","-","0","498","","","356","512","0","0","0","1","0","0","0","106.151390127091","0","0","0","0.882","MESTIZO BRAHMAN","7 MAT","MAUTE","1993-11-11 00:00:00"
"3801M","-","0","0","","","450","0","0","0","0","0","0","0","0","0","0","0","0","0","MESTIZO BRAHMAN","7 MAT","MAUTE","1993-01-04 00:00:00"
"3802M","-","0","0","","","0","0","0","0","0","0","0","0","0","0","0","0","0","0","MESTIZO BRAHMAN","5 MAU","MAUTE","1993-01-04 00:00:00"
"3804M","-","0","0","","","0","0","0","0","0","0","0","0","0","0","0","0","0","0","MESTIZO BRAHMAN","5 MAU","MAUTE","1993-01-20 00:00:00"
"3807M","-","0","0","","","574","0","0","0","0","0","0","0","0","0","0","0","0","0","MESTIZO BRAHMAN","7 MAT","MAUTE","1993-01-24 00:00:00"
"3809M","-","0","0","","","570","0","0","0","0","0","0","0","0","0","0","0","0","0","MESTIZO BRAHMAN","7 MAT","MAUTE","1993-02-04 00:00:00"
"3810M","-","0","0","","","540","0","0","0","0","0","0","0","0","0","0","0","0","0","MESTIZO BRAHMAN","7 MAT","MAUTE","1993-02-04 00:00:00"
"3812M","-","0","0","","","0","0","0","0","0","0","0","0","0","0","0","0","0","0","MESTIZO BRAHMAN","5 MAU","MAUTE","1993-02-15 00:00:00"
"3813M","-","0","0","","","0","0","0","0","0","0","0","0","0","0","0","0","0","0","BRAHMAN","5 MAU","MAUTE","1993-02-18 00:00:00"
"3814M","-","0","450","","","520","0","0","0","0","0","0","0","0","0","0","0","0","-1.667","MESTIZO BRAHMAN","7 MAT","MAUTE","1993-02-20 00:00:00"
"3815M","-","0","0","","","0","0","0","0","0","0","0","0","0","0","0","0","0","0","MESTIZO BRAHMAN","5 MAU","MAUTE","1993-02-21 00:00:00"
"3817M","-","0","568","","","454","0","0","0","0","0","0","0","0","0","0","0","0","3.931","MESTIZO BRAHMAN","7 MAT","MAUTE","1993-03-05 00:00:00"
"3818M","-","0","640","","","422","0","0","0","0","0","0","0","0","0","0","0","0","3","MESTIZO BRAHMAN","7 MAT","MAUTE","1993-03-10 00:00:00"
"3819M","-","0","0","","","518","0","0","0","0","0","0","0","0","0","0","0","0","0","MESTIZO BRAHMAN","7 MAT","MAUTE","1993-03-12 00:00:00"
"3820M","-","0","484","","","314","420","482","0","0","3","2","0","0","87.0773122136297","117.237856639019","0","0","0.698","MESTIZO BRAHMAN","5 MAU","MAUTE","1993-03-14 00:00:00"
"3821M","-","0","490","","","424","0","0","0","0","0","0","0","0","0","0","0","0","0.714","MESTIZO BRAHMAN","7 MAT","MAUTE","1993-03-14 00:00:00"
"3823M","-","0","520","","","418","0","0","0","0","0","0","0","0","0","0","0","0","1.114","MESTIZO BRAHMAN","7 MAT","MAUTE","1993-04-14 00:00:00"
"3825M","-","0","546","","","484","0","0","0","0","0","0","0","0","0","0","0","0","0.943","MESTIZO BRAHMAN","7 MAT","MAUTE","1993-04-20 00:00:00"
"3826M","-","0","524","","","440","0","0","0","0","0","0","0","0","0","0","0","0","0.629","MESTIZO BRAHMAN","7 MAT","MAUTE","1993-05-09 00:00:00"
"3827M","-","0","522","","","390","520","0","0","0","1","0","0","0","107.810005597827","0","0","0","0.818","MESTIZO BRAHMAN","7 MAT","MAUTE","1993-05-11 00:00:00"
"3829M","-","0","510","","","510","0","0","0","0","0","0","0","0","0","0","0","0","0","MESTIZO BRAHMAN","7 MAT","MAUTE","1993-05-16 00:00:00"
"3830M","-","0","0","","","0","0","0","0","0","0","0","0","0","0","0","0","0","0","MESTIZO BRAHMAN","5 MAU","MAUTE","1993-05-17 00:00:00"
"3831M","-","0","566","","","432","564","0","0","0","1","0","0","0","116.932390686874","0","0","0","0.818","MESTIZO BRAHMAN","7 MAT","MAUTE","1993-05-28 00:00:00"
"3832M","-","0","0","","","0","0","0","0","0","0","0","0","0","0","0","0","0","0","MESTIZO BRAHMAN","5 MAU","MAUTE","1993-05-30 00:00:00"
"3833M","-","0","0","","","0","0","0","0","0","0","0","0","0","0","0","0","0","0","MESTIZO BRAHMAN","5 MAU","MAUTE","1993-05-30 00:00:00"
"3834M","-","0","506","","","340","455","0","0","0","2","0","0","0","94.3337548980988","0","0","0","0.714","MESTIZO BRAHMAN","7 MAT","MAUTE","1993-06-08 00:00:00"
"3835M","-","0","490","","","446","0","0","0","0","0","0","0","0","0","0","0","0","0.6","MESTIZO BRAHMAN","7 MAT","MAUTE","1993-06-08 00:00:00"
"3836M","-","0","480","","","354","460","489","0","0","2","2","0","0","95.3703895673087","118.94048111303","0","0","0.294","MESTIZO BRAHMAN","7 MAT","MAUTE","1993-06-10 00:00:00"
"3838M","-","0","520","","","428","0","0","0","0","0","0","0","0","0","0","0","0","1.2","MESTIZO BRAHMAN","7 MAT","MAUTE","1993-07-20 00:00:00"
"3839M","-","0","520","","","462","0","0","0","0","0","0","0","0","0","0","0","0","1","MESTIZO BRAHMAN","7 MAT","MAUTE","1993-07-20 00:00:00"
"3840M","-","0","416","","","326","365","0","0","0","4","0","0","0","75.674330852321","0","0","0","0.814","MESTIZO BRAHMAN","5 MAU","MAUTE","1993-07-23 00:00:00"
"3841M","-","0","0","","","0","0","0","0","0","0","0","0","0","0","0","0","0","0","MESTIZO BRAHMAN","5 MAU","MAUTE","1993-08-03 00:00:00"
"3842M","-","0","528","","","390","526","0","0","0","1","0","0","0","109.053967200879","0","0","0","0.909","MESTIZO BRAHMAN","7 MAT","MAUTE","1993-08-03 00:00:00"
"3843M","-","0","440","","","346","421","0","0","0","3","0","0","0","87.2846391474717","0","0","0","0","MESTIZO BRAHMAN","5 MAU","MAUTE","1993-08-06 00:00:00"
"3844M","-","0","309","","","309","0","0","0","0","0","0","0","0","0","0","0","0","0","MESTIZO BRAHMAN","5 MAU","MAUTE","1993-08-15 00:00:00"
"3845M","-","0","512","","","370","482","0","0","0","2","0","0","0","99.9315821118322","0","0","0","0.5","MESTIZO BRAHMAN","7 MAT","MAUTE","1993-08-29 00:00:00"
"3846M","-","0","0","","","440","0","0","0","0","0","0","0","0","0","0","0","0","0","MESTIZO BRAHMAN","7 MAT","MAUTE","1993-09-09 00:00:00"
"3847M","-","0","568","","","390","491","0","0","0","2","0","0","0","101.79752451641","0","0","0","1.643","MESTIZO BRAHMAN","7 MAT","MAUTE","1993-09-07 00:00:00"
"3848M","-","0","510","","","416","0","0","0","0","0","0","0","0","0","0","0","0","1.029","MESTIZO BRAHMAN","7 MAT","MAUTE","1993-09-12 00:00:00"
"3849M","-","0","514","","","362","488","0","0","0","2","0","0","0","101.175543714884","0","0","0","0.643","MESTIZO BRAHMAN","7 MAT","MAUTE","1993-09-27 00:00:00"
"3850M","-","0","500","","","410","0","0","0","0","0","0","0","0","0","0","0","0","0.643","MESTIZO BRAHMAN","7 MAT","MAUTE","1993-09-28 00:00:00"
"3851M","-","0","520","","","362","470","0","0","0","2","0","0","0","97.4436589057284","0","0","0","1","MESTIZO BRAHMAN","7 MAT","MAUTE","1993-10-18 00:00:00"
"3852M","-","0","520","","","398","0","0","0","0","0","0","0","0","0","0","0","0","1.343","MESTIZO BRAHMAN","7 MAT","MAUTE","1993-10-23 00:00:00"
"3853M","-","0","530","","","458","0","0","0","0","0","0","0","0","0","0","0","0","0.829","MESTIZO BRAHMAN","7 MAT","MAUTE","1993-10-20 00:00:00"
"3854M","-","0","510","","","394","0","0","0","0","0","0","0","0","0","0","0","0","0.857","MESTIZO BRAHMAN","7 MAT","MAUTE","1993-10-27 00:00:00"
"3855M","-","0","590","","","394","542","0","0","0","1","0","0","0","112.371198142351","0","0","0","0.786","MESTIZO BRAHMAN","7 MAT","MAUTE","1993-10-27 00:00:00"
"3856M","-","0","460","","","380","0","0","0","0","0","0","0","0","0","0","0","0","0.571","MESTIZO BRAHMAN","7 MAT","MAUTE","1993-10-27 00:00:00"
"3857M","-","0","484","","","390","0","0","0","0","0","0","0","0","0","0","0","0","1.057","MESTIZO BRAHMAN","7 MAT","MAUTE","1993-10-28 00:00:00"
"3858M","-","0","490","","","398","0","0","0","0","0","0","0","0","0","0","0","0","0.914","MESTIZO BRAHMAN","7 MAT","MAUTE","1993-10-01 00:00:00"
"3859M","-","0","530","","","358","459","0","0","0","2","0","0","0","95.1630626334667","0","0","0","1.286","MESTIZO BRAHMAN","7 MAT","MAUTE","1993-12-11 00:00:00"
"3860M","-","0","566","","","390","507","0","0","0","1","0","0","0","105.114755457882","0","0","0","1.429","MESTIZO BRAHMAN","7 MAT","MAUTE","1992-12-13 00:00:00"
"3861M","-","0","562","","","464","561","0","0","0","1","0","0","0","116.310409885348","0","0","0","1.818","MESTIZO BRAHMAN","7 MAT","MAUTE","1993-11-20 00:00:00"
"3862M","-","0","542","","","350","493","0","0","0","2","0","0","0","102.212178384094","0","0","0","0.857","MESTIZO BRAHMAN","7 MAT","MAUTE","1993-11-21 00:00:00"
"3863M","-","0","520","","","438","0","0","0","0","0","0","0","0","0","0","0","0","1.171","MESTIZO BRAHMAN","7 MAT","MAUTE","1993-11-23 00:00:00"
"3864M","-","0","562","","","420","560","0","0","0","1","0","0","0","116.103082951506","0","0","0","0.818","MESTIZO BRAHMAN","7 MAT","MAUTE","1993-12-01 00:00:00"
"3865M","-","0","480","","","420","431","0","0","0","3","0","0","0","89.3579084858914","0","0","0","0.556","MESTIZO BRAHMAN","7 MAT","MAUTE","1993-12-04 00:00:00"
"3867M","-","0","490","","","364","0","0","0","0","0","0","0","0","0","0","0","0","1.057","MESTIZO BRAHMAN","7 MAT","MAUTE","1993-12-12 00:00:00"
"3868M","-","0","486","","","350","0","0","0","0","0","0","0","0","0","0","0","0","1.229","MESTIZO BRAHMAN","7 MAT","MAUTE","1993-12-26 00:00:00"
"4801M","-","0","494","","","392","0","0","0","0","0","0","0","0","0","0","0","0","1.333","MESTIZO BRAHMAN","7 MAT","MAUTE","1994-01-07 00:00:00"
"4802M","-","0","480","","","382","475","0","0","0","2","0","0","0","98.4802935749383","0","0","0","0.413","MESTIZO BRAHMAN","5 MAU","MAUTE","1994-01-18 00:00:00"
"4803M","-","0","548","","","450","0","0","0","0","0","0","0","0","0","0","0","0","2","MESTIZO BRAHMAN","7 MAT","MAUTE","1994-01-22 00:00:00"
"4807M","-","0","500","","","460","0","0","0","0","0","0","0","0","0","0","0","0","0.929","MESTIZO BRAHMAN","5 MAU","MAUTE","1994-02-03 00:00:00"
"4808M","-","0","482","","","350","475","0","0","0","2","0","0","0","98.4802935749383","0","0","0","0.667","MESTIZO BRAHMAN","5 MAU","MAUTE","1994-02-03 00:00:00"
"4810M","-","0","468","","","426","0","0","0","0","0","0","0","0","0","0","0","0","0.656","MESTIZO BRAHMAN","7 MAT","MAUTE","1994-02-06 00:00:00"
"4811M","-","0","480","","","386","489","0","0","0","2","0","0","0","101.382870648726","0","0","0","0.471","MESTIZO BRAHMAN","7 MAT","MAUTE","1994-02-09 00:00:00"
"4812M","-","0","466","","","380","474","0","0","0","2","0","0","0","98.2729666410963","0","0","0","0.118","MESTIZO BRAHMAN","7 MAT","MAUTE","1994-02-09 00:00:00"
"4813M","-","0","486","","","380","496","0","0","0","2","0","0","0","102.83415918562","0","0","0","0.412","MESTIZO BRAHMAN","7 MAT","MAUTE","1994-02-10 00:00:00"
"4814M","-","0","410","","","410","0","0","0","0","0","0","0","0","0","0","0","0","0","MESTIZO BRAHMAN","5 MAU","MAUTE","1994-02-10 00:00:00"
"4815M","-","0","424","","","398","0","0","0","0","0","0","0","0","0","0","0","0","0.413","MESTIZO BRAHMAN","5 MAU","MAUTE","1994-02-14 00:00:00"
"4816M","-","0","526","","","392","539","0","0","0","1","0","0","0","111.749217340825","0","0","0","0.647","MESTIZO BRAHMAN","7 MAT","MAUTE","1994-02-14 00:00:00"
"4817M","-","0","484","","","370","490","0","0","0","2","0","0","0","101.590197582568","0","0","0","0.219","MESTIZO BRAHMAN","5 MAU","MAUTE","1994-02-21 00:00:00"
"4818M","-","0","508","","","416","0","0","0","0","0","0","0","0","0","0","0","0","0.722","MESTIZO BRAHMAN","7 MAT","MAUTE","1994-02-21 00:00:00"
"4819M","-","0","496","","","386","507","0","0","0","1","0","0","0","105.114755457882","0","0","0","1.059","MESTIZO BRAHMAN","7 MAT","MAUTE","1994-02-22 00:00:00"
"4820M","-","0","430","","","404","431","0","0","0","3","0","0","0","89.3579084858914","0","0","0","-0.781","MESTIZO BRAHMAN","5 MAU","MAUTE","1994-02-28 00:00:00"
"4821M","-","0","486","","","386","481","0","0","0","2","0","0","0","99.7242551779902","0","0","0","0.762","MESTIZO BRAHMAN","5 MAU","MAUTE","1994-03-01 00:00:00"
"4823M","-","0","512","","","412","522","0","0","0","1","0","0","0","108.224659465511","0","0","0","1.059","MESTIZO BRAHMAN","7 MAT","MAUTE","1994-03-07 00:00:00"
"4824M","-","0","550","","","446","0","0","0","0","0","0","0","0","0","0","0","0","0.643","MESTIZO BRAHMAN","7 MAT","MAUTE","1994-03-03 00:00:00"
"4825M","-","0","522","","","410","0","0","0","0","0","0","0","0","0","0","0","0","1.357","MESTIZO BRAHMAN","7 MAT","MAUTE","1994-03-15 00:00:00"
"4826M","-","0","546","","","422","558","0","0","0","1","0","0","0","115.688429083822","0","0","0","1.176","MESTIZO BRAHMAN","7 MAT","MAUTE","1994-03-18 00:00:00"
"4827M","-","0","518","","","410","0","0","0","0","0","0","0","0","0","0","0","0","0.714","MESTIZO BRAHMAN","7 MAT","MAUTE","1994-03-19 00:00:00"
"4828M","-","0","360","","","394","0","0","0","0","0","0","0","0","0","0","0","0","-3.167","MESTIZO BRAHMAN","7 MAT","MAUTE","1994-03-18 00:00:00"
"4830M","-","0","530","","","352","455","538","0","0","2","1","0","0","94.3337548980988","130.858852431105","0","0","0.188","MESTIZO BRAHMAN","5 MAU","MAUTE","1994-03-31 00:00:00"
"4831M","-","0","478","","","346","471","0","0","0","2","0","0","0","97.6509858395704","0","0","0","0.921","MESTIZO BRAHMAN","5 MAU","MAUTE","1994-04-01 00:00:00"
"4832M","-","0","492","","","380","503","0","0","0","2","0","0","0","104.285447722514","0","0","0","0.765","MESTIZO BRAHMAN","7 MAT","MAUTE","1994-04-01 00:00:00"
"4833M","-","0","0","","","0","0","0","0","0","0","0","0","0","0","0","0","0","0","MESTIZO BRAHMAN","5 MAU","MAUTE","1994-04-06 00:00:00"
"4834M","-","0","476","","","380","471","0","0","0","2","0","0","0","97.6509858395704","0","0","0","1.048","MESTIZO BRAHMAN","5 MAU","MAUTE","1994-04-07 00:00:00"
"4835M","-","0","440","","","406","0","0","0","0","0","0","0","0","0","0","0","0","0.54","MESTIZO BRAHMAN","5 MAU","MAUTE","1994-04-11 00:00:00"
"4836M","-","0","500","","","420","504","0","0","0","1","0","0","0","104.492774656356","0","0","0","0.125","MESTIZO BRAHMAN","5 MAU","MAUTE","1994-04-11 00:00:00"
"4837M","-","0","504","","","344","454","511","0","0","2","1","0","0","94.1264279642568","124.291586602778","0","0","0.094","MESTIZO BRAHMAN","5 MAU","MAUTE","1994-04-11 00:00:00"
"4838M","-","0","470","","","390","0","0","0","0","0","0","0","0","0","0","0","0","0.667","MESTIZO BRAHMAN","7 MAT","MAUTE","1994-04-16 00:00:00"
"4839M","-","0","460","","","366","0","0","0","0","0","0","0","0","0","0","0","0","0.61","MESTIZO BRAHMAN","7 MAT","MAUTE","1994-04-06 00:00:00"
"4840M","-","0","498","","","324","463","0","0","0","2","0","0","0","95.9923703688346","0","0","0","0.5","MESTIZO BRAHMAN","7 MAT","MAUTE","1994-04-17 00:00:00"
"4841M","-","0","478","","","410","481","0","0","0","2","0","0","0","99.7242551779902","0","0","0","-0.094","MESTIZO BRAHMAN","5 MAU","MAUTE","1994-04-22 00:00:00"
"4842M","-","0","510","","","396","0","0","0","0","0","0","0","0","0","0","0","0","1.111","MESTIZO BRAHMAN","7 MAT","MAUTE","1994-04-25 00:00:00"
"4843M","-","0","484","","","430","0","0","0","0","0","0","0","0","0","0","0","0","0.857","MESTIZO BRAHMAN","5 MAU","MAUTE","1994-04-28 00:00:00"
"4844M","-","0","460","","","420","0","0","0","0","0","0","0","0","0","0","0","0","-0.649","MESTIZO BRAHMAN","7 MAT","MAUTE","1994-04-29 00:00:00"
"4845M","-","0","492","","","350","435","498","0","0","3","1","0","0","90.1872162212593","121.129569722472","0","0","0.188","MESTIZO BRAHMAN","5 MAU","MAUTE","1994-04-29 00:00:00"
"4846M","-","0","520","","","380","533","0","0","0","1","0","0","0","110.505255737773","0","0","0","0.471","MESTIZO BRAHMAN","7 MAT","MAUTE","1994-05-01 00:00:00"
"4847M","-","0","460","","","404","463","0","0","0","2","0","0","0","95.9923703688346","0","0","0","0","MESTIZO BRAHMAN","5 MAU","MAUTE","1994-05-12 00:00:00"
"4848M","-","0","444","","","360","438","0","0","0","3","0","0","0","90.8091970227852","0","0","0","0.567","MESTIZO BRAHMAN","5 MAU","MAUTE","1994-05-18 00:00:00"
"4849M","-","0","476","","","380","485","0","0","0","2","0","0","0","100.553562913358","0","0","0","0.353","MESTIZO BRAHMAN","7 MAT","MAUTE","1994-05-19 00:00:00"
"4851M","-","0","470","","","338","463","0","0","0","2","0","0","0","95.9923703688346","0","0","0","0.571","MESTIZO BRAHMAN","5 MAU","MAUTE","1994-05-26 00:00:00"
"4852M","-","0","460","","","416","0","0","0","0","0","0","0","0","0","0","0","0","0.698","MESTIZO BRAHMAN","5 MAU","MAUTE","1994-06-04 00:00:00"
"4853M","-","0","484","","","429","0","0","0","0","0","0","0","0","0","0","0","0","0.873","MESTIZO BRAHMAN","5 MAU","MAUTE","1994-06-13 00:00:00"
"4854M","-","0","432","","","420","0","0","0","0","0","0","0","0","0","0","0","0","0.188","MESTIZO BRAHMAN","7 MAT","MAUTE","1994-06-13 00:00:00"
"4855M","-","0","520","","","420","525","0","0","0","1","0","0","0","108.846640267037","0","0","0","0.156","MESTIZO BRAHMAN","5 MAU","MAUTE","1994-06-19 00:00:00"
"4856M","-","0","522","","","406","528","0","0","0","1","0","0","0","109.468621068563","0","0","0","0.375","MESTIZO BRAHMAN","5 MAU","MAUTE","1994-06-20 00:00:00"
"4857M","-","0","490","","","400","495","0","0","0","2","0","0","0","102.626832251778","0","0","0","-0.156","MESTIZO BRAHMAN","5 MAU","MAUTE","1994-06-20 00:00:00"
"4858M","-","0","532","","","408","506","0","0","0","1","0","0","0","104.90742852404","0","0","0","0.195","MESTIZO BRAHMAN","7 MAT","MAUTE","1994-06-22 00:00:00"
"4859M","-","0","480","","","344","473","0","0","0","2","0","0","0","98.0656397072544","0","0","0","0.627","MESTIZO BRAHMAN","5 MAU","MAUTE","1994-06-27 00:00:00"
"4860M","-","0","474","","","380","479","0","0","0","2","0","0","0","99.3096013103062","0","0","0","0.219","MESTIZO BRAHMAN","5 MAU","MAUTE","1994-06-28 00:00:00"
"4861M","-","0","492","","","458","0","0","0","0","0","0","0","0","0","0","0","0","0.531","MESTIZO BRAHMAN","7 MAT","MAUTE","1994-06-30 00:00:00"
"4862M","-","0","524","","","410","0","0","0","0","0","0","0","0","0","0","0","0","1.056","MESTIZO BRAHMAN","7 MAT","MAUTE","1994-07-17 00:00:00"
"4863M","-","0","460","","","410","0","0","0","0","0","0","0","0","0","0","0","0","0.794","MESTIZO BRAHMAN","5 MAU","MAUTE","1994-07-25 00:00:00"
"4864M","-","0","470","","","380","0","0","0","0","0","0","0","0","0","0","0","0","0.667","MESTIZO BRAHMAN","7 MAT","MAUTE","1994-08-06 00:00:00"
"4865M","-","0","478","","","410","0","0","0","0","0","0","0","0","0","0","0","0","1.079","MESTIZO BRAHMAN","5 MAU","MAUTE","1994-08-11 00:00:00"
"4866M","-","0","464","","","444","0","0","0","0","0","0","0","0","0","0","0","0","0.313","MESTIZO BRAHMAN","7 MAT","MAUTE","1994-08-13 00:00:00"
"4867M","-","0","472","","","420","0","0","0","0","0","0","0","0","0","0","0","0","0.825","MESTIZO BRAHMAN","5 MAU","MAUTE","1994-08-28 00:00:00"
"4868M","-","0","484","","","450","0","0","0","0","0","0","0","0","0","0","0","0","0.531","MESTIZO BRAHMAN","7 MAT","MAUTE","1994-09-03 00:00:00"
"4869M","-","0","530","","","374","492","0","0","0","2","0","0","0","102.004851450252","0","0","0","0.39","MESTIZO BRAHMAN","7 MAT","MAUTE","1994-09-05 00:00:00"
"4870M","-","0","482","","","340","475","0","0","0","2","0","0","0","98.4802935749383","0","0","0","0.667","MESTIZO BRAHMAN","5 MAU","MAUTE","1994-09-12 00:00:00"
"4871M","-","0","498","","","410","502","0","0","0","2","0","0","0","104.078120788672","0","0","0","0.281","MESTIZO BRAHMAN","5 MAU","MAUTE","1994-09-18 00:00:00"
"4873M","-","0","506","","","402","511","0","0","0","1","0","0","0","105.944063193249","0","0","0","0.375","MESTIZO BRAHMAN","5 MAU","MAUTE","1994-09-19 00:00:00"
"4874M","-","0","482","","","422","0","0","0","0","0","0","0","0","0","0","0","0","0.952","MESTIZO BRAHMAN","5 MAU","MAUTE","1994-09-19 00:00:00"
"4876M","-","0","460","","","434","0","0","0","0","0","0","0","0","0","0","0","0","0.406","MESTIZO BRAHMAN","7 MAT","MAUTE","1994-09-27 00:00:00"
"4877M","-","0","468","","","348","474","0","0","0","2","0","0","0","98.2729666410963","0","0","0","0.438","MESTIZO BRAHMAN","5 MAU","MAUTE","1994-09-27 00:00:00"
"4878M","-","0","458","","","358","463","0","0","0","2","0","0","0","95.9923703688346","0","0","0","0.031","MESTIZO BRAHMAN","5 MAU","MAUTE","1994-09-29 00:00:00"
"4879M","-","0","440","","","400","0","0","0","0","0","0","0","0","0","0","0","0","0.635","MESTIZO BRAHMAN","5 MAU","MAUTE","1994-10-01 00:00:00"
"4880M","-","0","460","","","420","0","0","0","0","0","0","0","0","0","0","0","0","0.625","MESTIZO BRAHMAN","7 MAT","MAUTE","1994-10-02 00:00:00"
"4881M","-","0","460","","","424","0","0","0","0","0","0","0","0","0","0","0","0","0.563","MESTIZO BRAHMAN","7 MAT","MAUTE","1994-10-03 00:00:00"
"4882M","-","0","470","","","444","0","0","0","0","0","0","0","0","0","0","0","0","0.406","MESTIZO BRAHMAN","7 MAT","MAUTE","1994-10-04 00:00:00"
"4883M","-","0","500","","","400","505","0","0","0","1","0","0","0","104.700101590198","0","0","0","0.063","MESTIZO BRAHMAN","5 MAU","MAUTE","1994-10-06 00:00:00"
"4884M","-","0","492","","","380","498","0","0","0","2","0","0","0","103.248813053304","0","0","0","0.344","MESTIZO BRAHMAN","5 MAU","MAUTE","1994-10-07 00:00:00"
"4885M","-","0","488","","","386","0","0","0","0","0","0","0","0","0","0","0","0","0.649","MESTIZO BRAHMAN","7 MAT","MAUTE","1994-10-09 00:00:00"
"4886M","-","0","470","","","460","0","0","0","0","0","0","0","0","0","0","0","0","0.156","MESTIZO BRAHMAN","7 MAT","MAUTE","1994-10-10 00:00:00"
"4887M","-","0","500","","","430","0","0","0","0","0","0","0","0","0","0","0","0","-0.488","MESTIZO BRAHMAN","7 MAT","MAUTE","1994-10-24 00:00:00"
"4888M","-","0","470","","","398","0","0","0","0","0","0","0","0","0","0","0","0","0.108","MESTIZO BRAHMAN","7 MAT","MAUTE","1994-10-25 00:00:00"
"4889M","-","0","460","","","374","0","0","0","0","0","0","0","0","0","0","0","0","1.344","MESTIZO BRAHMAN","7 MAT","MAUTE","1994-10-26 00:00:00"
"4890M","-","0","524","","","408","530","0","0","0","1","0","0","0","109.883274936247","0","0","0","0.313","MESTIZO BRAHMAN","5 MAU","MAUTE","1994-10-30 00:00:00"
"4891M","-","0","478","","","426","0","0","0","0","0","0","0","0","0","0","0","0","0.825","MESTIZO BRAHMAN","5 MAU","MAUTE","1994-11-01 00:00:00"
"4892M","-","0","428","","","402","0","0","0","0","0","0","0","0","0","0","0","0","0.413","MESTIZO BRAHMAN","5 MAU","MAUTE","1994-11-05 00:00:00"
"4894M","-","0","0","","","0","0","0","0","0","0","0","0","0","0","0","0","0","0","MESTIZO BRAHMAN","5 MAU","MAUTE","1994-11-06 00:00:00"
"4895M","-","0","472","","","444","0","0","0","0","0","0","0","0","0","0","0","0","0.438","MESTIZO BRAHMAN","7 MAT","MAUTE","1994-11-17 00:00:00"
"4896M","-","0","490","","","380","496","0","0","0","2","0","0","0","102.83415918562","0","0","0","0.094","MESTIZO BRAHMAN","5 MAU","MAUTE","1994-11-17 00:00:00"
"4897M","-","0","540","","","450","0","0","0","0","0","0","0","0","0","0","0","0","0.39","MESTIZO BRAHMAN","7 MAT","MAUTE","1994-11-22 00:00:00"
"4898M","-","0","488","","","400","0","0","0","0","0","0","0","0","0","0","0","0","0.662","MESTIZO BRAHMAN","5 MAU","MAUTE","1994-11-28 00:00:00"
"4899M","-","0","480","","","460","0","0","0","0","0","0","0","0","0","0","0","0","0.313","MESTIZO BRAHMAN","7 MAT","MAUTE","1994-12-02 00:00:00"
"4900M","-","0","502","","","350","454","0","0","0","2","0","0","0","94.1264279642568","0","0","0","0.678","MESTIZO BRAHMAN","5 MAU","MAUTE","1994-12-23 00:00:00"
"4901M","-","0","490","","","454","0","0","0","0","0","0","0","0","0","0","0","0","0.563","MESTIZO BRAHMAN","7 MAT","MAUTE","1994-12-26 00:00:00"
"95010","-","0","450","","","298","0","404","0","0","0","3","0","0","0","98.2657553571863","0","0","1","MESTIZO BRAHMAN","13 MA","MAUTE","1995-04-15 00:00:00"
"95012","-","0","424","","","250","0","371","0","0","0","4","0","0","0","90.2390971225646","0","0","1.15","MESTIZO BRAHMAN","14 MA","MAUTE","1995-04-15 00:00:00"
"95013","-","0","502","","","320","0","492","0","0","0","1","0","0","0","119.670177316177","0","0","0.837","MESTIZO BRAHMAN","13 MA","MAUTE","1995-04-15 00:00:00"
"95014","-","0","440","","","284","0","388","0","0","0","4","0","0","0","94.3740422737334","0","0","1.15","MESTIZO BRAHMAN","13 MA","MAUTE","1995-04-15 00:00:00"
"95028","-","0","464","","","262","0","410","0","0","0","3","0","0","0","99.7251477634811","0","0","1.15","MESTIZO BRAHMAN","13 MA","MAUTE","1995-04-15 00:00:00"
"95031","-","0","478","","","284","0","428","0","0","0","3","0","0","0","104.103324982366","0","0","1.05","MESTIZO BRAHMAN","13 MA","MAUTE","1995-04-15 00:00:00"
"95033","-","0","464","","","275","0","406","0","0","0","3","0","0","0","98.7522194926179","0","0","1.25","MESTIZO BRAHMAN","13 MA","MAUTE","1995-04-15 00:00:00"
"95037","-","0","480","","","330","0","425","0","0","0","3","0","0","0","103.373628779218","0","0","1.25","MESTIZO BRAHMAN","13 MA","MAUTE","1995-04-15 00:00:00"
"95039","-","0","462","","","290","0","417","0","0","0","3","0","0","0","101.427772237492","0","0","0.95","MESTIZO BRAHMAN","13 MA","MAUTE","1995-04-15 00:00:00"
"95045","-","0","474","","","330","0","434","0","0","0","3","0","0","0","105.562717388661","0","0","0.85","MESTIZO BRAHMAN","13 MA","MAUTE","1995-04-15 00:00:00"
"95055","-","0","440","","","280","0","375","0","0","0","4","0","0","0","91.2120253934279","0","0","1.5","MESTIZO BRAHMAN","14 MA","MAUTE","1995-04-15 00:00:00"
"95058","-","0","378","","","250","0","322","0","0","0","5","0","0","0","78.3207258044901","0","0","1.3","MESTIZO BRAHMAN","14 MA","MAUTE","1995-04-15 00:00:00"
"95061","-","0","428","","","280","0","382","0","0","0","4","0","0","0","92.9146498674385","0","0","1","MESTIZO BRAHMAN","14 MA","MAUTE","1995-04-15 00:00:00"
"95062","-","0","450","","","284","0","403","0","0","0","3","0","0","0","98.0225232894705","0","0","1","MESTIZO BRAHMAN","13 MA","MAUTE","1995-04-15 00:00:00"
"95063","-","0","456","","","274","0","399","0","0","0","3","0","0","0","97.0495950186073","0","0","1.25","MESTIZO BRAHMAN","13 MA","MAUTE","1995-04-15 00:00:00"
"95064","-","0","496","","","298","0","446","0","0","0","2","0","0","0","108.48150220125","0","0","1.05","MESTIZO BRAHMAN","13 MA","MAUTE","1995-04-15 00:00:00"
"95065","-","0","474","","","305","0","419","0","0","0","3","0","0","0","101.914236372923","0","0","1.2","MESTIZO BRAHMAN","13 MA","MAUTE","1995-04-15 00:00:00"
"95067","-","0","454","","","304","0","400","0","0","0","3","0","0","0","97.2928270863231","0","0","1.2","MESTIZO BRAHMAN","13 MA","MAUTE","1995-04-15 00:00:00"
"95074","-","0","470","","","306","0","414","0","0","0","3","0","0","0","100.698076034344","0","0","1.25","MESTIZO BRAHMAN","13 MA","MAUTE","1995-04-15 00:00:00"
"95075","-","0","482","","","330","0","474","0","0","0","2","0","0","0","115.292000097293","0","0","0.837","MESTIZO BRAHMAN","13 MA","MAUTE","1995-04-15 00:00:00"
"95081","-","0","460","","","316","0","412","0","0","0","3","0","0","0","100.211611898913","0","0","1.05","MESTIZO BRAHMAN","13 MA","MAUTE","1995-04-15 00:00:00"
"95084","-","0","460","","","291","0","413","0","0","0","3","0","0","0","100.454843966629","0","0","1","MESTIZO BRAHMAN","13 MA","MAUTE","1995-04-15 00:00:00"
"95087","-","0","498","","","334","0","489","0","0","0","2","0","0","0","118.94048111303","0","0","1.163","MESTIZO BRAHMAN","13 MA","MAUTE","1995-04-15 00:00:00"
"95089","-","0","450","","","304","0","416","0","0","0","3","0","0","0","101.184540169776","0","0","0.7","MESTIZO BRAHMAN","13 MA","MAUTE","1995-04-15 00:00:00"
"95093","-","0","494","","","328","0","485","0","0","0","2","0","0","0","117.967552842167","0","0","1.023","MESTIZO BRAHMAN","13 MA","MAUTE","1995-04-15 00:00:00"
"95097","-","0","482","","","300","0","419","0","0","0","3","0","0","0","101.914236372923","0","0","1.4","MESTIZO BRAHMAN","13 MA","MAUTE","1995-04-15 00:00:00"
"95100","-","0","420","","","285","0","369","0","0","0","4","0","0","0","89.752632987133","0","0","1.15","MESTIZO BRAHMAN","14 MA","MAUTE","1995-04-15 00:00:00"
"95107","-","0","410","","","300","0","353","0","0","0","4","0","0","0","85.8609199036801","0","0","1.35","MESTIZO BRAHMAN","14 MA","MAUTE","1995-04-15 00:00:00"
"95115","-","0","486","","","300","0","430","0","0","0","3","0","0","0","104.589789117797","0","0","1.2","MESTIZO BRAHMAN","13 MA","MAUTE","1995-04-15 00:00:00"
"95116","-","0","468","","","312","0","418","0","0","0","3","0","0","0","101.671004305208","0","0","1.1","MESTIZO BRAHMAN","13 MA","MAUTE","1995-04-15 00:00:00"
"95117","-","0","410","","","274","0","357","0","0","0","4","0","0","0","86.8338481745433","0","0","1.2","MESTIZO BRAHMAN","14 MA","MAUTE","1995-04-15 00:00:00"
"95120","-","0","376","","","258","0","330","0","0","0","5","0","0","0","80.2665823462165","0","0","1.05","MESTIZO BRAHMAN","14 MA","MAUTE","1995-04-15 00:00:00"
"95121","-","0","460","","","312","0","418","0","0","0","3","0","0","0","101.671004305208","0","0","0.9","MESTIZO BRAHMAN","13 MA","MAUTE","1995-04-15 00:00:00"
"95122","-","0","466","","","290","0","456","0","0","0","2","0","0","0","110.913822878408","0","0","0.465","MESTIZO BRAHMAN","13 MA","MAUTE","1995-04-15 00:00:00"
"95123","-","0","470","","","284","0","460","0","0","0","2","0","0","0","111.886751149272","0","0","0.744","MESTIZO BRAHMAN","13 MA","MAUTE","1995-04-15 00:00:00"
"95127","-","0","470","","","298","0","419","0","0","0","3","0","0","0","101.914236372923","0","0","1.1","MESTIZO BRAHMAN","14 MA","MAUTE","1995-04-15 00:00:00"
"95128","-","","448","","","312","0","405","0","0","0","3","0","0","0","98.5089874249021","0","0","0.95","MESTIZO BRAHMAN","13 MA","MAUTE","1995-04-15 00:00:00"
"95131","-","0","484","","","302","0","423","0","0","0","3","0","0","0","102.887164643787","0","0","1.35","MESTIZO BRAHMAN","13 MA","MAUTE","1995-04-15 00:00:00"
"95132","-","0","444","","","268","0","380","0","0","0","4","0","0","0","92.4281857320069","0","0","1.45","MESTIZO BRAHMAN","14 MA","MAUTE","1995-04-15 00:00:00"
"95135","-","0","464","","","260","0","392","0","0","0","4","0","0","0","95.3469705445966","0","0","1.6","MESTIZO BRAHMAN","13 MA","MAUTE","1995-04-15 00:00:00"
"95136","-","0","450","","","382","0","0","0","0","0","0","0","0","0","0","0","0","1.15","MESTIZO BRAHMAN","13 MA","MAUTE","1995-04-15 00:00:00"
"95137","-","0","430","","","285","0","398","0","0","0","3","0","0","0","96.8063629508914","0","0","0.65","MESTIZO BRAHMAN","14 MA","MAUTE","1995-04-15 00:00:00"
"95138","-","0","446","","","276","0","389","0","0","0","4","0","0","0","94.6172743414492","0","0","1.25","MESTIZO BRAHMAN","14 MA","MAUTE","1995-04-15 00:00:00"
"95142","-","0","456","","","284","0","418","0","0","0","3","0","0","0","101.671004305208","0","0","0.75","MESTIZO BRAHMAN","13 MA","MAUTE","1995-04-15 00:00:00"
"95143","-","0","476","","","284","0","420","0","0","0","3","0","0","0","102.157468440639","0","0","1.2","MESTIZO BRAHMAN","13 MA","MAUTE","1995-04-15 00:00:00"
"95144","-","0","470","","","294","0","417","0","0","0","3","0","0","0","101.427772237492","0","0","1.15","MESTIZO BRAHMAN","13 MA","MAUTE","1995-04-15 00:00:00"
"95149","-","0","492","","","360","0","485","0","0","0","2","0","0","0","117.967552842167","0","0","0.791","MESTIZO BRAHMAN","13 MA","MAUTE","1995-04-15 00:00:00"
"95150","-","0","434","","","266","0","378","0","0","0","4","0","0","0","91.9417215965753","0","0","1.25","MESTIZO BRAHMAN","14 MA","MAUTE","1995-04-15 00:00:00"
"95151","-","0","436","","","278","0","378","0","0","0","4","0","0","0","91.9417215965753","0","0","1.3","MESTIZO BRAHMAN","14 MA","MAUTE","1995-04-15 00:00:00"
"95153","-","0","482","","","320","0","473","0","0","0","2","0","0","0","115.048768029577","0","0","1.116","MESTIZO BRAHMAN","13 MA","MAUTE","1995-04-15 00:00:00"
"95159","-","0","456","","","290","0","403","0","0","0","3","0","0","0","98.0225232894705","0","0","1.15","MESTIZO BRAHMAN","13 MA","MAUTE","1995-04-15 00:00:00"
"95164","-","0","440","","","268","0","391","0","0","0","4","0","0","0","95.1037384768808","0","0","1.05","MESTIZO BRAHMAN","14 MA","MAUTE","1995-04-15 00:00:00"
"95165","-","0","474","","","310","0","423","0","0","0","3","0","0","0","102.887164643787","0","0","1.1","MESTIZO BRAHMAN","13 MA","MAUTE","1995-04-15 00:00:00"
"95167","-","0","476","","","310","0","467","0","0","0","2","0","0","0","113.589375623282","0","0","0.977","MESTIZO BRAHMAN","13 MA","MAUTE","1995-04-15 00:00:00"
"95168","-","0","460","","","287","0","409","0","0","0","3","0","0","0","99.4819156957653","0","0","1.1","MESTIZO BRAHMAN","13 MA","MAUTE","1995-04-15 00:00:00"
"95170","-","0","460","","","308","0","420","0","0","0","3","0","0","0","102.157468440639","0","0","0.85","MESTIZO BRAHMAN","13 MA","MAUTE","1995-04-15 00:00:00"
"95181","-","","526","","","370","0","518","0","0","0","1","0","0","0","125.994211076788","0","0","0.651","MESTIZO BRAHMAN","13 MA","MAUTE","1995-04-15 00:00:00"
"95182","-","0","440","","","274","0","384","0","0","0","4","0","0","0","93.4011140028701","0","0","1.25","MESTIZO BRAHMAN","14 MA","MAUTE","1995-04-15 00:00:00"
"95183","-","0","450","","","300","0","385","0","0","0","4","0","0","0","93.644346070586","0","0","1.5","MESTIZO BRAHMAN","13 MA","MAUTE","1995-04-15 00:00:00"
"95188","-","","478","","","320","0","424","0","0","0","3","0","0","0","103.130396711502","0","0","1.2","MESTIZO BRAHMAN","13 MA","MAUTE","1995-04-15 00:00:00"
"95189","-","0","488","","","320","0","479","0","0","0","2","0","0","0","116.508160435872","0","0","0.884","MESTIZO BRAHMAN","13 MA","MAUTE","1995-04-15 00:00:00"
"95192","-","0","444","","","284","0","405","0","0","0","3","0","0","0","98.5089874249021","0","0","0.8","MESTIZO BRAHMAN","14 MA","MAUTE","1995-04-15 00:00:00"
"95193","-","0","456","","","300","0","402","0","0","0","3","0","0","0","97.7792912217547","0","0","1.2","MESTIZO BRAHMAN","13 MA","MAUTE","1995-04-15 00:00:00"
"95201","-","0","440","","","284","0","380","0","0","0","4","0","0","0","92.4281857320069","0","0","1.35","MESTIZO BRAHMAN","14 MA","MAUTE","1995-04-15 00:00:00"
"95204","-","0","478","","","305","0","469","0","0","0","2","0","0","0","114.075839758714","0","0","0.651","MESTIZO BRAHMAN","13 MA","MAUTE","1995-04-15 00:00:00"
"95206","-","0","490","","","310","0","442","0","0","0","3","0","0","0","107.508573930387","0","0","1","MESTIZO BRAHMAN","13 MA","MAUTE","1995-04-15 00:00:00"
"95212","-","0","420","","","278","0","391","0","0","0","4","0","0","0","95.1037384768808","0","0","0.434","MESTIZO BRAHMAN","14 MA","MAUTE","1995-04-15 00:00:00"
"95214","-","0","442","","","274","0","393","0","0","0","4","0","0","0","95.5902026123124","0","0","1.05","MESTIZO BRAHMAN","14 MA","MAUTE","1995-04-15 00:00:00"
"95216","-","0","464","","","290","0","407","0","0","0","3","0","0","0","98.9954515603337","0","0","1.25","MESTIZO BRAHMAN","13 MA","MAUTE","1995-04-15 00:00:00"
"95217","-","0","410","","","272","0","365","0","0","0","4","0","0","0","88.7797047162698","0","0","1","MESTIZO BRAHMAN","14 MA","MAUTE","1995-04-15 00:00:00"
"95219","-","0","464","","","311","0","429","0","0","0","3","0","0","0","104.346557050081","0","0","0.7","MESTIZO BRAHMAN","13 MA","MAUTE","1995-04-15 00:00:00"
"95221","-","0","422","","","280","0","367","0","0","0","4","0","0","0","89.2661688517014","0","0","1.25","MESTIZO BRAHMAN","14 MA","MAUTE","1995-04-15 00:00:00"
"95229","-","0","440","","","282","0","394","0","0","0","4","0","0","0","95.8334346800282","0","0","1","MESTIZO BRAHMAN","14 MA","MAUTE","1995-04-15 00:00:00"
"95230","-","0","470","","","328","0","423","0","0","0","3","0","0","0","102.887164643787","0","0","1.05","MESTIZO BRAHMAN","13 MA","MAUTE","1995-04-15 00:00:00"
"95236","-","0","476","","","338","0","468","0","0","0","2","0","0","0","113.832607690998","0","0","0.419","MESTIZO BRAHMAN","14 MA","MAUTE","1995-04-15 00:00:00"
"95239","-","0","430","","","264","0","366","0","0","0","4","0","0","0","89.0229367839856","0","0","1.45","MESTIZO BRAHMAN","14 MA","MAUTE","1995-04-15 00:00:00"
"95241","-","0","410","","","250","0","362","0","0","0","4","0","0","0","88.0500085131224","0","0","1.05","MESTIZO BRAHMAN","14 MA","MAUTE","1995-04-15 00:00:00"
"95242","-","0","482","","","292","0","472","0","0","0","2","0","0","0","114.805535961861","0","0","0.837","MESTIZO BRAHMAN","13 MA","MAUTE","1995-04-15 00:00:00"
"95246","-","0","400","","","234","0","346","0","0","0","5","0","0","0","84.1582954296695","0","0","1.2","MESTIZO BRAHMAN","14 MA","MAUTE","1995-04-15 00:00:00"
"95247","-","0","492","","","310","0","482","0","0","0","2","0","0","0","117.237856639019","0","0","0.977","MESTIZO BRAHMAN","13 MA","MAUTE","1995-04-15 00:00:00"
"95248","-","0","464","","","322","0","456","0","0","0","2","0","0","0","110.913822878408","0","0","0.419","MESTIZO BRAHMAN","13 MA","MAUTE","1995-04-15 00:00:00"
"95249","-","0","468","","","286","0","413","0","0","0","3","0","0","0","100.454843966629","0","0","1.2","MESTIZO BRAHMAN","13 MA","MAUTE","1995-04-15 00:00:00"
"95251","-","0","480","","","305","0","334","0","0","0","5","0","0","0","81.2395106170798","0","0","3.6","MESTIZO BRAHMAN","13 MA","MAUTE","1995-04-15 00:00:00"
"95253","-","0","454","","","300","0","446","0","0","0","2","0","0","0","108.48150220125","0","0","0.326","MESTIZO BRAHMAN","13 MA","MAUTE","1995-04-15 00:00:00"
"95254","-","0","454","","","388","0","0","0","0","0","0","0","0","0","0","0","0","1.5","MESTIZO BRAHMAN","13 MA","MAUTE","1995-04-15 00:00:00"
"95255","-","0","492","","","242","0","420","0","0","0","3","0","0","0","102.157468440639","0","0","1.55","MESTIZO BRAHMAN","13 MA","MAUTE","1995-04-15 00:00:00"
"95256","-","0","490","","","324","0","436","0","0","0","3","0","0","0","106.049181524092","0","0","1.2","MESTIZO BRAHMAN","13 MA","MAUTE","1995-04-15 00:00:00"
"95259","-","0","422","","","308","0","370","0","0","0","4","0","0","0","89.9958650548488","0","0","1.2","MESTIZO BRAHMAN","14 MA","MAUTE","1995-04-15 00:00:00"
"95260","-","0","470","","","314","0","469","0","0","0","2","0","0","0","114.075839758714","0","0","-0.2","MESTIZO BRAHMAN","13 MA","MAUTE","1995-04-15 00:00:00"
"95261","-","0","460","","","290","0","413","0","0","0","3","0","0","0","100.454843966629","0","0","1","MESTIZO BRAHMAN","13 MA","MAUTE","1995-04-15 00:00:00"
"95265","-","0","460","","","302","0","402","0","0","0","3","0","0","0","97.7792912217547","0","0","1.3","MESTIZO BRAHMAN","13 MA","MAUTE","1995-04-15 00:00:00"
"95266","-","0","364","","","210","0","329","0","0","0","5","0","0","0","80.0233502785007","0","0","0.7","MESTIZO BRAHMAN","14 MA","MAUTE","1995-04-15 00:00:00"
"95267","-","0","414","","","264","0","332","0","0","0","5","0","0","0","80.7530464816481","0","0","1.95","MESTIZO BRAHMAN","14 MA","MAUTE","1995-04-15 00:00:00"
"95270","-","0","490","","","304","0","427","0","0","0","3","0","0","0","103.86009291465","0","0","1.4","MESTIZO BRAHMAN","13 MA","MAUTE","1995-04-15 00:00:00"
"95274","-","0","456","","","288","0","413","0","0","0","3","0","0","0","100.454843966629","0","0","0.9","MESTIZO BRAHMAN","13 MA","MAUTE","1995-04-15 00:00:00"
"95279","-","0","450","","","294","0","413","0","0","0","3","0","0","0","100.454843966629","0","0","0.75","MESTIZO BRAHMAN","13 MA","MAUTE","1995-04-15 00:00:00"
"95280","-","0","440","","","282","0","386","0","0","0","4","0","0","0","93.8875781383017","0","0","1.2","MESTIZO BRAHMAN","14 MA","MAUTE","1995-04-15 00:00:00"
"95282","-","0","358","","","210","0","316","0","0","0","5","0","0","0","76.8613333981952","0","0","0.9","MESTIZO BRAHMAN","14 MA","MAUTE","1995-04-15 00:00:00"
"95286","-","0","494","","","310","0","433","0","0","0","3","0","0","0","105.319485320945","0","0","1.35","MESTIZO BRAHMAN","13 MA","MAUTE","1995-04-15 00:00:00"
"95287","-","0","430","","","260","0","373","0","0","0","4","0","0","0","90.7255612579963","0","0","1.25","MESTIZO BRAHMAN","14 MA","MAUTE","1995-04-15 00:00:00"
"D6010","-","0","498","","","498","0","0","0","0","0","0","0","0","0","0","0","0","0","MESTIZO BRAHMAN","5 MAU","MAUTE","1995-01-05 00:00:00"
"D8003","-","0","484","","","344","437","0","0","0","3","0","0","0","90.6018700889433","0","0","0","2","MESTIZO BRAHMAN","7 MAT","MAUTE","1995-01-01 00:00:00"
"D8004","-","0","496","","","370","0","0","0","0","0","0","0","0","0","0","0","0","1.119","MESTIZO BRAHMAN","5 MAU","MAUTE","1995-01-09 00:00:00"
"D8005","-","0","472","","","386","0","0","0","0","0","0","0","0","0","0","0","0","0.324","MESTIZO BRAHMAN","7 MAT","MAUTE","1995-01-10 00:00:00"
"D8006","-","0","440","","","410","0","0","0","0","0","0","0","0","0","0","0","0","0.469","MESTIZO BRAHMAN","7 MAT","MAUTE","1995-01-10 00:00:00"
"D8008","-","0","466","","","394","0","0","0","0","0","0","0","0","0","0","0","0","0.162","MESTIZO BRAHMAN","7 MAT","MAUTE","1995-01-13 00:00:00"
"D8009","-","0","436","","","406","0","0","0","0","0","0","0","0","0","0","0","0","0.469","MESTIZO BRAHMAN","7 MAT","MAUTE","1995-01-15 00:00:00"
"D8013","-","0","474","","","386","0","0","0","0","0","0","0","0","0","0","0","0","0.378","MESTIZO BRAHMAN","7 MAT","MAUTE","1995-01-17 00:00:00"
"D8014","-","0","534","","","416","0","0","0","0","0","0","0","0","0","0","0","0","0.341","MESTIZO BRAHMAN","7 MAT","MAUTE","1995-01-25 00:00:00"
"D8015","-","0","500","","","500","0","0","0","0","0","0","0","0","0","0","0","0","0","MESTIZO BRAHMAN","7 MAT","MAUTE","1995-01-25 00:00:00"
"D8016","-","0","414","","","390","0","0","0","0","0","0","0","0","0","0","0","0","0.375","MESTIZO BRAHMAN","7 MAT","MAUTE","1995-01-30 00:00:00"
"D8019","-","0","456","","","414","0","0","0","0","0","0","0","0","0","0","0","0","0.656","MESTIZO BRAHMAN","7 MAT","MAUTE","1995-02-09 00:00:00"
"D8020","-","0","400","","","400","0","0","0","0","0","0","0","0","0","0","0","0","0","MESTIZO BRAHMAN","7 MAT","MAUTE","1995-02-09 00:00:00"
"D8023","-","0","520","","","344","443","0","0","0","3","0","0","0","91.8458316919951","0","0","0","1.186","MESTIZO BRAHMAN","5 MAU","MAUTE","1995-02-13 00:00:00"
"D8024","-","0","524","","","380","0","0","0","0","0","0","0","0","0","0","0","0","0","MESTIZO BRAHMAN","7 MAT","MAUTE","1995-02-09 00:00:00"
"D8025","-","0","430","","","388","0","0","0","0","0","0","0","0","0","0","0","0","0.656","MESTIZO BRAHMAN","7 MAT","MAUTE","1995-02-22 00:00:00"
"D8026","-","0","518","","","390","0","0","0","0","0","0","0","0","0","0","0","0","1.186","MESTIZO BRAHMAN","5 MAU","MAUTE","1995-02-14 00:00:00"
"D8027","-","0","500","","","360","0","0","0","0","0","0","0","0","0","0","0","0","0.703","MESTIZO BRAHMAN","7 MAT","MAUTE","1995-02-23 00:00:00"
"D8028","-","0","0","","","0","0","0","0","0","0","0","0","0","0","0","0","0","0","MESTIZO BRAHMAN","5 MAU","MAUTE","1995-02-25 00:00:00"
"D8030","-","0","514","","","378","0","0","0","0","0","0","0","0","0","0","0","0","1.085","MESTIZO BRAHMAN","5 MAU","MAUTE","1995-02-28 00:00:00"
"D8033","-","0","564","","","412","0","0","0","0","0","0","0","0","0","0","0","0","0.829","MESTIZO BRAHMAN","7 MAT","MAUTE","1995-03-06 00:00:00"
"D8036","-","0","382","","","382","0","0","0","0","0","0","0","0","0","0","0","0","0","MESTIZO BRAHMAN","9 TUY","MAUTE","1995-04-02 00:00:00"
"D8037","-","0","520","","","340","448","0","0","0","2","0","0","0","92.882466361205","0","0","0","1.085","MESTIZO BRAHMAN","5 MAU","MAUTE","1995-03-22 00:00:00"
"D8039","-","0","530","","","360","472","0","0","0","2","0","0","0","97.8583127734124","0","0","0","0","MESTIZO BRAHMAN","7 MAT","MAUTE","1995-03-24 00:00:00"
"D8041","-","0","474","","","348","0","0","0","0","0","0","0","0","0","0","0","0","0.746","MESTIZO BRAHMAN","5 MAU","MAUTE","1995-03-26 00:00:00"
"D8043","-","0","546","","","350","456","0","0","0","2","0","0","0","94.5410818319408","0","0","0","1.39","MESTIZO BRAHMAN","5 MAU","MAUTE","1995-04-04 00:00:00"
"D8045","-","0","502","","","0","0","0","0","0","0","0","0","0","0","0","0","0","0.712","MESTIZO BRAHMAN","5 MAU","MAUTE","1995-04-16 00:00:00"
"D8047","-","0","460","","","420","0","0","0","0","0","0","0","0","0","0","0","0","0.625","MESTIZO BRAHMAN","7 MAT","MAUTE","1995-04-18 00:00:00"
"D8049","-","0","518","","","350","0","0","0","0","0","0","0","0","0","0","0","0","1.153","MESTIZO BRAHMAN","5 MAU","MAUTE","1995-04-28 00:00:00"
"D8050","-","0","472","","","370","470","0","0","0","2","0","0","0","97.4436589057284","0","0","0","0.44","MESTIZO BRAHMAN","9 TUY","MAUTE","1995-04-28 00:00:00"
"D8052","-","0","0","","","0","0","0","0","0","0","0","0","0","0","0","0","0","0","MESTIZO BRAHMAN","5 MAU","MAUTE","1995-05-02 00:00:00"
"D8054","-","0","398","","","398","0","0","0","0","0","0","0","0","0","0","0","0","0","MESTIZO BRAHMAN","9 TUY","MAUTE","1995-05-06 00:00:00"
"D8061","-","0","310","","","310","0","0","0","0","0","0","0","0","0","0","0","0","0","MESTIZO BRAHMAN","9 TUY","MAUTE","1995-05-20 00:00:00"
"D8062","-","0","0","","","0","0","0","0","0","0","0","0","0","0","0","0","0","0","MESTIZO BRAHMAN","5 MAU","MAUTE","1995-05-26 00:00:00"
"D8063","-","0","472","","","340","0","0","0","0","0","0","0","0","0","0","0","0","1.085","MESTIZO BRAHMAN","5 MAU","MAUTE","1995-05-27 00:00:00"
"D8065","-","0","456","","","340","0","0","0","0","0","0","0","0","0","0","0","0","0.712","MESTIZO BRAHMAN","5 MAU","MAUTE","1995-05-29 00:00:00"
"D8066","-","0","364","","","364","0","0","0","0","0","0","0","0","0","0","0","0","0","MESTIZO BRAHMAN","9 TUY","MAUTE","1995-05-29 00:00:00"
"D8067","-","0","480","","","0","0","0","0","0","0","0","0","0","0","0","0","0","1.085","MESTIZO BRAHMAN","5 MAU","MAUTE","1995-06-02 00:00:00"
"D8069","-","0","376","","","376","0","0","0","0","0","0","0","0","0","0","0","0","0","MESTIZO BRAHMAN","9 TUY","MAUTE","1995-06-08 00:00:00"
"D8074","-","0","360","","","360","0","0","0","0","0","0","0","0","0","0","0","0","0","MESTIZO BRAHMAN","9 TUY","MAUTE","1995-06-14 00:00:00"
"D8078","-","0","514","","","382","0","0","0","0","0","0","0","0","0","0","0","0","1.153","MESTIZO BRAHMAN","5 MAU","MAUTE","1995-06-22 00:00:00"
"D8079","-","0","374","","","374","0","0","0","0","0","0","0","0","0","0","0","0","0","MESTIZO BRAHMAN","9 TUY","MAUTE","1995-06-22 00:00:00"
"D8080","-","0","480","","","340","0","0","0","0","0","0","0","0","0","0","0","0","1.119","MESTIZO BRAHMAN","5 MAU","MAUTE","1995-06-25 00:00:00"
"D8081","-","0","536","","","368","478","0","0","0","2","0","0","0","99.1022743764643","0","0","0","0.847","MESTIZO BRAHMAN","5 MAU","MAUTE","1995-06-28 00:00:00"
"D8085","-","0","498","","","340","0","0","0","0","0","0","0","0","0","0","0","0","1.22","MESTIZO BRAHMAN","5 MAU","MAUTE","1995-06-30 00:00:00"
"D8090","-","0","498","","","346","0","0","0","0","0","0","0","0","0","0","0","0","1.153","MESTIZO BRAHMAN","5 MAU","MAUTE","1995-07-16 00:00:00"
"D8091","-","0","372","","","372","0","0","0","0","0","0","0","0","0","0","0","0","0","MESTIZO BRAHMAN","9 TUY","MAUTE","1995-07-18 00:00:00"
"D8092","-","0","510","","","364","0","0","0","0","0","0","0","0","0","0","0","0","1.254","MESTIZO BRAHMAN","5 MAU","MAUTE","1995-07-18 00:00:00"
"D8093","-","0","462","","","462","0","0","0","0","0","0","0","0","0","0","0","0","0","MESTIZO BRAHMAN","9 TUY","MAUTE","1995-07-20 00:00:00"
"D8094","-","0","336","","","336","0","0","0","0","0","0","0","0","0","0","0","0","0","MESTIZO BRAHMAN","9 TUY","MAUTE","1995-07-23 00:00:00"
"D8098","-","0","490","","","350","0","0","0","0","0","0","0","0","0","0","0","0","1.186","MESTIZO BRAHMAN","5 MAU","MAUTE","1995-09-06 00:00:00"
"D8102","-","0","364","","","364","0","0","0","0","0","0","0","0","0","0","0","0","1.186","MESTIZO BRAHMAN","9 TUY","MAUTE","1995-09-13 00:00:00"
"D8105","-","0","406","","","406","0","0","0","0","0","0","0","0","0","0","0","0","1.186","MESTIZO BRAHMAN","9 TUY","MAUTE","1995-09-08 00:00:00"
"D8106","-","0","366","","","188","0","0","0","0","0","0","0","0","0","0","0","0","0.377","MESTIZO BRAHMAN","9 TUY","MAUTE","1995-09-20 00:00:00"
"D8111","-","0","336","","","144","0","0","0","0","0","0","0","0","0","0","0","0","0.407","MESTIZO BRAHMAN","9 TUY","MAUTE","1995-09-22 00:00:00"
"D8114","-","0","398","","","0","0","0","0","0","0","0","0","0","0","0","0","0","0.539","MESTIZO BRAHMAN","9 TUY","MAUTE","1995-09-25 00:00:00"
"D8115","-","0","152","","","152","0","0","0","0","0","0","0","0","0","0","0","0","0.539","MESTIZO BRAHMAN","5 MAU","MAUTE","1995-09-06 00:00:00"
"D8116","-","0","354","","","170","0","0","0","0","0","0","0","0","0","0","0","0","0.39","MESTIZO BRAHMAN","9 TUY","MAUTE","1995-09-26 00:00:00"
"D8117","-","0","362","","","230","0","0","0","0","0","0","0","0","0","0","0","0","0.28","MESTIZO BRAHMAN","9 TUY","MAUTE","1995-09-27 00:00:00"
"D8122","-","0","370","","","170","0","0","0","0","0","0","0","0","0","0","0","0","0.424","MESTIZO BRAHMAN","9 TUY","MAUTE","1995-10-03 00:00:00"
"D8123","-","0","346","","","0","0","0","0","0","0","0","0","0","0","0","0","0","0.474","MESTIZO BRAHMAN","9 TUY","MAUTE","1995-10-03 00:00:00"
"D8124","-","0","374","","","0","0","0","0","0","0","0","0","0","0","0","0","0","0.513","MESTIZO BRAHMAN","9 TUY","MAUTE","1995-10-04 00:00:00"
"D8127","-","0","392","","","0","0","0","0","0","0","0","0","0","0","0","0","0","0.54","MESTIZO BRAHMAN","9 TUY","MAUTE","1995-10-07 00:00:00"
"D8129","-","0","384","","","198","0","0","0","0","0","0","0","0","0","0","0","0","0.394","MESTIZO BRAHMAN","9 TUY","MAUTE","1995-10-08 00:00:00"
"D8134","-","0","0","","","0","0","0","0","0","0","0","0","0","0","0","0","0","0","MESTIZO BRAHMAN","5 MAU","MAUTE","1995-10-26 00:00:00"
"D8135","-","0","320","","","0","0","0","0","0","0","0","0","0","0","0","0","0","0.453","MESTIZO BRAHMAN","9 TUY","MAUTE","1995-10-26 00:00:00"
"D8136","-","0","394","","","0","0","0","0","0","0","0","0","0","0","0","0","0","0.557","MESTIZO BRAHMAN","9 TUY","MAUTE","1995-10-26 00:00:00"
"D8137","-","0","330","","","0","0","0","0","0","0","0","0","0","0","0","0","0","0.469","MESTIZO BRAHMAN","9 TUY","MAUTE","1995-10-29 00:00:00"
"D8138","-","0","386","","","0","0","0","0","0","0","0","0","0","0","0","0","0","0.548","MESTIZO BRAHMAN","9 TUY","MAUTE","1995-10-29 00:00:00"
"D8139","-","0","362","","","0","0","0","0","0","0","0","0","0","0","0","0","0","0.515","MESTIZO BRAHMAN","9 TUY","MAUTE","1995-10-30 00:00:00"
"D8140","-","0","364","","","364","0","0","0","0","0","0","0","0","0","0","0","0","0","MESTIZO BRAHMAN","9 TUY","MAUTE","1995-10-30 00:00:00"
"D8143","-","0","488","","","348","0","0","0","0","0","0","0","0","0","0","0","0","0.915","MESTIZO BRAHMAN","5 MAU","MAUTE","1995-11-12 00:00:00"
"D8144","-","0","426","","","426","0","0","0","0","0","0","0","0","0","0","0","0","0","MESTIZO BRAHMAN","9 TUY","MAUTE","1995-11-14 00:00:00"
"D8147","-","0","378","","","0","0","0","0","0","0","0","0","0","0","0","0","0","0.554","MESTIZO BRAHMAN","9 TUY","MAUTE","1995-11-20 00:00:00"
"D8149","-","0","360","","","0","0","0","0","0","0","0","0","0","0","0","0","0","0.536","MESTIZO BRAHMAN","9 TUY","MAUTE","1995-11-30 00:00:00"
"D8152","-","0","340","","","0","0","0","0","0","0","0","0","0","0","0","0","0","0.519","MESTIZO BRAHMAN","9 TUY","MAUTE","1995-12-17 00:00:00"
"D8154","-","0","330","","","0","0","0","0","0","0","0","0","0","0","0","0","0","0.505","MESTIZO BRAHMAN","9 TUY","MAUTE","1995-12-19 00:00:00"
"D8157","-","0","360","","","360","0","0","0","0","0","0","0","0","0","0","0","0","0","MESTIZO BRAHMAN","9 TUY","MAUTE","1995-12-24 00:00:00"
"E8003","-","0","352","","","210","0","351","0","0","0","4","0","0","0","85.3744557682485","0","0","0.387","MESTIZO BRAHMAN","9 TUY","MAUTE","1996-01-02 00:00:00"
"E8007","-","0","344","","","198","0","343","0","0","0","5","0","0","0","83.428599226522","0","0","0.398","MESTIZO BRAHMAN","9 TUY","MAUTE","1996-01-04 00:00:00"
"E8009","-","0","340","","","198","0","339","0","0","0","5","0","0","0","82.4556709556588","0","0","0.387","MESTIZO BRAHMAN","9 TUY","MAUTE","1996-01-05 00:00:00"
"E8011","-","0","300","","","200","0","299","0","0","0","5","0","0","0","72.7263882470265","0","0","0.272","MESTIZO BRAHMAN","9 TUY","MAUTE","1996-01-08 00:00:00"
"E8014","-","0","306","","","168","0","305","0","0","0","5","0","0","0","74.1857806533213","0","0","0.376","MESTIZO BRAHMAN","9 TUY","MAUTE","1996-01-10 00:00:00"
"E8021","-","0","314","","","180","0","313","0","0","0","5","0","0","0","76.1316371950478","0","0","0.365","MESTIZO BRAHMAN","9 TUY","MAUTE","1996-01-25 00:00:00"
"E8022","-","0","364","","","230","0","0","0","0","0","0","0","0","0","0","0","0","0.417","MESTIZO BRAHMAN","9 TUY","MAUTE","1996-01-26 00:00:00"
"E8027","-","0","342","","","212","0","0","329","0","0","0","1","0","0","0","100","0","0.217","MESTIZO BRAHMAN","9 TUY","MAUTE","1996-02-12 00:00:00"
"E8030","-","0","216","","","210","0","0","0","0","0","0","0","0","0","0","0","0","-0.859","MESTIZO BRAHMAN","9 TUY","MAUTE","1996-02-16 00:00:00"
"E8031","-","0","284","","","180","0","0","0","0","0","0","0","0","0","0","0","0","0.324","MESTIZO BRAHMAN","9 TUY","MAUTE","1996-02-24 00:00:00"
"E8036","-","0","286","","","200","0","0","0","0","0","0","0","0","0","0","0","0","0.268","MESTIZO BRAHMAN","9 TUY","MAUTE","1996-02-27 00:00:00"
"E8038","-","0","340","","","193","0","0","0","0","0","0","0","0","0","0","0","0","0.458","MESTIZO BRAHMAN","9 TUY","MAUTE","1996-03-11 00:00:00"
"E8039","-","0","298","","","188","0","0","0","0","0","0","0","0","0","0","0","0","0.343","MESTIZO BRAHMAN","9 TUY","MAUTE","1996-03-11 00:00:00"
"E8040","-","0","178","","","178","0","0","0","0","0","0","0","0","0","0","0","0","0","MESTIZO BRAHMAN","5 MAU","MAUTE","1996-03-16 00:00:00"
"E8041","-","0","140","","","140","0","0","0","0","0","0","0","0","0","0","0","0","0","MESTIZO BRAHMAN","5 MAU","MAUTE","1996-03-16 00:00:00"
"E8042","-","0","324","","","200","0","0","0","0","0","0","0","0","0","0","0","0","0.386","MESTIZO BRAHMAN","9 TUY","MAUTE","1996-03-16 00:00:00"
"E8044","-","0","304","","","200","0","0","0","0","0","0","0","0","0","0","0","0","0.371","MESTIZO BRAHMAN","9 TUY","MAUTE","1996-04-01 00:00:00"
"E8047","-","0","340","","","218","0","0","0","0","0","0","0","0","0","0","0","0","0.436","MESTIZO BRAHMAN","9 TUY","MAUTE","1996-04-10 00:00:00"
"E8051","-","0","174","","","174","0","0","0","0","0","0","0","0","0","0","0","0","0","MESTIZO BRAHMAN","5 MAU","MAUTE","1996-04-17 00:00:00"
"E8054","-","0","300","","","168","0","0","0","0","0","0","0","0","0","0","0","0","0.471","MESTIZO BRAHMAN","9 TUY","MAUTE","1996-04-30 00:00:00"
"E8055","-","0","290","","","0","0","0","0","0","0","0","0","0","0","0","0","0","0.56","MESTIZO BRAHMAN","9 TUY","MAUTE","1996-05-02 00:00:00"
"E8056","-","0","160","","","160","0","0","0","0","0","0","0","0","0","0","0","0","0","MESTIZO BRAHMAN","5 MAU","MAUTE","1996-05-04 00:00:00"
"E8057","-","0","158","","","158","0","0","0","0","0","0","0","0","0","0","0","0","0","MESTIZO BRAHMAN","5 MAU","MAUTE","1996-05-08 00:00:00"
"E8058","-","0","134","","","134","0","0","0","0","0","0","0","0","0","0","0","0","0","MESTIZO BRAHMAN","5 MAU","MAUTE","1996-05-12 00:00:00"
"E8059","-","0","150","","","150","0","0","0","0","0","0","0","0","0","0","0","0","0","MESTIZO BRAHMAN","5 MAU","MAUTE","1996-05-13 00:00:00"
"E8061","-","0","168","","","168","0","0","0","0","0","0","0","0","0","0","0","0","0","MESTIZO BRAHMAN","5 MAU","MAUTE","1996-06-15 00:00:00"
"E8062","-","0","284","","","150","0","0","0","0","0","0","0","0","0","0","0","0","0.504","MESTIZO BRAHMAN","9 TUY","MAUTE","1996-05-16 00:00:00"
"E8066","-","0","154","","","154","0","0","0","0","0","0","0","0","0","0","0","0","0","MESTIZO BRAHMAN","5 MAU","MAUTE","1996-05-21 00:00:00"
"E8068","-","0","280","","","136","0","0","0","0","0","0","0","0","0","0","0","0","0.541","MESTIZO BRAHMAN","9 TUY","MAUTE","1996-05-28 00:00:00"
"E8069","-","0","170","","","170","0","0","0","0","0","0","0","0","0","0","0","0","0","MESTIZO BRAHMAN","5 MAU","MAUTE","1996-06-01 00:00:00"
"E8070","-","0","276","","","150","263","0","0","0","5","0","0","0","54.5269836004395","0","0","0","0.55","MESTIZO BRAHMAN","9 TUY","MAUTE","1996-06-05 00:00:00"
"E8074","-","0","188","","","188","0","0","0","0","0","0","0","0","0","0","0","0","0","MESTIZO BRAHMAN","5 MAU","MAUTE","1996-06-13 00:00:00"
"E8079","-","0","280","","","184","270","0","0","0","5","0","0","0","55.9782721373334","0","0","0","0.419","MESTIZO BRAHMAN","9 TUY","MAUTE","1996-06-20 00:00:00"
"E8082","-","0","160","","","160","0","0","0","0","0","0","0","0","0","0","0","0","0","MESTIZO BRAHMAN","5 MAU","MAUTE","1996-06-23 00:00:00"
"E8083","-","0","150","","","150","0","0","0","0","0","0","0","0","0","0","0","0","0","MESTIZO BRAHMAN","5 MAU","MAUTE","1996-06-24 00:00:00"
"E8088","-","0","210","","","210","0","0","0","0","0","0","0","0","0","0","0","0","0","MESTIZO BRAHMAN","5 MAU","MAUTE","1996-07-27 00:00:00"
"E8090","-","0","224","","","224","0","0","0","0","0","0","0","0","0","0","0","0","0","MESTIZO BRAHMAN","5 MAU","MAUTE","1996-07-30 00:00:00"
"E8093","-","0","220","","","220","0","0","0","0","0","0","0","0","0","0","0","0","0","MESTIZO BRAHMAN","5 MAU","MAUTE","1996-08-06 00:00:00"
"E8099","-","0","210","","","210","0","0","0","0","0","0","0","0","0","0","0","0","0","MESTIZO BRAHMAN","5 MAU","MAUTE","1996-08-21 00:00:00"
"E8100","-","0","206","","","206","0","0","0","0","0","0","0","0","0","0","0","0","0","MESTIZO BRAHMAN","5 MAU","MAUTE","1996-08-23 00:00:00"
"E8106","-","0","180","","","180","0","0","0","0","0","0","0","0","0","0","0","0","0","MESTIZO BRAHMAN","5 MAU","MAUTE","1996-09-03 00:00:00"
"E8108","-","0","170","","","0","0","0","0","0","0","0","0","0","0","0","0","0","0.691","MESTIZO BRAHMAN","5 MAU","MAUTE","1996-09-12 00:00:00"
"E8112","-","0","230","","","0","0","0","0","0","0","0","0","0","0","0","0","0","0","MESTIZO BRAHMAN","5 MAU","MAUTE","1996-09-24 00:00:00"
"E8126","-","","176","","","176","0","0","0","0","0","0","0","0","0","0","0","0","0","MESTIZO BRAHMAN","5 MAU","MAUTE","1996-10-13 00:00:00"
"E8140","-","","152","","","152","0","0","0","0","0","0","0","0","0","0","0","0","0","MESTIZO BRAHMAN","5 MAU","MAUTE","1996-11-12 00:00:00"
"E8156","-","","0","","","0","0","0","0","0","0","0","0","0","0","0","0","0","0","MESTIZO BRAHMAN","5 MAU","MAUTE","1996-12-03 00:00:00"
"E8157","-","","0","","","0","0","0","0","0","0","0","0","0","0","0","0","0","0","MESTIZO BRAHMAN","5 MAU","MAUTE","1996-12-03 00:00:00"
"E8164","-","","0","","","0","0","0","0","0","0","0","0","0","0","0","0","0","0","MESTIZO BRAHMAN","5 MAU","MAUTE","1996-12-14 00:00:00"
"E8171","-","","0","","","0","0","0","0","0","0","0","0","0","0","0","0","0","0","MESTIZO BRAHMAN","5 MAU","MAUTE","1996-12-22 00:00:00"
"F8136","-","","0","","","0","0","0","0","0","0","0","0","0","0","0","0","0","0","MESTIZO BRAHMAN","5 MAU","MAUTE","1997-11-02 00:00:00"
