"SERIE","FECS","MOTIVO","DESTINO","PESOS","INGBS","OBSER"
"   710","2013-04-19 00:00:00","OTROS","GARROVAL","509","0","TRANSFERENCIA AUTOMATICA A LA FINCA GARROVAL"
"   722","2013-04-19 00:00:00","OTROS","GARROVAL","429","0","TRANSFERENCIA AUTOMATICA A LA FINCA GARROVAL"
"003rs-b","2013-04-19 00:00:00","OTROS","GARROVAL","30","0","TRANSFERENCIA AUTOMATICA A LA FINCA GARROVAL"
"    13","2014-11-27 00:00:00","Muerte","","0","0","REPORTADA POR LUIS GAMARRA "
"    16","2018-06-23 00:00:00","Muerte","MAT.CARACAS","100","0",""
"   2526","2018-06-25 00:00:00","Venta","MAT. CALABOZO","300","0",""
"2526","2018-06-25 00:00:00","Venta","MAT.CARACAS","300","0",""
"   668","2018-07-01 00:00:00","Venta","MAT.CARACAS","0","0",""
"   243","2000-06-05 00:00:00","OTROS","CAÑO NEGRO","450","0","TRANSFERENCIA AUTOMATICA A LA FINCA CAÑO NEGRO"
"001","1997-09-15 00:00:00","VENTA","MAT.CARACAS","588","297003","5-97      HORRO"
"002","1996-08-31 00:00:00","MUERTE","PICADA","0","0",""
"003","1998-10-27 00:00:00","Venta","MAT-TUY","520","411095","3-98 3-97 7-97"
"008G","2000-09-28 00:00:00","OTROS","NUEVA","30","0","TRANSFERENCIA AUTOMATICA A LA FINCA NUEVA"
"011SA","2000-09-28 00:00:00","OTROS","NUEVA","0","0","TRANSFERENCIA AUTOMATICA A LA FINCA NUEVA"
"020","2000-06-16 00:00:00","Muerte","","0","0",""
"0201","2000-05-31 00:00:00","OTROS","CAÑO NEGRO","600","0","TRANSFERENCIA AUTOMATICA A LA FINCA CAÑO NEGRO"
"022","2000-06-16 00:00:00","Muerte","","0","0",""
"023","2000-09-28 00:00:00","OTROS","EMPRESAS D&H","0","0","TRANSFERENCIA AUTOMATICA A LA FINCA EMPRESAS D&H"
"023SA","2000-10-05 00:00:00","OTROS","Marilin","0","0","TRANSFERENCIA AUTOMATICA A LA FINCA Marilin"
"026","2000-09-28 00:00:00","OTROS","RB15","0","0","TRANSFERENCIA AUTOMATICA A LA FINCA RB15"
"05","1990-04-07 00:00:00","Histor","","0","0",""
"0581","1996-07-31 00:00:00","VENTA","MAT.CARACAS","886","233777.77","5-96"
"0583","1995-07-25 00:00:00","VENTA","MATADERO","840","276158",""
"0586","1996-07-31 00:00:00","VENTA","MAT.CARACAS","890","233777.77","5-96"
"07","1988-12-01 00:00:00","Histor","","0","0",""
"1","1996-08-07 00:00:00","VENTA","MAT.CARACAS","498","163755",""
"113","1998-04-15 00:00:00","OTROS","SACRIFICADA","0","0","2-97 3-97"
"114","2000-06-16 00:00:00","Muerte","","0","0",""
"123/8","1993-01-01 00:00:00","Histor","","0","0",""
"14","1996-11-06 00:00:00","VENTA","MAT.CARACAS","530","172800","     10-96"
"147","1997-08-13 00:00:00","VENTA","MAT.CARACAS","570","194375.63","5-97 3-97"
"1511","1997-11-19 00:00:00","VENTA","MAT.CARACAS","468","234704","2-97 3-97"
"1512","","","","0","0","8-98 4-98"
"1524","1997-11-19 00:00:00","VENTA","MAT.CARACAS","450","234704","2-97 3-97"
"1527","1998-08-31 00:00:00","VENTA","MAT.CCS","448","271958","8-98 4-98"
"1529","","","","0","0","8-98 4-98"
"1530","1995-05-25 00:00:00","VENTA","MATADERO CCS","468","110609",""
"1539","1999-03-17 00:00:00","Venta","MAT.CARACAS","620","300660","8-98 4-98"
"1541","1997-12-11 00:00:00","VENTA","MAT.VALENCIA","462","210235","2-97 3-97"
"1549","","","","0","0","8-98 4-98"
"1550","1998-08-31 00:00:00","VENTA","MAT.CCS","540","271958","3-98 4-98"
"1557","","","","0","0","8-98 4-98"
"1563","1997-11-19 00:00:00","VENTA","MAT.CARACAS","490","234704","2-97 3-97"
"1566","1998-08-31 00:00:00","VENTA","MAT.CCS","590","271958","3-98 4-98"
"157","1996-11-11 00:00:00","MUERTE","PICADA CULEBRA","0","0","5-96 10-96"
"1571","1996-03-21 00:00:00","VENTA","MATADERO","442","149654",""
"1572","","","","0","0","8-98 4-98"
"1574","1995-05-25 00:00:00","VENTA","MATADERO CCS","494","110609",""
"1575","1995-05-25 00:00:00","VENTA","MATADERO CCS","500","110609",""
"1579","","","","0","0","8-98 4-98"
"1584","1995-05-25 00:00:00","VENTA","MATADERO CCS","426","110609",""
"1586","1995-05-25 00:00:00","VENTA","MATADERO CCS","386","110609",""
"1588","1995-05-25 00:00:00","VENTA","MATADERO CCS","422","110609",""
"1590","1996-03-23 00:00:00","VENTA","MATADERO","410","149654","NO HA PARIDO"
"1591","1998-09-30 00:00:00","Venta","MAT.CARACAS","586","272510","8-98 4-98"
"1592","1998-01-21 00:00:00","VENTA","MAT.CCS","498","219044","2-97 3-97"
"1593","1998-08-31 00:00:00","VENTA","MAT.CCS","504","271958","3-98 4-98"
"1594","1998-08-31 00:00:00","VENTA","MAT.CCS","494","271958","3-98 4-98"
"1595","1999-03-17 00:00:00","Venta","MAT.CARACAS","450","300660","8-98 4-98"
"1598","1995-05-25 00:00:00","VENTA","MATADERO CCS","486","110609",""
"1599","","","","0","0","8-98 4-98"
"16","1998-01-21 00:00:00","VENTA","MAT.CCS","470","219044","2-97 3-97"
"1602","","","","0","0","8-98 4-98"
"170","1995-05-25 00:00:00","VENTA","MATADERO CCS","520","110609",""
"171","1997-12-11 00:00:00","VENTA","MAT.VALENCIA","516","210235","5-97 3-97"
"179","1997-11-19 00:00:00","VENTA","MAT.CARACAS","454","234704","2-97 3-97"
"187","","","","0","0","8-98 4-98"
"196","1997-12-11 00:00:00","VENTA","MAT.VALENCIA","434","210235","2-97 3-97"
"2","1998-06-08 00:00:00","VENTA","MAT.CCS","466","239775","3-98 4-98"
"204","","","","0","0","8-98 4-98"
"216","1997-01-24 00:00:00","VENTA","GRIPPI","0","90000","5-96"
"224","","","","0","0","8-98 4-98"
"226","1997-08-13 00:00:00","VENTA","MAT.CARACAS","478","194375.63","2-97 3-97"
"231","","","","0","0","8-98 4-98"
"2801","","","","0","0","8-98 4-98"
"2802","1995-05-25 00:00:00","VENTA","MATADERO CCS","396","110609",""
"2803","1995-07-25 00:00:00","VENTA","MATADERO","516.67","115446.5",""
"2804","1997-01-24 00:00:00","VENTA","GRIPPI","416","134000","5-96 10-96"
"2806","","","","0","0","8-98 4-98"
"2808","","","","0","0","8-98 4-98"
"2811","","","","0","0","8-98 4-98"
"2812M","1995-10-10 00:00:00","VENTA","MATADERO","494","146561",""
"2813","1999-03-17 00:00:00","Venta","MAT.CARACAS","516","300660","8-98 4-98"
"2813M","1995-07-25 00:00:00","VENTA","MATADERO","540","149240",""
"2814","","","","0","0","8-98 4-98"
"2816","","","","0","0","8-98 4-98"
"2818","1998-09-30 00:00:00","Venta","MAT.CARACAS","522","272510","8-98 4-98"
"2820","1996-11-06 00:00:00","VENTA","MAT.CARACAS","470","172800","5-96 10-96"
"2823","1996-03-21 00:00:00","VENTA","MAT.CARACAS","466","149654",""
"2825","1995-07-25 00:00:00","VENTA","MATADERO","440","115446.5",""
"2826","","","","0","0","8-98 4-98"
"2826M","1995-07-25 00:00:00","VENTA","MATADERO","540","149240",""
"2827","","","","0","0","8-98 4-98"
"2828","1999-03-17 00:00:00","Venta","MAT.CARACAS","540","300660","8-98 4-98"
"2829","","","","0","0","8-98 4-98"
"2831","1998-09-30 00:00:00","Venta","MAT.CARACAS","470","272510","8-98 4-98"
"2832","1998-04-11 00:00:00","MUERTE","AHOGADA","0","0","3-98 4-98"
"2832M","1995-10-10 00:00:00","VENTA","MATADERO","390","146561",""
"2835M","1995-10-10 00:00:00","VENTA","MATADERO","464","146561",""
"2836","1998-01-21 00:00:00","VENTA","MAT.CCS","506","219044","2-97 3-97"
"2837","","","","0","0","8-98 4-98"
"2838M","1995-08-18 00:00:00","VENTA","JUAN CARLOS PEREZ","0","250000",""
"2840M","1995-10-10 00:00:00","VENTA","MATADERO","496","146561",""
"2841","1995-06-30 00:00:00","MUERTE","SACRIFICADA","0","0",""
"2841M","1995-10-10 00:00:00","VENTA","MATADERO","486","146561",""
"2842","1998-06-08 00:00:00","VENTA","MAT.CCS","500","239775","3-98 4-98"
"2844","","","","0","0","8-98 4-98"
"2845","","","","0","0","8-98 4-98"
"2847M","1995-10-10 00:00:00","VENTA","MATADERO","448","146561",""
"2848M","1995-07-25 00:00:00","VENTA","MATADERO","510","149240",""
"2852","","","","0","0","3-98 4-98"
"2852M","1995-10-10 00:00:00","VENTA","MATADERO]","452","146561",""
"2853","1995-07-25 00:00:00","VENTA","MATADERO","503.33","115446.5",""
"2853M","1995-10-10 00:00:00","VENTA","MATADERO","540","146561",""
"2855","1997-11-19 00:00:00","VENTA","MAT.CARACAS","558","234704","5-97 3-97"
"2855M","1995-08-18 00:00:00","VENTA","JUAN CARLOS PEREZ","0","250000",""
"2856","1997-11-19 00:00:00","VENTA","MAT.CARACAS","446","234704","5-97 3-97"
"2857M","1995-10-10 00:00:00","VENTA","MATADERO","430","146561",""
"2859M","1995-10-10 00:00:00","VENTA","MATADERO","520","146561",""
"2860","1998-08-31 00:00:00","VENTA","MAT.CCS","462","271958","3-98 4-98"
"2861","","","","0","0","8-98 4-98"
"2862","","","","0","0","8-98 4-98"
"2863","1997-08-13 00:00:00","VENTA","MAT.CARACAS","476","194375.63","2-97 3-97"
"2863M","1995-10-10 00:00:00","VENTA","MATADERO","610","146561",""
"2864","1998-01-21 00:00:00","VENTA","MAT.CCS","436","219044","2-97 3-97"
"2864M","1995-10-10 00:00:00","VENTA","MATADERO","470","146561",""
"2869","","","","0","0","8-98 4-98"
"2871","","","","0","0","8-98 4-98"
"3","1998-06-08 00:00:00","VENTA","MAT.CCS","416","239775","3-98 4-98"
"3003M","1996-07-31 00:00:00","VENTA","MAT.CARACAS","494","233777.77","5-96"
"3012M","1996-08-27 00:00:00","VENTA","MAT.CARACAS","520","215098.42","5-96"
"3021M","1996-10-08 00:00:00","VENTA","MATADERO","486","206316.76","5-96"
"3026M","1996-08-07 00:00:00","VENTA","MAT.CARACAS","532","239900","5-96"
"3028M","1996-10-08 00:00:00","VENTA","MATADERO","532","206316.76","5-96"
"30344","","","","","","3-98 4-98 OSWALDO"
"3034M","1996-11-06 00:00:00","VENTA","MAT.CARACAS","510","208073.85","5-96"
"3045M","1996-06-19 00:00:00","VENTA","MAT. CARACAS","558","222976.11","5-96"
"3051M","1996-07-31 00:00:00","VENTA","MAT.CARACAS","500","233777.77","5-96"
"3063M","1996-10-08 00:00:00","VENTA","MATADERO","492","206316.76","5-96"
"3066M","1996-08-27 00:00:00","VENTA","MAT.CARACAS","516","215098.42","5-96"
"3067M","1996-08-07 00:00:00","VENTA","MAT.CARACAS","520","239900","5-96"
"3074M","1996-08-27 00:00:00","VENTA","MAT.CARACAS","508","215098.42","5-96"
"3075M","1996-08-27 00:00:00","VENTA","MAT.CARACAS","502","215098.42","5-96"
"3079M","1996-08-07 00:00:00","VENTA","MAT.CARACAS","550","239900","5-96"
"3087M","1996-07-31 00:00:00","VENTA","MAT.CARACAS","544","233777.77","5-96"
"3089M","1996-08-27 00:00:00","VENTA","MAT.CARACAS","500","215098.42","5-96"
"3091M","1996-07-31 00:00:00","VENTA","MAT.CARACAS","520","233777.77","5-96"
"3092M","1996-06-19 00:00:00","VENTA","MAT. CARACAS","562","222976.11","5-96"
"3097M","1996-10-08 00:00:00","VENTA","MATADERO","504","206316.76","5-96"
"3100M","1996-10-08 00:00:00","VENTA","MATADERO","514","206316.76","5-96"
"3110M","1996-08-07 00:00:00","VENTA","MAT.CARACAS","530","239900","5-96"
"3111M","1909-08-07 00:00:00","VENTA","MAT.CARACAS","540","239900","5-96"
"3125M","1996-10-08 00:00:00","VENTA","MATADERO","500","206316.76","5-96"
"3127M","1996-10-08 00:00:00","VENTA","MATADERO","540","206316.76","5-96"
"3132M","1996-10-08 00:00:00","VENTA","MATADERO","510","206316.76","5-96"
"3134M","1996-10-08 00:00:00","VENTA","MATADERO","506","206316.76","5-96"
"3136M","1996-10-08 00:00:00","VENTA","MATADERO","504","206316.76","5-96"
"3139M","1996-08-07 00:00:00","VENTA","MAT.CARACAS","526","239900","5-96"
"3142M","1996-08-07 00:00:00","VENTA","MAT.CARACAS","520","239900","5-96"
"3148M","1996-08-07 00:00:00","VENTA","MAT.CARACAS","530","239900","5-96"
"3165M","1996-10-08 00:00:00","VENTA","MATADERO","534","206316.76","5-96"
"3168M","1996-10-08 00:00:00","VENTA","MATADERO","524","206316.76",""
"3170M","1996-08-27 00:00:00","VENTA","MAT.CARACAS","522","215098.42","5-96"
"3177M","1996-08-27 00:00:00","VENTA","MAT.CARACAS","502","215098.42","5-96"
"3179M","1996-10-08 00:00:00","VENTA","MATADERO","536","206316.76","5-96"
"3181M","1996-10-08 00:00:00","VENTA","MATADERO","516","206316.76","5-96"
"3183M","1996-10-08 00:00:00","VENTA","MATADERO","500","206316.76","5-96"
"3190M","1996-08-27 00:00:00","VENTA","MAT.CARACAS","526","215098.42","5-96"
"3193M","1996-10-08 00:00:00","VENTA","MATADERO","494","206316.76","5-96"
"3209M","1996-10-08 00:00:00","VENTA","MATADERO","514","206316.76","5-96"
"321","2000-03-20 00:00:00","Venta","RAFAEL","0","35",""
"3212M","1996-10-08 00:00:00","VENTA","MATADERO","504","206316.76","5-96"
"3250M","1996-08-27 00:00:00","VENTA","MAT.CARACAS","502","215098.42","5-96"
"3268M","1996-07-31 00:00:00","VENTA","MAT.CARACAS","510","233777.77","5-96"
"3271M","1996-08-27 00:00:00","VENTA","MAT.CARACAS","506","215098.42","5-96"
"3276M","1996-10-08 00:00:00","VENTA","MATADERO","500","206316.76","5-96"
"3293M","1996-11-06 00:00:00","VENTA","MAT.CARACAS","520","208073.85","5-96"
"3353M","1997-09-15 00:00:00","VENTA","MAT.CARACAS","512","297003","     6-96"
"3603M","1996-07-31 00:00:00","VENTA","MAT.CARACAS","500","233777.77","5-96"
"3612M","1996-06-19 00:00:00","VENTA","MAT. CARACAS","574","222976.11","5-96"
"3619M","1996-10-08 00:00:00","VENTA","MATADERO","552","206316.76","5-96"
"3622M","1996-10-08 00:00:00","VENTA","MATADERO","520","206316.76","5-96"
"3624M","1996-10-08 00:00:00","VENTA","MATADERO","516","206316.76","5-96"
"3629M","1996-07-31 00:00:00","VENTA","MAT.CARACAS","550","233777.77","5-96"
"3630M","1996-08-27 00:00:00","VENTA","MAT.CARACAS","512","215098.42","5-96"
"3631M","1996-10-08 00:00:00","VENTA","MATADERO","514","206316.76","5-96"
"3662M","1996-11-06 00:00:00","VENTA","MAT.CARACAS","516","208073.85",""
"3667M","1996-08-27 00:00:00","VENTA","MAT.CARACAS","546","215098.42","5-96"
"369","1998-08-31 00:00:00","VENTA","MAT.CCS","486","271958","3-98 4-98"
"3801","","","","0","0","8-98 4-98"
"3801M","1995-10-10 00:00:00","VENTA","MATADERO","450","146561",""
"3802","1995-08-18 00:00:00","VENTA","JUAN CARLOS PEREZ","0","160000",""
"3802M","1995-07-25 00:00:00","VENTA","MATADERO","512","149240",""
"3803","1998-08-31 00:00:00","VENTA","MAT.CCS","466","271958","3-98 4-98"
"3804","1997-11-19 00:00:00","VENTA","MAT.CARACAS","424","234704","2-97 3-97"
"3804M","1995-07-25 00:00:00","VENTA","MATADERO","504","149240",""
"3805","1995-08-18 00:00:00","VENTA","JUAN CARLOS PEREZ","0","160000",""
"3806","1997-08-13 00:00:00","VENTA","MAT.CARACAS","504","194375.63","5-97 3-97"
"3807M","1995-10-10 00:00:00","VENTA","MATADERO","574","146561",""
"3808","","","","0","0","8-98 4-98"
"3808M","1996-08-07 00:00:00","VENTA","MAT.CARACAS","770","239900","5-96"
"3809","1998-09-30 00:00:00","Venta","MAT.CARACAS","500","272510","8-98 4-98"
"3809M","1995-10-10 00:00:00","VENTA","MATADERO","570","146561",""
"3810","1998-08-31 00:00:00","VENTA","MAT.CCS","556","271958","3-98 4-98"
"3810M","1995-10-10 00:00:00","VENTA","MATADERO","540","146561",""
"3811","1998-09-30 00:00:00","Venta","MAT.CARACAS","484","272510","8-98 4-98"
"3812","1995-08-18 00:00:00","VENTA","JUAN CARLOS PEREZ","0","160000",""
"3812M","1995-07-25 00:00:00","VENTA","MATADERO","510","149240",""
"3813","","","","0","0","8-98 4-98"
"3813M","1995-07-25 00:00:00","VENTA","MATADERO","544","149240",""
"3814M","1995-10-10 00:00:00","VENTA","MATADERO","520","146561",""
"3815","","","","0","0","8-98 4-98"
"3815M","1995-07-25 00:00:00","VENTA","MATADERO","504","149240",""
"3816","","","","0","0","8-98 4-98"
"3817","1996-05-23 00:00:00","VENTA","JAVIER ORTEGA","0","250000",""
"3817M","1996-01-21 00:00:00","VENTA","MATADERO","658","164315.5",""
"3818","1996-08-07 00:00:00","VENTA","MAT.CARACAS","460","163755",""
"3818M","1996-01-21 00:00:00","VENTA","MATADERO","484","164315.5",""
"3819","1995-08-18 00:00:00","VENTA","JUAN CARLOS PEREZ","0","160000",""
"3819M","1995-10-10 00:00:00","VENTA","MATADERO","518","146561",""
"3820","1998-01-21 00:00:00","VENTA","MAT.CCS","460","219044","2-97 3-97"
"3820M","1996-10-08 00:00:00","VENTA","MATADERO","490","206316.76","5-96"
"3821","1995-08-18 00:00:00","VENTA","JUAN CARLOS PEREZ","0","160000",""
"3821M","1996-01-21 00:00:00","VENTA","MATADERO","490","164315.5",""
"3822","1996-08-07 00:00:00","VENTA","MAT.CARACAS","448","163755",""
"3823","1995-08-18 00:00:00","VENTA","JUAN CARLOS PEREZ","0","160000",""
"3823M","1996-01-21 00:00:00","VENTA","MATADERO","536","164315.5",""
"3824","1996-03-21 00:00:00","VENTA","MATADERO","440","149654","BULBA PEQUEÑA"
"3825M","1996-01-21 00:00:00","VENTA","MATADERO","554","164315.5",""
"3826","1999-03-17 00:00:00","Venta","MAT.CARACAS","550","300660","8-98 4-98"
"3826M","1996-01-21 00:00:00","VENTA","MATADERO","596","164315.5",""
"3827M","1996-03-21 00:00:00","VENTA","MATADERO","522","206980",""
"3828","","","","0","0","8-98 4-98"
"3829","1995-08-18 00:00:00","VENTA","JUAN CARLOS PEREZ","0","160000",""
"3829M","1995-10-10 00:00:00","VENTA","MATADERO","510","146561",""
"3830M","1996-11-06 00:00:00","VENTA","MAT.CARACAS","510","208073.85","5-96         NOVILLO"
"3831","1996-05-23 00:00:00","VENTA","JAVIER ORTEGA","0","250000",""
"3831M","1996-03-21 00:00:00","VENTA","MATADERO","566","206980",""
"3832","1998-01-21 00:00:00","VENTA","MAT.CCS","404","219044","5-97 3-97"
"3832M","1995-07-25 00:00:00","VENTA","MATADERO","504","149240",""
"3833","1995-08-18 00:00:00","VENTA","JUAN CARLOS PEREZ","0","160000",""
"3833M","1995-07-25 00:00:00","VENTA","MATADERO","516","149240",""
"3834M","1996-06-19 00:00:00","VENTA","MAT. CARACAS","506","222976.11","5-96"
"3835","1995-08-18 00:00:00","VENTA","JUAN CARLOS PEREZ","0","160000",""
"3835M","1996-01-21 00:00:00","VENTA","MATADERO","506","164315.5",""
"3836M","1996-08-27 00:00:00","VENTA","MAT.CARACAS","510","215098.42","5-96"
"3837","","","","0","0","8-98 4-98"
"3838","1995-08-18 00:00:00","VENTA","JUAN CARLOS PEREZ","0","160000",""
"3838M","1996-01-21 00:00:00","VENTA","MATADERO","526","164315.5",""
"3839","1995-08-18 00:00:00","VENTA","JUAN CARLOS PEREZ","0","160000",""
"3839M","1996-01-21 00:00:00","VENTA","MATADERO","520","164315.5",""
"3840M","1997-09-15 00:00:00","VENTA","MAT.CARACAS","424","297003","2-97      7-97"
"3841","1996-05-23 00:00:00","VENTA","JAVIER ORTEGA","0","250000",""
"3841M","1995-07-25 00:00:00","VENTA","MATADERO","540","149240",""
"3842","1995-08-18 00:00:00","VENTA","JUAN CARLOS PEREZ","0","160000",""
"3842M","1996-03-21 00:00:00","VENTA","MATADERO","528","206980",""
"3843","1997-12-11 00:00:00","VENTA","MAT.VALENCIA","394","210235","2-97 3-97"
"3843M","1996-10-08 00:00:00","VENTA","MATADERO","514","206316.76","5-96"
"3844","1996-06-29 00:00:00","VENTA","TUCACAS","400","65000","NO SALE PREÑADA"
"3844M","1996-08-16 00:00:00","MUERTE","CONSUMO FINCA","0","0","5-96"
"3845","1995-08-18 00:00:00","VENTA","JUAN CARLOS PEREZ","0","160000",""
"3845M","1996-06-19 00:00:00","VENTA","MAT. CARACAS","512","222976.11","5-96"
"3846","1998-09-30 00:00:00","Venta","MAT.CARACAS","540","272510","8-98 4-98"
"3846M","1995-10-10 00:00:00","VENTA","MATADERO","500","146561",""
"3847","1996-05-23 00:00:00","VENTA","JAVIER ORTEGA","0","250000",""
"3847M","1996-06-19 00:00:00","VENTA","MAT. CARACAS","568","222976.11","5-96"
"3848","1998-09-30 00:00:00","Venta","MAT.CARACAS","506","272510","8-98 4-98"
"3848M","1996-01-21 00:00:00","VENTA","MATADERO","514","164315.5",""
"3849","1996-12-02 00:00:00","MUERTE","QUEBRADA","0","0","5-96 10-96"
"3849M","1996-06-19 00:00:00","VENTA","MAT. CARACAS","514","222976.11","5-96"
"3850","1996-06-05 00:00:00","VENTA","","0","250000",""
"3850M","1996-01-21 00:00:00","VENTA","MATADERO","504","164315.5",""
"3851","1995-08-18 00:00:00","VENTA","JUAN CARLOS PEREZ","0","160000",""
"3851M","1996-06-19 00:00:00","VENTA","MAT. CARACAS","520","222976.11","5-96"
"3852","1995-08-18 00:00:00","VENTA","JUAN CARLOS PEREZ","0","160000",""
"3852M","1996-01-21 00:00:00","VENTA","MATADERO","520","164315.5",""
"3853","1996-05-23 00:00:00","VENTA","JAVIER ORTEGA","0","250000",""
"3853M","1996-01-21 00:00:00","VENTA","MATADERO","546","164315.5",""
"3854","","","","0","0","8-98 4-98"
"3854M","1996-01-21 00:00:00","VENTA","MATADERO","514","164315.5",""
"3855","","VENTA","","0","250000",""
"3855M","1996-06-19 00:00:00","VENTA","MAT. CARACAS","590","222976.11","5-96"
"3856","","","","0","0","8-98"
"3856M","1996-01-21 00:00:00","VENTA","MATADERO","456","164315.5",""
"3857","1997-12-11 00:00:00","VENTA","MAT.VALENCIA","538","210235","5-97 3-97"
"3857M","1996-01-21 00:00:00","VENTA","MATADERO","478","164315.5",""
"3858","1997-11-19 00:00:00","VENTA","MAT.CARACAS","452","234704","5-97 3-97"
"3858M","1996-01-21 00:00:00","VENTA","MATADERO","500","164315.5",""
"3859","1997-05-07 00:00:00","VENTA","MAT.CARACAS","450","191832.24","2-97 3-97"
"3859M","1996-06-19 00:00:00","VENTA","MAT. CARACAS","512","222976.11","5-96"
"3860","1996-05-23 00:00:00","VENTA","JAVIER ORTEGA","0","250000",""
"3860M","1996-06-19 00:00:00","VENTA","MAT.CARACAS","566","222976.11","5-96"
"3861","","","","0","0","8-98 4-98"
"3861M","1996-03-21 00:00:00","VENTA","MATADERO","562","206980",""
"3862","1996-06-05 00:00:00","VENTA","","0","250000",""
"3862M","1996-06-19 00:00:00","VENTA","MAT. CARACAS","542","222976.11","5-96"
"3863","1998-08-31 00:00:00","VENTA","MAT.CCS","496","271958","3-98 4-98"
"3863M","1996-01-21 00:00:00","VENTA","MATADERO","526","164315.5",""
"3864","1998-01-21 00:00:00","VENTA","MAT.CCS","546","219044","2-97 3-97"
"3864M","1996-03-21 00:00:00","VENTA","MATADERO","562","206980",""
"3865","","","","0","0","8-98 4-98"
"3865M","1996-07-31 00:00:00","VENTA","MAT.CARACAS","510","233777.77","5-96"
"3867M","1996-01-21 00:00:00","VENTA","MATADERO","494","164315.5",""
"3868M","1996-01-21 00:00:00","VENTA","MATADERO","480","164315.5",""
"387","1997-11-19 00:00:00","VENTA","MAT.CARACAS","490","234704","2-97 3-97"
"40","1997-08-13 00:00:00","VENTA","MAT.CARACAS","434","194375.63","2-97 3-97"
"4045M","1998-06-08 00:00:00","VENTA","MAT.CCS","628","480480","3-98 4-98"
"4063M","1998-06-08 00:00:00","VENTA","MAT.CCS","600","480480","3-98 4-98"
"418","1998-08-31 00:00:00","VENTA","MAT.CCS","462","271958","8-98 4-98"
"4224","1998-06-04 00:00:00","","FINCA MEDANITO","","","TRANSFERENCIA AUTOMATICA"
"450","1995-05-25 00:00:00","VENTA","MATADERO CCS","480","110609",""
"453","1995-07-25 00:00:00","VENTA","MATADERO","516.67","115146.5",""
"459","1997-12-11 00:00:00","VENTA","MAT.VALENCIA","380","210235","2-97 3-97"
"465","1997-12-11 00:00:00","VENTA","MAT.VALENCIA","426","210235","5-96 3-97"
"4801","","","","0","0","8-98 4-98"
"4801M","1996-07-31 00:00:00","VENTA","MAT.CARACAS","508","233777.77","5-96"
"4802M","1996-10-08 00:00:00","VENTA","MATADERO","480","206316.76","5-96"
"4803","1997-11-19 00:00:00","VENTA","MAT.CARACAS","422","234704","2-97 3-97"
"4803M","1996-06-19 00:00:00","VENTA","MAT. CARACAS","548","222976.11","5-96"
"4804","1996-06-05 00:00:00","VENTA","","0","250000",""
"4805","1996-11-06 00:00:00","VENTA","MAT.CARACAS","450","172800","5-96"
"4805M","1996-08-07 00:00:00","VENTA","MAT.CARACAS","540","239900","5-96"
"4806","1997-01-24 00:00:00","VENTA","GRIPPI","360","134000","5-96"
"4807","1996-06-05 00:00:00","VENTA","","0","250000",""
"4807M","1996-06-19 00:00:00","VENTA","MAT. CARACAS","500","222976.11","5-96"
"4808M","1996-10-08 00:00:00","VENTA","MATADERO","514","206316.76","5-96"
"4810","","","","0","0","8-98 4-98"
"4810M","1997-03-05 00:00:00","VENTA","MAT.CARACAS","534","221776","5-96 8-96"
"4811","","","","0","0","8-98 4-98"
"4811M","1996-08-27 00:00:00","VENTA","MAT.CARACAS","500","215098.42","5-96"
"4812","1996-06-05 00:00:00","VENTA","","0","250000",""
"4812M","1996-08-27 00:00:00","VENTA","MAT.CARACAS","502","215098.42","5-96"
"4813","","","","0","0","8-98 4-98"
"4813M","1996-08-27 00:00:00","VENTA","MAT.CARACAS","516","215098.42","5-96"
"4814","","","","0","0","8-98 4-98"
"4814M","1996-11-06 00:00:00","VENTA","MAT.CARACAS","500","208073.85","5-96"
"4815","","","","0","0","8-98 4-98"
"4815M","1996-11-06 00:00:00","VENTA","MAT.CARACAS","498","208073.85","5-96"
"4816","","","","0","0","8-98 4-98"
"4816M","1996-08-07 00:00:00","VENTA","MAT.CARACAS","528","239900","5-96"
"4817","1997-08-13 00:00:00","VENTA","MAT.CARACAS","490","194375.63","2-97 3-97"
"4817M","1997-02-04 00:00:00","VENTA","MAT.CARACAS","502","224030","5-96"
"4818","1996-06-05 00:00:00","VENTA","","0","250000","5-96"
"4818M","1996-07-31 00:00:00","VENTA","MAT.CARACAS","520","233777.77","5-96"
"4819","","","","0","0","8-98 4-98"
"4819M","1996-08-27 00:00:00","VENTA","MAT.CARACAS","522","215098.42","5-96"
"4820","1998-01-21 00:00:00","VENTA","MAT.CCS","334","219044","5-97 3-97"
"4820M","1997-02-04 00:00:00","VENTA","MAT.CARACAS","532","224030","5-96"
"4821M","1996-10-08 00:00:00","VENTA","MATADERO","524","206316.76","5-96"
"4822","1998-01-21 00:00:00","VENTA","MAT.CCS","472","219044","2-97 3-97"
"4823","1998-01-21 00:00:00","VENTA","MAT.CCS","498","219044","2-97 3-97"
"4823M","1996-08-07 00:00:00","VENTA","MAT.CARACAS","536","239900","5-96"
"4824","1996-06-05 00:00:00","VENTA","","0","250000","5-96"
"4824M","1996-06-19 00:00:00","VENTA","MAT. CARACAS","550","222976.11","5-96"
"4825","1997-11-19 00:00:00","VENTA","MAT.CARACAS","434","234704","2-97 3-97"
"4825M","1996-06-19 00:00:00","VENTA","MAT. CARACAS","522","222976.11","5-96"
"4826","1997-08-13 00:00:00","VENTA","MAT.CARACAS","420","194375.63","2-97 3-97"
"4826M","1996-08-07 00:00:00","VENTA","MAT.CARACAS","560","239900","5-96"
"4827","1997-11-19 00:00:00","VENTA","MAT.CARACAS","450","234704","2-97 3-97"
"4827M","1996-06-19 00:00:00","VENTA","MAT. CARACAS","518","222976.11","5-96"
"4828","1998-08-31 00:00:00","VENTA","MAT.CCS","408","271958","8-98 4-98"
"4828M","1996-07-31 00:00:00","VENTA","MAT.CARACAS","524","233777.77","5-96"
"4829","1998-06-08 00:00:00","VENTA","MAT.CCS","406","239775","3-98 4-98"
"4830","","VENTA","MAT.CARACAS","558","224030","8-98 4-98"
"4830M","1997-02-04 00:00:00","VENTA","MAT.CARACAS","558","224030","5-96"
"4831","1997-06-05 00:00:00","VENTA","","0","250000",""
"4831M","1996-10-08 00:00:00","VENTA","MATADERO","494","206316.76","5-96"
"4832","","","","0","0","8-98 4-98"
"4832M","1996-08-27 00:00:00","VENTA","MAT.CARACAS","510","215098.42","5-96"
"4833","1998-06-08 00:00:00","VENTA","MAT.CCS","360","239775","3-98 4-98"
"4833M","1997-07-29 00:00:00","MUERTE","ENFERMEDAD","0","0","2-97 3-97 7-97"
"4834","1998-01-21 00:00:00","VENTA","MAT.CCS","450","219044","2-97 3-97"
"4834M","1996-10-08 00:00:00","VENTA","MATADERO","500","206316.76","5-96"
"4835","","","","0","0","8-98 4-98"
"4835M","1996-11-06 00:00:00","VENTA","MAT.CARACAS","506","208073.85","5-96"
"4836","","","","0","0","8-98 4-98"
"4836M","1997-02-04 00:00:00","VENTA","MAT.CARACAS","532","224030","5-96"
"4837","","","","0","0","8-98 4-98"
"4837M","1997-02-04 00:00:00","VENTA","MAT.CARACAS","526","224030","5-96"
"4838","1998-01-21 00:00:00","VENTA","MAT.CCS","348","219044","5-97 3-97"
"4838M","1996-07-31 00:00:00","VENTA","MAT.CARACAS","500","233777.77","5-96"
"4839","","","","0","0","8-98 4-98"
"4839M","1996-07-31 00:00:00","VENTA","MAT.CARACAS","500","233777.77","5-96"
"4840","","","","0","0","8-98 4-98"
"4840M","1996-06-19 00:00:00","VENTA","MAT. CARACAS","498","222976.11","5-96"
"4841","1997-11-19 00:00:00","VENTA","MAT.CARACAS","390","234704","2-97 3-97"
"4841M","1997-03-05 00:00:00","VENTA","MAT.CARACAS","514","221776","5-96"
"4842","","","","0","0","8-98 4-98"
"4842M","1996-07-31 00:00:00","VENTA","MAT.CARACAS","522","233777.77","5-96"
"4843","1997-08-13 00:00:00","VENTA","MAT.CARACAS","426","194375.63","5-97 3-97"
"4843M","1996-10-08 00:00:00","VENTA","MATADERO","516","206316.76","5-96"
"4844","1998-01-21 00:00:00","VENTA","MAT.CCS","392","219044","2-97 3-97"
"4844M","1997-05-07 00:00:00","VENTA","MAT.CARACAS","496","249559.4","5-96 8-96"
"4845","1998-09-30 00:00:00","Venta","MAT.CARACAS","514","272510","8-98 4-98"
"4845M","1997-03-05 00:00:00","VENTA","MAT.CARACAS","560","221776","5-96"
"4846","","","","0","0","8-98 4-98"
"4846M","1996-08-07 00:00:00","VENTA","MAT.CARACAS","540","239900","5-96"
"4847","2000-09-28 00:00:00","OTROS","NUEVA","341","0","TRANSFERENCIA AUTOMATICA A LA FINCA NUEVA"
"4847M","1997-09-15 00:00:00","VENTA","MAT.CARACAS","510","297003","5-96 3-97 7-97"
"4848M","1997-09-19 00:00:00","MUERTE","ENFERMO","0","0","2-97 8-96 7-97"
"4849","1998-06-08 00:00:00","VENTA","MAT.CCS","500","239775","3-98 4-98"
"4849M","1996-08-27 00:00:00","VENTA","MAT.CARACAS","520","215098.42","5-96"
"4850","1998-01-21 00:00:00","VENTA","MAT.CCS","436","219044","2-97 3-97"
"4851","","","","0","0","8-98 4-98"
"4851M","1996-11-06 00:00:00","VENTA","MAT.CARACAS","520","208073.85","5-96"
"4852","","","","0","0","8-98 4-98"
"4852M","1996-11-06 00:00:00","VENTA","MAT.CARACAS","508","208073.85","5-96"
"4853","","","","0","0","8-98 4-98"
"4853M","1996-10-08 00:00:00","VENTA","MATADERO","500","206316.76","5-96"
"4854","1998-06-08 00:00:00","VENTA","MAT.CCS","428","239775","3-98 4-98"
"4854M","1997-03-05 00:00:00","VENTA","MAT.CARACAS","490","221776","5-96"
"4855","1998-01-21 00:00:00","VENTA","MAT.CCS","460","219044","5-97 3-97"
"4855M","1997-02-04 00:00:00","VENTA","MAT.CARACAS","562","224030","5-96"
"4856","1998-01-21 00:00:00","VENTA","MAT.CCS","410","219044","5-97 3-97"
"4856M","1997-02-04 00:00:00","VENTA","MAT.CARACAS","540","224030","5-96"
"4857","1997-11-19 00:00:00","VENTA","MAT.CARACAS","402","234704","5-97 3-97"
"4857M","1997-02-04 00:00:00","VENTA","MAT.CARACAS","506","224030","5-96"
"4858","1998-06-08 00:00:00","VENTA","MAT.CCS","470","239775","3-98 4-98"
"4858M","1997-05-07 00:00:00","VENTA","MAT.CARACAS","550","249559.4","5-96 8-96"
"4859","","","","0","0","8-98 4-98"
"4859M","1996-10-08 00:00:00","VENTA","MATADERO","490","206316.76","5-96"
"4860","1998-09-30 00:00:00","Venta","MAT.CARACAS","450","272510","8-98 4-98"
"4860M","1997-02-04 00:00:00","VENTA","MAT.CARACAS","502","224030","5-96"
"4861","1998-09-30 00:00:00","Venta","MAT.CARACAS","530","272510","8-98 3-97"
"4861M","1997-02-04 00:00:00","VENTA","MAT.CARACAS","510","224030","5-96 8-96"
"4862","1998-09-30 00:00:00","Venta","MAT.CARACAS","506","272510","8-98 4-98"
"4862M","1996-07-31 00:00:00","VENTA","MAT.CARACAS","560","233777.77","5-96"
"4863","","","","0","0","8-98 4-98"
"4863M","1996-11-06 00:00:00","VENTA","MAT.CARACAS","508","208073.85","5-96"
"4864","","","","0","0","8-98 4-98"
"4864M","1996-07-31 00:00:00","VENTA","MAT.CARACAS","500","233777.77","5-96"
"4865","1998-08-31 00:00:00","VENTA","MAT.CCS","504","271958","8-98 4-98"
"4865M","1996-10-08 00:00:00","VENTA","MATADERO","502","206316.76","5-96"
"4866","1998-09-30 00:00:00","Venta","MAT.CARACAS","480","272510","8-98 4-98"
"4866M","1997-03-05 00:00:00","VENTA","MAT.CARACAS","536","221776","5-96 8-96"
"4867","1998-09-30 00:00:00","Venta","MAT.CARACAS","416","272510","8-98 4-98"
"4867M","1996-11-06 00:00:00","VENTA","MAT.CARACAS","538","208073.85","5-96"
"4868","1997-11-19 00:00:00","VENTA","MAT.CARACAS","494","234704","5-97 3-97"
"4868M","1997-02-04 00:00:00","VENTA","MAT.CARACAS","520","224030","5-96 8-96"
"4869","","","","0","0","8-98 4-98"
"4869M","1997-05-07 00:00:00","VENTA","MAT.CARACAS","550","249559.4","5-96"
"4870","","","","0","0","8-98 4-98"
"4870M","1996-10-08 00:00:00","VENTA","MATADERO","500","206316.76","5-96"
"4871","1998-09-30 00:00:00","Venta","MAT.CARACAS","534","272510","8-98 4-98"
"4871M","1997-02-04 00:00:00","VENTA","MAT.CARACAS","534","224030","5-96"
"4872","","","","0","0","8-98 4-98"
"4873","1998-01-21 00:00:00","VENTA","MAT.CCS","472","219044","5-97 3-97"
"4873M","1997-02-04 00:00:00","VENTA","MAT.CARACAS","530","224030","5-96"
"4874","","","","0","0","8-98 4-98"
"4874M","1996-10-08 00:00:00","VENTA","MATADERO","498","206316.76","5-96"
"4876M","1997-05-07 00:00:00","VENTA","MAT.CARACAS","508","249559.4","5-96 8-96"
"4877M","1997-02-04 00:00:00","VENTA","MAT.CARACAS","502","224030","5-96"
"4878M","1997-03-05 00:00:00","VENTA","MAT.CARACAS","510","221776","5-96"
"4879M","1996-11-06 00:00:00","VENTA","MAT.CARACAS","500","208073.85","5-96"
"4880M","1997-03-05 00:00:00","VENTA","MAT.CARACAS]","524","221776","5-96 8-96"
"4881M","1997-03-05 00:00:00","VENTA","MAT.CARACAS","514","221776","5-96 8-96"
"4882M","1997-02-04 00:00:00","VENTA","MAT.CARACAS","506","224030","5-96 8-96"
"4883M","1997-03-05 00:00:00","VENTA","MAT.CARACAS","560","221776","5-96"
"4884M","1997-02-04 00:00:00","VENTA","MAT.CARACAS","522","224030","5-96"
"4885M","1997-05-07 00:00:00","VENTA","MAT.CARACAS","494","249559.4","5-96 8-96"
"4886M","1997-02-04 00:00:00","VENTA","MAT.CARACAS","514","224030","5-96 8-96"
"4887M","1997-05-07 00:00:00","VENTA","MAT.CARACAS","544","249559.4","5-96 8-96"
"4888M","1997-05-07 00:00:00","VENTA","MAT.CARACAS","500","249559.4","5-96 8-96"
"4889M","1997-03-05 00:00:00","VENTA","MAT.CARACAS","470","221776","5-96 8-96"
"4890M","1997-02-04 00:00:00","VENTA","MAT.CARACAS","556","224030","5-96"
"4891M","1996-10-08 00:00:00","VENTA","MATADERO","498","206316.76","5-96"
"4892M","1996-11-06 00:00:00","VENTA","MAT.CARACAS","498","208073.85","5-96"
"4893","1998-09-30 00:00:00","Venta","MAT.CARACAS","506","272510","8-98 4-98 TIENE D4893"
"4894M","1996-05-05 00:00:00","OTROS","EL TUY","0","0",""
"4895M","1997-03-05 00:00:00","VENTA","MAT.CARACAS","526","221776","5-96 8-96"
"4896M","1997-02-04 00:00:00","VENTA","MAT.CARACAS","528","224030","5-96"
"4897M","1997-05-07 00:00:00","VENTA","MAT.CARACAS","562","249559.4","5-96 8-96"
"4898M","1997-03-05 00:00:00","VENTA","MAT.CARACAS","536","221776","5-96"
"4899M","1997-03-05 00:00:00","VENTA","MAT.CARACAS","550","221776","5-96 8-96"
"4900M","1997-08-13 00:00:00","VENTA","MAT.CARACAS","502","288741","2-97 8-96 7-97"
"4901M","1997-03-05 00:00:00","VENTA","MAT.CARACAS","528","221776","5-96 8-96"
"505","","","","0","0","8-98 4-98"
"5263","1998-07-27 00:00:00","","FINCA CAÑO DEL MEDIO","","","TRANSFERENCIA AUTOMATICA"
"529","","","","0","0","8-98 4-98"
"536","1996-08-07 00:00:00","VENTA","MAT.CARACAS","540","163755","5-96"
"5434","1999-03-23 00:00:00","Venta","MAT.CARACAS","932","409512","3-98 4-98 ORDEÑO"
"549","","","","0","0","8-98 4-98"
"550","1998-09-30 00:00:00","Venta","MAT.CARACAS","514","272510","8-98 4-98"
"557","","","","0","0","8-98 4-98"
"558","","","","0","0","8-98 4-98"
"559","1998-08-31 00:00:00","VENTA","MAT.CCS","548","271958","8-98 4-98"
"562","1995-05-25 00:00:00","VENTA","MATADERO CCS","424","110609",""
"563","1998-01-21 00:00:00","VENTA","MAT.CCS","420","219044","2-97 3-97"
"567","1995-07-25 00:00:00","VENTA","MATADERO","516.67","115446.5",""
"571","","","","0","0","8-98 4-98"
"577","1998-06-08 00:00:00","VENTA","MAT.CCS","512","239775","5-97 4-98"
"579","1998-06-08 00:00:00","VENTA","MAT.CCS","416","239775","3-98 4-98"
"58","1996-11-06 00:00:00","VENTA","MAT.CARACAS","480","172800","5-96 10-96"
"581","","","","0","0","8-98 4-98"
"582","1996-11-06 00:00:00","VENTA","MAT.CARACAS","524","172800","5-96 10-96 NO PARIO 95 96"
"5825","1995-10-16 00:00:00","MUERTE","","0","0",""
"584","1997-01-05 00:00:00","MUERTE","PICADA CULEBRA","0","0","5-96 10-96"
"5848M","1995-07-05 00:00:00","MUERTE","DESCUIDO","0","0",""
"585","1999-03-17 00:00:00","Venta","MAT.CARACAS","532","300660","8-98 4-98"
"586","","","","0","0","8-98 4-98"
"589","","","","0","0","8-98 4-98"
"6","1995-05-25 00:00:00","VENTA","MATADERO CCS","410","110609",""
"6006","1999-01-27 00:00:00","Venta","MAT.CARACAS","724","418217","     4-98"
"6074","","","","","","8-98 4-98"
"6078","","","","","","8-98 4-98"
"63","1996-03-21 00:00:00","VENTA","MATADERO","480","149654",""
"6502","","","","0","0","8-98 4-98"
"6505","1996-03-21 00:00:00","VENTA","MATADERO","642","149654",""
"6510","1996-11-06 00:00:00","VENTA","MAT.CARACAS","570","172800","5-96 10-96"
"6511","","","","0","0","8-98 4-98"
"6512","1999-03-17 00:00:00","Venta","MAT.CARACAS","594","300660","8-98 4-98"
"6514","1996-10-02 00:00:00","MUERTE","QUEBRADA","0","0",""
"6515","","","","0","0","8-98 4-98"
"6516","","","","0","0","8-98 4-98"
"6517","1998-03-20 00:00:00","MUERTE","ENFERMA","0","0","2-97 3-97"
"7002","1997-12-11 00:00:00","VENTA","MAT.VALENCIA","468","210235","2-97"
"7003","","","","0","0","8-98 4-98"
"7009","1996-03-21 00:00:00","VENTA","MATADERO","502","149654","MATADERO NO DA LECHE"
"7013","","","","0","0","8-98 4-98"
"7014","","","","0","0","8-98 4-98"
"7015","1997-01-24 00:00:00","VENTA","GRIPPI","452","134000","5-96 10-96"
"7016","1999-03-21 00:00:00","Muerte","","0","0","BENEFICIADA"
"7017","","","","0","0","8-98 4-98"
"7018","","","","0","0","8-98 4-98"
"71","1997-05-07 00:00:00","VENTA","MAT.CARACAS","600","191832.24","     10-96"
"7509","1997-05-07 00:00:00","VENTA","MAT.CARACAS","520","191832.24","2-97 3-97"
"7510","","","","0","0","8-98 4-98"
"7511","1997-08-13 00:00:00","VENTA","MAT.CARACAS","506","194375.63","2-97 3-97"
"7512","1995-10-28 00:00:00","MUERTE","SACRIFICADA","0","0",""
"7591","1997-11-19 00:00:00","VENTA","MAT.CARACAS","510","234704","2-97 3-97"
"7599","1999-03-17 00:00:00","Venta","MAT.CARACAS","544","300660","8-98 4-98"
"7607","1996-03-21 00:00:00","VENTA","MATADERO","512","149654",""
"7612","1995-05-25 00:00:00","VENTA","MATADERO CCS","464","110609",""
"76301","1998-06-08 00:00:00","VENTA","MAT.CCS","510","239775","3-98 4-98"
"7635","","","","0","0","8-98 4-98"
"80","1998-01-21 00:00:00","VENTA","MAT.CCS","518","219044","2-97 3-97"
"81","1998-08-31 00:00:00","VENTA","MAT.CCS","460","271958","8-98 4-98"
"812","1996-03-21 00:00:00","VENTA","MATADERO","576","149654",""
"82","1995-07-25 00:00:00","VENTA","MATADERO","503.33","115446.5",""
"83","","","","0","0","8-98 4-98"
"8506","1997-05-07 00:00:00","VENTA","MAT.CARACAS","520","191832.24","2-97 3-97"
"8516","","","","0","0","8-98 4-98"
"8522","1998-06-08 00:00:00","VENTA","MAT.CCS","426","239775","5-97 4-98"
"8526","1995-05-25 00:00:00","VENTA","MATADERO CCS","530","110609",""
"8527","1997-09-15 00:00:00","VENTA","MAT.CARACAS","570","258400","2-97 3-97"
"85341","1998-09-30 00:00:00","Venta","MAT.CARACAS","612","272510","8-98 4-98"
"8536","","","","0","0","8-98 4-98"
"8538","1995-05-25 00:00:00","VENTA","MATADERO CCS","486","110609",""
"8539","1995-09-24 00:00:00","MUERTE","SACRIFICADA","0","0",""
"8551","","","","0","0","8-98 4-98"
"8553","1996-03-21 00:00:00","VENTA","MATADERO","548","149654",""
"8554","","","","0","0","8-98 4-98"
"8555","1997-11-19 00:00:00","VENTA","MAT.CARACAS","520","234704","2-97 3-97"
"8560","1996-11-06 00:00:00","VENTA","MAT.CARACAS","500","166800",""
"8562","","","","0","0","8-98 4-98"
"8566","1995-05-25 00:00:00","VENTA","MATADERO CCS","518","110609",""
"8571","1998-08-31 00:00:00","VENTA","MAT.CCS","470","271958","3-98 4-98"
"8573","1995-05-25 00:00:00","VENTA","MATADERO CCS","530","110609",""
"8574","1998-06-08 00:00:00","VENTA","MAT.CCS","524","239775","3-98 4-98"
"8581","1998-08-31 00:00:00","VENTA","MAT.CCS","570","271958","5-97 4-98"
"8588","","","","0","0","8-98 4-98"
"8589","1999-03-17 00:00:00","Venta","MAT.CARACAS","632","300660","8-98 4-98"
"8599","1997-08-13 00:00:00","VENTA","MAT.CARACAS","550","194375.63","2-97 3-97"
"8601","1995-05-25 00:00:00","VENTA","MATADE CCS","464","110609",""
"8606","1997-11-19 00:00:00","VENTA","MAT.CARACAS","610","234704","5-97 3-97"
"8615","1999-03-17 00:00:00","Venta","MAT.CARACAS","594","300660","8-98 4-98"
"89517","1996-08-07 00:00:00","VENTA","MAT.CARACAS","910","239900","5-96"
"91529","1999-01-27 00:00:00","Venta","MAT.CARACAS","776","418217","3-98 4-98 HORRO"
"93627M","","","","0","0","3-98 4-98 HORRO"
"95010","1999-03-23 00:00:00","Venta","MAT.CARACAS","500","409512",""
"95012","1999-05-09 00:00:00","Venta","MAT.CARACAS","520","379714",""
"95013","1999-01-27 00:00:00","Venta","MAT.CARACAS","530","418217",""
"95014","1999-03-23 00:00:00","Venta","MAT.CARACAS","500","409512",""
"95028","1999-03-23 00:00:00","Venta","MAT.CARACAS","514","409512",""
"95031","1999-03-23 00:00:00","Venta","MAT.CARACAS","550","409512",""
"95033","1999-03-23 00:00:00","Venta","MAT.CARACAS","540","409512",""
"95037","1999-03-23 00:00:00","Venta","MAT.CARACAS","526","409512",""
"95039","1999-03-23 00:00:00","Venta","MAT.CARACAS","514","409512",""
"95045","1999-03-23 00:00:00","Venta","MAT.CARACAS","510","409512",""
"95055","1999-05-09 00:00:00","Venta","MAT.CARACAS","516","379714",""
"95058","1999-05-09 00:00:00","Venta","MAT.CARACAS","460","379714",""
"95061","1999-05-09 00:00:00","Venta","MAT.CARACAS","379714","0",""
"95062","1999-03-23 00:00:00","Venta","MAT.CARACAS","500","409512",""
"95063","1999-03-23 00:00:00","Venta","MAT.CARACAS","500","409512",""
"95064","1999-03-23 00:00:00","Venta","MAT.CARACAS","556","409512",""
"95065","1999-03-23 00:00:00","Venta","MAT.CARACAS","530","409512",""
"95067","1999-03-23 00:00:00","Venta","MAT.CARACAS","502","409512",""
"95074","1999-03-23 00:00:00","Venta","MAT.CARACAS","538","409512",""
"95075","1999-01-27 00:00:00","Venta","MAT.CARACAS","510","418217",""
"95081","1999-05-09 00:00:00","Venta","MAT.CARACAS","558","379714",""
"95084","1999-03-23 00:00:00","Venta","MAT.CARACAS","500","409512",""
"95087","1999-01-27 00:00:00","Venta","MAT.CARACAS","540","418217",""
"95089","1999-03-23 00:00:00","Venta","MAT.CARACAS","500","409512",""
"95093","1999-01-27 00:00:00","Venta","MAT.CARACAS","534","418217",""
"95097","1999-03-23 00:00:00","Venta","MAT.CARACAS","516","409512",""
"95100","1999-05-09 00:00:00","Venta","MAT.CARACAS","379714","0",""
"95107","1999-05-09 00:00:00","Venta","MAT.CARACAS","484","379714",""
"95115","1999-05-09 00:00:00","Venta","MAT.CARACAS","558","379714",""
"95116","1999-05-09 00:00:00","Venta","MAT.CARACAS","526","379714",""
"95117","1999-05-09 00:00:00","Venta","MAT.CARACAS","472","379714",""
"95120","1999-05-09 00:00:00","Venta","MAT.CARACAS","486","379714",""
"95121","1999-03-23 00:00:00","Venta","MAT.CARACAS","510","409512",""
"95122","1999-01-27 00:00:00","Venta","MAT.CARACAS","506","418217",""
"95123","1999-01-27 00:00:00","Venta","MAT.CARACAS","500","418217",""
"95127","1999-03-23 00:00:00","Venta","MAT.CARACAS","534","409512",""
"95128","1999-05-09 00:00:00","Venta","MAT.CARACAS","516","379714",""
"9513","1995-07-25 00:00:00","VENTA","MATADERO","503.33","115446.5",""
"95131","1999-03-23 00:00:00","Venta","MAT.CARACAS","532","409512",""
"95132","1999-05-09 00:00:00","Venta","MAT.CARACAS","504","379714",""
"95135","1999-03-23 00:00:00","Venta","MAT.CARACAS","508","409512",""
"95136","1999-03-23 00:00:00","Venta","MAT.CARACAS","500","409512",""
"95137","1999-05-09 00:00:00","Venta","MAT.CARACAS","492","379714",""
"95138","1999-05-09 00:00:00","Venta","MAT.CARACAS","532","379714",""
"9514","","","","0","0","8-98 4-98"
"95142","1999-03-23 00:00:00","Venta","MAT.CARACAS","492","409512",""
"95143","1999-03-23 00:00:00","Venta","MAT.CARACAS","514","409512",""
"95144","1999-03-23 00:00:00","Venta","MAT.CARACAS","508","409512",""
"95149","1999-01-27 00:00:00","Venta","MAT.CARACAS","528","418217",""
"95150","1999-05-09 00:00:00","Venta","MAT.CARACAS","522","379714",""
"95151","1999-05-09 00:00:00","Venta","MAT.CARACAS","510","379714",""
"95153","1999-01-27 00:00:00","Venta","MAT.CARACAS","528","418217",""
"95159","1999-03-23 00:00:00","Venta","MAT.CARACAS","500","409512",""
"95164","1999-05-09 00:00:00","Venta","MAT.CARACAS","510","379714",""
"95165","1999-03-23 00:00:00","Venta","MAT.CARACAS","520","409512",""
"95167","1999-01-27 00:00:00","Venta","MAT.CARACAS","510","418217",""
"95168","1999-03-23 00:00:00","Venta","MAT.CARACAS","520","409512",""
"95170","1999-03-23 00:00:00","Venta","MAT.CARACAS","510","409512",""
"9518","1997-01-24 00:00:00","VENTA","GRIPPI","544","134000","5-96 10-96"
"95181","1999-01-27 00:00:00","Venta","MAT.CARACAS","566","418217",""
"95182","1999-05-09 00:00:00","Venta","MAT.CARACAS","520","379714",""
"95183","1999-03-23 00:00:00","Venta","MAT.CARACAS","516","409512",""
"95188","1999-03-23 00:00:00","Venta","MAT.CARACAS","516","409512",""
"95189","1999-01-27 00:00:00","Venta","MAT.CARACAS","534","418217",""
"95192","1999-05-09 00:00:00","Venta","MAT.CARACAS","508","379714",""
"95193","1999-03-23 00:00:00","Venta","MAT.CARACAS","502","409512",""
"95201","1999-05-09 00:00:00","Venta","MAT.CARACAS","494","379714",""
"95204","1999-01-27 00:00:00","Venta","MAT.CARACAS","520","418217",""
"95206","1999-03-23 00:00:00","Venta","MAT.CARACAS","532","409512",""
"95212","1999-05-09 00:00:00","Venta","MAT.CARACAS","468","379714",""
"95214","1999-05-09 00:00:00","Venta","MAT.CARACAS","504","379714",""
"95216","1999-05-09 00:00:00","Venta","MAT.CARACAS","516","379714",""
"95217","1999-05-09 00:00:00","Venta","MAT.CARACAS","500","379714",""
"95219","1999-03-23 00:00:00","Venta","MAT.CARACAS","538","409512",""
"95221","1999-05-09 00:00:00","Venta","MAT.CARACAS","510","379714",""
"95229","1999-05-09 00:00:00","Venta","MAT.CARACAS","504","379714",""
"95230","1999-05-09 00:00:00","Venta","MAT.CARACAS","536","379714",""
"95236","1999-01-27 00:00:00","Venta","MAT.CARACAS","514","418217",""
"95239","1999-05-09 00:00:00","Venta","MAT.CARACAS","510","379714",""
"95241","1999-05-09 00:00:00","Venta","MAT.CARACAS","460","379714",""
"95242","1999-01-27 00:00:00","Venta","MAT.CARACAS","524","418217",""
"95246","1999-05-09 00:00:00","Venta","MAT.CARACAS","480","379714",""
"95247","1999-01-27 00:00:00","Venta","MAT.CARACAS","540","418217",""
"95248","1999-01-27 00:00:00","Venta","MAT.CARACAS","500","418217",""
"95249","1999-03-23 00:00:00","Venta","MAT.CARACAS","520","409512",""
"95251","1999-03-23 00:00:00","Venta","MAT.CARACAS","550","409512",""
"95253","1999-01-27 00:00:00","Venta","MAT.CARACAS","508","418217",""
"95254","1999-03-23 00:00:00","Venta","MAT.CARACAS","500","409512",""
"95255","1999-03-23 00:00:00","Venta","MAT.CARACAS","532","409512",""
"95256","1999-05-09 00:00:00","Venta","MAT.CARACAS","556","379714",""
"95259","1999-05-09 00:00:00","Venta","MAT.CARACAS","500","379714",""
"95260","1999-03-23 00:00:00","Venta","MAT.CARACAS","534","409512",""
"95261","1999-03-23 00:00:00","Venta","MAT.CARACAS","500","409512",""
"95265","1999-03-23 00:00:00","Venta","MAT.CARACAS","520","409512",""
"95266","1999-05-09 00:00:00","Venta","MAT.CARACAS","450","379714",""
"95267","1999-05-09 00:00:00","Venta","MAT.CARACAS","472","379714",""
"95270","1999-03-23 00:00:00","Venta","MAT.CARACAS","530","409512",""
"95274","1999-05-09 00:00:00","Venta","MAT.CARACAS","520","379714",""
"95279","1999-03-23 00:00:00","Venta","MAT.CARACAS","504","409512",""
"95280","1999-05-09 00:00:00","Venta","MAT.CARACAS","500","379714",""
"95282","1999-05-09 00:00:00","Venta","MAT.CARACAS","452","379714",""
"95286","1999-03-23 00:00:00","Venta","MAT.CARACAS","552","409512",""
"95287","1999-05-09 00:00:00","Venta","MAT.CARACAS","504","379714",""
"9545","1996-03-21 00:00:00","VENTA","MATADERO","532","149654",""
"9546","","","","0","0","8-98 4-98"
"9557","","","","0","0","8-98 4-98"
"9562","1995-05-25 00:00:00","VENTA","MATADERO CCS","566","110609",""
"9566","1996-03-21 00:00:00","VENTA","MATADERO","604","149654",""
"9568","1996-03-21 00:00:00","VENTA","MATADERO","526","149654",""
"9570","1999-03-17 00:00:00","Venta","MAT.CARACAS","590","300660","8-98 4-98"
"9580","1997-11-19 00:00:00","VENTA","MAT.CARACAS","548","234704","2-97 3-97"
"9582","1995-05-25 00:00:00","VENTA","MATADERO CCS","570","110609",""
"9586","","","","0","0","8-98 4-98"
"9589","1998-01-21 00:00:00","VENTA","MAT.CCS","436","219044","2-97 3-97"
"96253","1999-03-17 00:00:00","Venta","MAT.CARACAS","436","300660",""
"b/3806","1997-01-01 00:00:00","Histor","","0","0",""
"b/999","1996-05-29 00:00:00","Histor","","0","0",""
"B114","2000-05-29 00:00:00","OTROS","CAÑO NEGRO","","0","TRANSFERENCIA AUTOMATICA A LA FINCA CAÑO NEGRO"
"B16","1998-05-01 00:00:00","Histor","","0","0",""
"D0118","","","","0","0","8-98 4-98"
"D0141","","","","0","0","8-98 4-98"
"D0159","","","","0","0","8-98 4-98"
"D0173","","","","0","0","8-98 4-98"
"D6002","","","","0","0","8-98 4-98"
"D6003","1998-06-08 00:00:00","VENTA","MAT.CCS","570","480480","3-98 4-98"
"D6010","1997-09-15 00:00:00","VENTA","MAT.CARACAS","526","297003","2-97 8-96"
"D6014","","","","0","0","8-98 4-98"
"D6026","1999-03-23 00:00:00","Venta","MAT.CARACAS","860","409512","3-98 4-98"
"D6028","","","","0","0","8-98 4-98"
"D8001","","","","0","0","8-98 4-98"
"D8002","","","FINCA MEDANITO","0","0","TRANSFERENCIA AUTOMATICA"
"D8003","1997-07-21 00:00:00","VENTA","MAT.CARACAS","484","274302","2-97 8-96 7-97"
"D8004","1997-09-15 00:00:00","VENTA","MAT.CARACAS","500","297003","2-97 8-96 7-97"
"D8005","1997-05-07 00:00:00","VENTA","MAT.CARACAS","502","249559.4","5-96 8-96"
"D8006","1997-03-05 00:00:00","VENTA","MAT.CARACAS","484","221776","5-96 8-96"
"D8007","","","","0","0","8-98 4-98"
"D8008","1997-05-07 00:00:00","VENTA","MAT.CARACAS","500","249559.4","5-96 8-96"
"D8009","1997-03-05 00:00:00","VENTA","MAT.CARACAS","494","221776","5-96 8-96"
"D8010","1998-06-08 00:00:00","VENTA","MAT.CCS","490","239775","5-97 4-98"
"D8011","1998-08-31 00:00:00","VENTA","MAT.CCS","580","271958","8-98 4-98"
"D8012","","","","0","0","8-98 4-98"
"D8013","1997-05-07 00:00:00","VENTA","MAT.CARACAS","500","249559.4","5-96 3-97"
"D8014","1997-05-07 00:00:00","VENTA","MAT.CARACAS","560","249559.4","5-96 3-97"
"D8015","1997-05-07 00:00:00","VENTA","MAT.CARACAS","550","249559.4",""
"D8016","1997-03-05 00:00:00","VENTA","MAT.CARACAS","502","221776","5-96 8-96"
"D8017","1998-08-31 00:00:00","VENTA","MAT.CCS","500","271958","3-98 4-98"
"D8018","","","","0","0","8-98 4-98"
"D8019","1997-03-05 00:00:00","VENTA","MAT.CARACAS","522","221776","2-97 8-96"
"D8020","1997-09-15 00:00:00","VENTA","MAT.CARACAS","594","297003","5-96 3-97 7-97"
"D8021","1999-03-17 00:00:00","Venta","MAT.CARACAS","478","300660","8-98 4-98"
"D8022","1997-11-19 00:00:00","VENTA","MAT.CARACAS","470","234704","5-97 3-97 MOROCHA"
"D8023","1997-08-13 00:00:00","VENTA","MAT.CARACAS","520","288741","2-97 8-96 7-97"
"D8024","1997-07-21 00:00:00","VENTA","MAT.CARACAS","524","274302","2-97 8-96 7-97"
"D8025","1997-03-05 00:00:00","VENTA","MAT.CARACAS","506","221776","5-96 8-96"
"D8026","1997-08-13 00:00:00","VENTA","MAT.CARACAS","518","288741","2-97 8-96 7-97"
"D8027","1997-05-07 00:00:00","VENTA","MAT.CARACAS","522","249559.4","5-96 8-96"
"D8028","1996-05-08 00:00:00","MUERTE","","0","0",""
"D8029","","","","0","0","2-97 3-97 7-97"
"D8030","1997-08-13 00:00:00","VENTA","MAT.CARACAS","514","288741","2-97 8-96 7-97"
"D8031","1999-03-17 00:00:00","Venta","MAT.CARACAS","498","300660","8-98 4-98"
"D8032","1998-09-30 00:00:00","Venta","MAT.CARACAS","444","272510","8-98 4-98"
"D8033","1997-05-07 00:00:00","VENTA","MAT.CARACAS","590","249559.4","5-96 8-96"
"D8035","1998-06-08 00:00:00","VENTA","MAT.CCS","424","239775","3-98 4-98"
"D8036","1999-03-08 00:00:00","Venta","MAT.CARACAS","256","371312","2-97 3-97 7-97"
"D8037","1997-08-13 00:00:00","VENTA","MAT.CARACAS","520","288741","2-97 8-96 7-97"
"D8038","","","","0","0","8-98 4-98"
"D8039","1997-07-21 00:00:00","VENTA","MAT.CARACAS","530","274302","2-97 8-96 7-97"
"D8040","","","","0","0","8-98 4-98"
"D8041","1997-09-15 00:00:00","VENTA","MAT.CARACAS","504","297003","2-97 8-96 7-97"
"D8042","","","","0","0","8-98 4-98"
"D8043","1997-08-13 00:00:00","VENTA","MAT.CARACAS","546","288741","2-97 8-96 7-97"
"D8044","","","","0","0","8-98 4-98"
"D8045","1997-08-13 00:00:00","VENTA","MAT.CARACAS","502","194375.63","2-97 8-96 7-97"
"D8046","","","","0","0","8-98 4-98"
"D8047","1997-03-05 00:00:00","VENTA","MAT.CARACAS","514","221776","5-96 8-96"
"D8048","","","","0","0","8-98 4-98"
"D8049","1997-08-13 00:00:00","VENTA","MAT.CARACAS","518","288741","2-97 8-96 7-97"
"D8050","1998-01-18 00:00:00","Robo","","0","0","2-97 8-96 7-97"
"D8051","1999-03-17 00:00:00","Venta","MAT.CARACAS","438","300660","8-98 4-98"
"D8052","1997-09-15 00:00:00","VENTA","MAT.CARACAS","480","297003","2-97 3-97 7-97"
"D8053","","","","0","0","8-98 4-98"
"D8054","1998-10-01 00:00:00","Venta","MAT-TUY","0","397804","2-97 3-97 7-97"
"D8056","1998-06-08 00:00:00","VENTA","MAT.CCS","408","239775","3-98 4-98"
"D8057","","","","0","0","8-98 4-98"
"D8058","","","","0","0","8-98 4-98"
"D8059","","","","0","0","3-98 4-98"
"D8060","1999-03-17 00:00:00","Venta","MAT.CARACAS","404","300660","8-98 4-98"
"D8061","1998-10-27 00:00:00","Venta","MAT-TUY","520","411095","2-97 3-97 7-97"
"D8062","1997-09-15 00:00:00","VENTA","MAT.CARACAS","480","297003","2-97 3-97 7-97"
"D8063","1997-09-15 00:00:00","VENTA","MAT.CARACAS","492","297003","2-97 8-96 7-97"
"D8065","1997-09-15 00:00:00","VENTA","MAT.CARACAS","470","297003","2-97 8-96 7-97"
"D8066","1999-03-08 00:00:00","Venta","MAT.CARACAS","256","371312","2-97 3-97 7-97"
"D8067","1997-09-15 00:00:00","VENTA","MAT.CARACAS","502","297003","2-97 8-96 7-97"
"D8068","","","","0","0","8-98 4-98"
"D8069","1998-10-01 00:00:00","Venta","MAT-TUY","0","397804","2-97 3-97 7-97"
"D8070","","","","0","0","8-98 4-98"
"D8071","1999-03-17 00:00:00","Venta","MAT.CARACAS","500","300660","8-98 4-98"
"D8072","","","","0","0","8-98 4-98 1-98"
"D8073","","","","0","0","8-98 4-98"
"D8074","1998-01-18 00:00:00","Robo","","0","0","2-97 3-97 7-97"
"D8075","","","","0","0","8-98 4-98 OREJA D8075"
"D8076","","","","0","0","8-98 4-98"
"D8077","","","","0","0","8-98 4-98"
"D8078","1997-08-13 00:00:00","VENTA","MAT.CARACAS","514","288741","2-97 8-96 7-97"
"D8079","1999-03-08 00:00:00","Venta","MAT.CARACAS","256","371312","2-97 3-97 7-97"
"D8080","1997-09-15 00:00:00","VENTA","MAT.CARACAS","492","297003","2-97 8-96 7-97"
"D8081","1997-08-13 00:00:00","VENTA","MAT.CARACAS","536","288741","2-97 8-96 7-97"
"D8082","","","","0","0","8-98 4-98"
"D8083","","","","0","0","8-98 4-98"
"D8084","","","","0","0","8-98 4-98"
"D8085","1997-09-15 00:00:00","VENTA","MAT.CARACAS","504","297003","2-97 8-96 7-97"
"D8086","","","","0","0","8-98 4-98"
"D8087","","","","0","0","8-98 4-98"
"D8088","","","","0","0","8-98 4-98"
"D8089","1999-03-17 00:00:00","Venta","MAT.CARACAS","604","300660","8-98 4-98"
"D8090","1997-09-15 00:00:00","VENTA","MAT.CARACAS","508","297003","2-97 8-96 7-97"
"D8091","1999-03-08 00:00:00","Venta","MAT.CARACAS","256","371312","2-97 3-97 7-97"
"D8092","1997-09-15 00:00:00","VENTA","MAT.CARACAS","518","297003","2-97 8-96 7-97"
"D8093","1998-04-14 00:00:00","Venta","ECHENAGUCIA","0","260000","2-97 3-97 7-97"
"D8094","1999-03-08 00:00:00","Venta","MAT.CARACAS","256","371312","2-97 3-97 7-97"
"D8095","1996-03-03 00:00:00","MUERTE","","0","0","PATA ROTA"
"D8096","","","","0","0","8-98 4-98"
"D8098","1997-09-15 00:00:00","VENTA","MAT.CARACAS","500","297003","2-97 8-96 7-97"
"D8099","1997-12-15 00:00:00","MUERTE","PARTO","0","0","5-97 3-97"
"D80990","","","","0","0","8-98 4-98"
"D8100","1996-03-09 00:00:00","MUERTE","POR C.E.E.","0","0","_"
"D8101","","","","0","0","8-98 4-98"
"D8102","1999-03-08 00:00:00","Venta","MAT.CARACAS","256","371312","2-97 3-97 7-97"
"D8103","","","","0","0","8-98 4-98"
"D8104","1995-09-28 00:00:00","MUERTE","DESCUIDO","0","0","_"
"D8105","1998-10-01 00:00:00","Venta","MAT-TUY","0","397804","2-97 3-97 7-97"
"D8106","1999-03-08 00:00:00","Venta","MAT.CARACAS","256","371312","2-97 3-97 7-97"
"D8107","","","","0","0","8-98 4-98"
"D8109","","","","0","0","8-98 4-98"
"D8110","","","","0","0","8-98 4-98 BR COLORADO"
"D8111","1999-03-08 00:00:00","Venta","MAT.CARACAS","256","371312","2-97 3-97 7-97"
"D8112","","","","0","0","8-98 4-98 BR PARDO"
"D8113","","","","0","0","8-98 4-98"
"D8114","1998-10-27 00:00:00","Venta","MAT-TUY","520","411095","2-97 3-97 7-97"
"D8115","1998-04-05 00:00:00","MUERTE","BENEFICIADO","0","0","3-98 4-98 7-97"
"D8116","1999-03-08 00:00:00","Venta","MAT.CARACAS","256","371312","2-97 3-97 7-97"
"D8117","1998-10-01 00:00:00","Venta","MAT-TUY","0","397804","2-97 3-97 7-97"
"D8118","1999-03-17 00:00:00","Venta","MAT.CARACAS","510","300660","8-98 4-98 BR NEGRO"
"D8119","","","","0","0","     3-97 7-97"
"D8120","","","","0","0","2-97 3-97 7-97"
"D8121","","","","0","0","2-97 3-97 7-97"
"D8122","1998-01-18 00:00:00","Robo","","0","0","2-97 3-97 7-97"
"D8123","1999-03-08 00:00:00","Venta","MAT.CARACAS","256","371312","2-97 3-97 7-97"
"D8124","1998-10-27 00:00:00","Venta","MAT-TUY","520","411095","2-97 3-97 7-97"
"D8125","1999-03-17 00:00:00","Venta","MAT.CARACAS","474","300660","8-98 4-98"
"D8126","","","","0","0","8-98 4-98"
"D8127","1998-10-27 00:00:00","Venta","MAT-TUY","520","411095","2-97 3-97 7-97"
"D8128","","","","0","0","8-98 4-98 BR"
"D8129","1998-10-01 00:00:00","Venta","MAT-TUY","0","397804","2-97 3-97 7-97"
"D8130","","","","0","0","8-98 4-98 BR"
"D8131","","","","0","0","8-98 4-98 BR"
"D8132","","","","0","0","8-98 4-98 BR"
"D8133","","","","0","0","8-98 4-98 BR"
"D8134","1997-12-08 00:00:00","MUERTE","ENFERMEDAD","0","0","5-96 3-97 7-97"
"D8135","1999-03-08 00:00:00","Venta","MAT.CARACAS","256","371312","2-97 3-97 7-97"
"D8136","1998-10-30 00:00:00","Venta","MAT-TUY","520","411095","2-97 3-97 7-97"
"D8137","1999-03-08 00:00:00","Venta","MAT.CARACAS","256","371312","2-97 3-97 7-97"
"D8138","1998-01-18 00:00:00","Robo","","0","0","2-97 3-97 7-97"
"D8139","1998-04-14 00:00:00","Muerte","","0","0","DIARREA"
"D8140","1999-03-08 00:00:00","Venta","MAT.CARACAS","256","371312","2-97 3-97 7-97"
"D8141","","","","0","0","8-98 4-98 BR"
"D8142","","","","0","0","2-97 3-97 7-97"
"D8143","1997-09-15 00:00:00","VENTA","MAT.CARACAS","496","297003","2-97 8-96 7-97"
"D8144","1998-10-01 00:00:00","Venta","MAT-TUY","0","397804","2-97 3-97 7-97"
"D8145","","","","0","0","8-98 4-98 BR"
"D8146","","","","0","0","8-98 4-98 BR"
"D8147","1998-10-01 00:00:00","Venta","MAT-TUY","0","397804","2-97 3-97 7-97"
"D8148","","","","0","0","8-98 4-98 BR"
"D8149","1998-10-27 00:00:00","Venta","MAT-TUY","520","411095","2-97 3-97 7-97"
"D8150","","","","0","0","8-98 4-98 BR"
"D8151","1998-08-17 00:00:00","","FINCA MEDANITO","0","0","TRANSFERENCIA AUTOMATICA"
"D8152","1998-10-01 00:00:00","Venta","MAT-TUY","0","397804","2-97 3-97 7-97"
"D8153","","","","0","0","8-98 4-98 BR"
"D8154","1998-10-27 00:00:00","Venta","MAT-TUY","520","411095","2-97 3-97 7-97"
"D8155","1998-10-11 00:00:00","Muerte","","0","0","MASTITIS"
"D8156","1998-03-19 00:00:00","","FINCA MEDANITO","0","0","TRANSFERENCIA AUTOMATICA"
"D8157","1998-10-01 00:00:00","Venta","MAT-TUY","0","397804","2-97 3-97 7-97"
"E01","","","","0","0","3-98 3-97 7-97"
"E8001","1998-08-17 00:00:00","","FINCA MEDANITO","0","0","TRANSFERENCIA AUTOMATICA"
"E80017","","","","","","3-98"
"E8002","1998-03-17 00:00:00","","FINCA MEDANITO","0","0","TRANSFERENCIA AUTOMATICA"
"E8003","1998-10-01 00:00:00","Venta","MAT-TUY","0","397804","2-97 3-97 7-97"
"E80037","","","","","","3-98"
"E8004","","","","0","0","8-98 4-98 BR"
"E80047","1998-03-19 00:00:00","","FINCA MEDANITO","","","TRANSFERENCIA AUTOMATICA"
"E8005","1998-03-17 00:00:00","","FINCA MEDANITO","0","0","TRANSFERENCIA AUTOMATICA"
"E80057","1999-01-19 00:00:00","OTROS","FINCA MEDANITO","0","0","TRANSFERENCIA AUTOMATICA A LA FINCA FINCA MEDANITO"
"E80067","","","","","","3-98 3-97 7-97"
"E8007","1999-03-08 00:00:00","Venta","MAT.CARACAS","256","371312","5-96 3-97 7-97"
"E80077","","","","","","3-98"
"E8008","1998-05-04 00:00:00","","FINCA MEDANITO","0","0","TRANSFERENCIA AUTOMATICA"
"E80087","1998-03-19 00:00:00","","FINCA MEDANITO","","","TRANSFERENCIA AUTOMATICA"
"E8009","1999-03-08 00:00:00","Venta","MAT.CARACAS","256","371312","2-97 3-97 7-97"
"E80097","1999-01-19 00:00:00","OTROS","FINCA MEDANITO","0","0","TRANSFERENCIA AUTOMATICA A LA FINCA FINCA MEDANITO"
"E8010","1998-03-17 00:00:00","","FINCA MEDANITO","0","0","TRANSFERENCIA AUTOMATICA"
"E8011","1998-07-28 00:00:00","Muerte","","0","0","ENFERMO"
"E80117","1999-01-19 00:00:00","OTROS","FINCA MEDANITO","0","0","TRANSFERENCIA AUTOMATICA A LA FINCA FINCA MEDANITO"
"E8012","1998-03-17 00:00:00","","FINCA MEDANITO","0","0","TRANSFERENCIA AUTOMATICA"
"E80127","1999-01-19 00:00:00","OTROS","FINCA MEDANITO","0","0","TRANSFERENCIA AUTOMATICA A LA FINCA FINCA MEDANITO"
"E8013","","","","0","0","2-97      7-97"
"E80137","1999-01-19 00:00:00","OTROS","FINCA MEDANITO","0","0","TRANSFERENCIA AUTOMATICA A LA FINCA FINCA MEDANITO"
"E8014","1999-03-08 00:00:00","Venta","MAT.CARACAS","256","371312","2-97      7-97"
"E80147","","","","","","3-98"
"E8015","1997-02-15 00:00:00","MUERTE","DESCONOCIDA","0","0",""
"E80157","","","","","","3-98"
"E8016","1998-03-17 00:00:00","","FINCA MEDANITO","0","0","TRANSFERENCIA AUTOMATICA"
"E80167","","","","","","3-98"
"E8017","1998-03-17 00:00:00","","FINCA MEDANITO","0","0","TRANSFERENCIA AUTOMATICA"
"E8018","1998-03-17 00:00:00","","FINCA MEDANITO","0","0","TRANSFERENCIA AUTOMATICA"
"E8019","","","","0","0","8-98 4-98"
"E8020","1998-03-17 00:00:00","","FINCA MEDANITO","0","0","TRANSFERENCIA AUTOMATICA"
"E8021","1998-10-27 00:00:00","Venta","MAT-TUY","520","411095","2-97 3-97 7-97"
"E8022","1998-10-01 00:00:00","Venta","MAT-TUY","0","397804","2-97 3-97 7-97"
"E8023","1998-03-17 00:00:00","","FINCA MEDANITO","0","0","TRANSFERENCIA AUTOMATICA"
"E8024","1998-03-17 00:00:00","","FINCA MEDANITO","0","0","TRANSFERENCIA AUTOMATICA"
"E8025","1998-03-17 00:00:00","","FINCA MEDANITO","0","0","TRANSFERENCIA AUTOMATICA"
"E8026","1998-03-17 00:00:00","","FINCA MEDANITO","0","0","TRANSFERENCIA AUTOMATICA"
"E8027","1999-03-08 00:00:00","Venta","MAT.CARACAS","256","371312","2-97 3-97 7-97"
"E8028","1998-03-17 00:00:00","","FINCA MEDANITO","0","0","TRANSFERENCIA AUTOMATICA"
"E8029","1998-03-17 00:00:00","","FINCA MEDANITO","0","0","TRANSFERENCIA AUTOMATICA"
"E8030","1998-10-27 00:00:00","Venta","MAT-TUY","520","411095","3-98 3-97 7-97"
"E8031","1999-03-08 00:00:00","Venta","MAT.CARACAS","256","371312","2-97 3-97 7-97"
"E8032","1998-03-19 00:00:00","","FINCA MEDANITO","0","0","TRANSFERENCIA AUTOMATICA"
"E8033","1998-05-04 00:00:00","","FINCA MEDANITO","0","0","TRANSFERENCIA AUTOMATICA"
"E8034","1998-03-17 00:00:00","","FINCA MEDANITO","0","0","TRANSFERENCIA AUTOMATICA"
"E8035","1998-03-17 00:00:00","","FINCA MEDANITO","0","0","TRANSFERENCIA AUTOMATICA"
"E8036","1999-03-08 00:00:00","Venta","MAT.CARACAS","256","371312","2-97 3-97 7-97"
"E8037","","","","0","0","8-98 3-97 BR"
"E8038","1998-10-27 00:00:00","Venta","MAT-TUY","520","411095","2-97 3-97 7-97"
"E8039","1999-03-08 00:00:00","Venta","MAT.CARACAS","256","371312","2-97 3-97 7-97"
"E8040","1997-10-27 00:00:00","","FINCA MEDANITO","0","0","TRANSFERENCIA AUTOMATICA"
"E8041","1997-10-27 00:00:00","","FINCA MEDANITO","0","0","TRANSFERENCIA AUTOMATICA"
"E8042","1999-03-08 00:00:00","Venta","MAT.CARACAS","256","371312","2-97 3-97 7-97"
"E8043","1998-03-17 00:00:00","","FINCA MEDANITO","0","0","TRANSFERENCIA AUTOMATICA"
"E8044","1999-03-08 00:00:00","Venta","MAT.CARACAS","256","371312","2-97 3-97 7-97"
"E8045","1998-03-17 00:00:00","","FINCA MEDANITO","0","0","TRANSFERENCIA AUTOMATICA"
"E8046","1998-05-04 00:00:00","","FINCA MEDANITO","0","0","TRANSFERENCIA AUTOMATICA"
"E8047","1999-03-08 00:00:00","Venta","MAT.CARACAS","256","371312","2-97 3-97 7-97"
"E8048","","","","0","0","2-97 3-97 7-97"
"E8049","1998-03-17 00:00:00","","FINCA MEDANITO","0","0","TRANSFERENCIA AUTOMATICA"
"E8050","1996-05-16 00:00:00","MUERTE","","0","0",""
"E8051","1998-02-05 00:00:00","","FINCA MEDANITO","0","0","TRANSFERENCIA AUTOMATICA"
"E8052","1996-06-15 00:00:00","MUERTE","","0","0","5-96"
"E8053","1998-03-19 00:00:00","","FINCA MEDANITO","0","0","TRANSFERENCIA AUTOMATICA"
"E8054","1998-10-01 00:00:00","Venta","MAT-TUY","0","397804","5-96 3-97 7-97"
"E8055","1999-03-08 00:00:00","Venta","MAT.CARACAS","256","371312","2-97      7-97"
"E8056","1998-02-05 00:00:00","","FINCA MEDANITO","0","0","TRANSFERENCIA AUTOMATICA"
"E8057","1998-02-05 00:00:00","","FINCA MEDANITO","0","0","TRANSFERENCIA AUTOMATICA"
"E8058","1998-02-05 00:00:00","","FINCA MEDANITO","0","0","TRANSFERENCIA AUTOMATICA"
"E8059","1998-02-05 00:00:00","","FINCA MEDANITO","0","0","TRANSFERENCIA AUTOMATICA"
"E8060","1996-05-20 00:00:00","MUERTE","","0","0","MUERTO"
"E8061","1998-02-05 00:00:00","","FINCA MEDANITO","0","0","TRANSFERENCIA AUTOMATICA"
"E8062","1999-03-08 00:00:00","Venta","MAT.CARACAS","256","371312","2-97 3-97 7-97"
"E8063","1998-05-04 00:00:00","","FINCA MEDANITO","0","0","TRANSFERENCIA AUTOMATICA"
"E8064","1998-03-17 00:00:00","","FINCA MEDANITO","0","0","TRANSFERENCIA AUTOMATICA"
"E8065","","","","0","0","2-97 3-97 7-97"
"E8066","1998-02-05 00:00:00","","FINCA MEDANITO","0","0","TRANSFERENCIA AUTOMATICA"
"E8067","1998-03-17 00:00:00","","FINCA MEDANITO","0","0","TRANSFERENCIA AUTOMATICA"
"E8068","1999-03-08 00:00:00","Venta","MAT.CARACAS","256","371312","2-97 3-97 7-97"
"E8069","1998-02-05 00:00:00","","FINCA MEDANITO","0","0","TRANSFERENCIA AUTOMATICA"
"E8070","1999-03-08 00:00:00","Venta","MAT.CARACAS","256","371312","2-97 3-97 7-97"
"E8071","1998-02-05 00:00:00","","FINCA MEDANITO","0","0","TRANSFERENCIA AUTOMATICA"
"E8072","","","","0","0","3-98 3-97 7-97"
"E8073","1996-07-09 00:00:00","MUERTE","MORDEDURA PERRO","0","0",""
"E8074","1997-02-25 00:00:00","MUERTE","PICADO CULEBRA","0","0",""
"E8075","1996-07-26 00:00:00","MUERTE","ENFERMO","0","0",""
"E8076","1998-05-04 00:00:00","","FINCA MEDANITO","0","0","TRANSFERENCIA AUTOMATICA"
"E8078","1998-03-17 00:00:00","","FINCA MEDANITO","0","0","TRANSFERENCIA AUTOMATICA"
"E8079","1999-03-08 00:00:00","Venta","MAT.CARACAS","256","371312","2-97 3-97 7-97"
"E8080","1996-11-19 00:00:00","MUERTE","DESCONOCIDA","0","0",""
"E8081","1998-05-04 00:00:00","","FINCA MEDANITO","0","0","TRANSFERENCIA AUTOMATICA"
"E8082","1998-02-05 00:00:00","","FINCA MEDANITO","0","0","TRANSFERENCIA AUTOMATICA"
"E8083","1998-02-05 00:00:00","","FINCA MEDANITO","0","0","TRANSFERENCIA AUTOMATICA"
"E8084","","","","0","0","3-98 3-97 7-97"
"E80856","1998-03-17 00:00:00","","FINCA MEDANITO","","","TRANSFERENCIA AUTOMATICA"
"E8086","1998-03-17 00:00:00","","FINCA MEDANITO","0","0","TRANSFERENCIA AUTOMATICA"
"E8087","1998-05-04 00:00:00","","FINCA MEDANITO","0","0","TRANSFERENCIA AUTOMATICA"
"E8088","1998-02-05 00:00:00","","FINCA MEDANITO","0","0","TRANSFERENCIA AUTOMATICA"
"E8089","1999-01-19 00:00:00","OTROS","FINCA MEDANITO","0","0","TRANSFERENCIA AUTOMATICA A LA FINCA FINCA MEDANITO"
"E8090","1998-02-05 00:00:00","","FINCA MEDANITO","0","0","TRANSFERENCIA AUTOMATICA"
"E8091","1998-03-17 00:00:00","","FINCA MEDANITO","0","0","TRANSFERENCIA AUTOMATICA"
"E8092","1998-03-19 00:00:00","","FINCA MEDANITO","0","0","TRANSFERENCIA AUTOMATICA"
"E8093","1998-02-05 00:00:00","","FINCA MEDANITO","0","0","TRANSFERENCIA AUTOMATICA"
"E8094","1998-05-04 00:00:00","","FINCA MEDANITO","0","0","TRANSFERENCIA AUTOMATICA"
"E8095","1998-08-17 00:00:00","","FINCA MEDANITO","0","0","TRANSFERENCIA AUTOMATICA"
"E8096","1998-03-17 00:00:00","","FINCA MEDANITO","0","0","TRANSFERENCIA AUTOMATICA"
"E8097","1998-05-04 00:00:00","","FINCA MEDANITO","0","0","TRANSFERENCIA AUTOMATICA"
"E8098","1998-05-04 00:00:00","","FINCA MEDANITO","0","0","TRANSFERENCIA AUTOMATICA"
"E8099","1998-02-05 00:00:00","","FINCA MEDANITO","0","0","TRANSFERENCIA AUTOMATICA"
"E8100","1998-02-05 00:00:00","","FINCA MEDANITO","0","0","TRANSFERENCIA AUTOMATICA"
"E8101","1998-05-04 00:00:00","","FINCA MEDANITO","0","0","TRANSFERENCIA AUTOMATICA"
"E8102","1998-05-04 00:00:00","","FINCA MEDANITO","0","0","TRANSFERENCIA AUTOMATICA"
"E8103","","","","0","0","3-98      7-97"
"E8104","","","","0","0","3-98      7-97"
"E8105","1998-03-19 00:00:00","","FINCA MEDANITO","0","0","TRANSFERENCIA AUTOMATICA"
"E8106","1998-02-05 00:00:00","","FINCA MEDANITO","0","0","TRANSFERENCIA AUTOMATICA"
"E8107","","","","0","0","3-98      7-97"
"E8108","1998-03-08 00:00:00","MUERTE","ENFERMO","0","0","          7-97"
"E8109","1998-05-04 00:00:00","","FINCA MEDANITO","","","TRANSFERENCIA AUTOMATICA"
"E8110","1998-05-04 00:00:00","","FINCA MEDANITO","0","0","TRANSFERENCIA AUTOMATICA"
"E8111","","","","0","0","3-98      7-97"
"E8112","1998-02-05 00:00:00","","FINCA MEDANITO","0","0","TRANSFERENCIA AUTOMATICA"
"E8113","1998-05-04 00:00:00","","FINCA MEDANITO","0","0","TRANSFERENCIA AUTOMATICA"
"E8114","1998-04-15 00:00:00","OTROS","DESAP.","0","0",""
"E8115","1998-03-19 00:00:00","","FINCA MEDANITO","0","0","TRANSFERENCIA AUTOMATICA"
"E8116","","","","0","0","3-98      7-97"
"E8117","","","","0","0","3-98      7-97"
"E8118","1996-11-12 00:00:00","MUERTE","DESCONOCIDA","0","0",""
"E8119","1998-05-04 00:00:00","","FINCA MEDANITO","0","0","TRANSFERENCIA AUTOMATICA"
"E8120","1998-05-04 00:00:00","","FINCA MEDANITO","0","0","TRANSFERENCIA AUTOMATICA"
"E8121","1996-10-29 00:00:00","MUERTE","ENFERMO","0","0",""
"E8122","","","","0","0","3-98      7-97"
"E8123","","","","","","3-98      7-97 DOS ALREVES"
"E8124","1998-05-04 00:00:00","","FINCA MEDANITO","","","TRANSFERENCIA AUTOMATICA"
"E8125","1998-05-04 00:00:00","","FINCA MEDANITO","","","TRANSFERENCIA AUTOMATICA"
"E8126","1998-02-05 00:00:00","","FINCA MEDANITO","","","TRANSFERENCIA AUTOMATICA"
"E8127","1998-05-04 00:00:00","","FINCA MEDANITO","","","TRANSFERENCIA AUTOMATICA"
"E8128","","","","","","3-98      7-97"
"E8129","1998-05-04 00:00:00","","FINCA MEDANITO","","","TRANSFERENCIA AUTOMATICA"
"E8130","","","","","","3-98      7-97"
"E8131","1998-05-04 00:00:00","","FINCA MEDANITO","","","TRANSFERENCIA AUTOMATICA"
"E8132","1998-05-04 00:00:00","","FINCA MEDANITO","","","TRANSFERENCIA AUTOMATICA"
"E8133","","","","","","3-98      7-97"
"E8134","1998-05-04 00:00:00","","FINCA MEDANITO","","","TRANSFERENCIA AUTOMATICA"
"E8135","1998-05-04 00:00:00","","FINCA MEDANITO","","","TRANSFERENCIA AUTOMATICA"
"E8136","1998-05-04 00:00:00","","FINCA MEDANITO","","","TRANSFERENCIA AUTOMATICA"
"E8137","1998-05-04 00:00:00","","FINCA MEDANITO","","","TRANSFERENCIA AUTOMATICA"
"E8138","","","","","","3-98      7-97"
"E8139","1998-03-19 00:00:00","","FINCA MEDANITO","","","TRANSFERENCIA AUTOMATICA"
"E8140","1998-02-05 00:00:00","OTROS","FINCA MEDANITO","0","0","TRANSFERENCIA AUTOMATICA"
"E8141","","","","","","3-98      7-97"
"E8142","1998-05-04 00:00:00","","FINCA MEDANITO","","","TRANSFERENCIA AUTOMATICA"
"E8143","1996-12-16 00:00:00","MUERTE","DESCONOCIDA","0","0",""
"E8144","1998-05-04 00:00:00","","FINCA MEDANITO","","","TRANSFERENCIA AUTOMATICA"
"E8145","1999-01-19 00:00:00","OTROS","FINCA MEDANITO","0","0","TRANSFERENCIA AUTOMATICA A LA FINCA FINCA MEDANITO"
"E8146","1999-01-19 00:00:00","OTROS","FINCA MEDANITO","360","0","TRANSFERENCIA AUTOMATICA A LA FINCA FINCA MEDANITO"
"E8147","","","","","","3-98"
"E8148","1998-03-19 00:00:00","","FINCA MEDANITO","","","TRANSFERENCIA AUTOMATICA"
"E8149","1999-01-19 00:00:00","OTROS","FINCA MEDANITO","0","0","TRANSFERENCIA AUTOMATICA A LA FINCA FINCA MEDANITO"
"E8150","","","","","","3-98"
"E8151","1998-03-17 00:00:00","","FINCA MEDANITO","","","TRANSFERENCIA AUTOMATICA"
"E8152","","","","","","3-98"
"E8153","1998-05-04 00:00:00","","FINCA MEDANITO","","","TRANSFERENCIA AUTOMATICA"
"E8154","1997-02-09 00:00:00","MUERTE","DESCONOCIDA","0","0",""
"E8155","","","","","","3-98"
"E8156","1998-01-22 00:00:00","MUERTE","ENFERMEDAD","0","0",""
"E8157","1998-02-05 00:00:00","","FINCA MEDANITO","","","TRANSFERENCIA AUTOMATICA"
"E8158","1998-05-04 00:00:00","","FINCA MEDANITO","","","TRANSFERENCIA AUTOMATICA"
"E8159","1998-03-19 00:00:00","","FINCA MEDANITO","","","TRANSFERENCIA AUTOMATICA"
"E8160","","","","","","3-98"
"E8161","","","","","","3-98"
"E8162","1999-01-19 00:00:00","OTROS","FINCA MEDANITO","316","0","TRANSFERENCIA AUTOMATICA A LA FINCA FINCA MEDANITO"
"E8163","1998-03-19 00:00:00","","FINCA MEDANITO","","","TRANSFERENCIA AUTOMATICA"
"E8164","1998-02-05 00:00:00","","FINCA MEDANITO","","","TRANSFERENCIA AUTOMATICA"
"E8165","","","","","","3-98"
"E8166","1998-03-19 00:00:00","","FINCA MEDANITO","","","TRANSFERENCIA AUTOMATICA"
"E8167","1998-03-19 00:00:00","","FINCA MEDANITO","","","TRANSFERENCIA AUTOMATICA"
"E8168","1998-03-19 00:00:00","","FINCA MEDANITO","","","TRANSFERENCIA AUTOMATICA"
"E8169","","","","","","3-98"
"E8170","","","","","","3-98"
"E8171","1998-03-24 00:00:00","","FINCA MEDANITO","","","TRANSFERENCIA AUTOMATICA"
"E8172","","","","","","3-98"
"E8173","1998-03-19 00:00:00","","FINCA MEDANITO","","","TRANSFERENCIA AUTOMATICA"
"E8174","","","","","","3-98"
"E8175","1998-05-04 00:00:00","","FINCA MEDANITO","","","TRANSFERENCIA AUTOMATICA"
"F8002","1997-02-09 00:00:00","MUERTE","MORDIDA DE PERRO","0","0",""
"F8017","1999-01-19 00:00:00","OTROS","FINCA MEDANITO","0","0","TRANSFERENCIA AUTOMATICA A LA FINCA FINCA MEDANITO"
"F8018","1998-11-15 00:00:00","Muerte","","","","BENEFICIADA"
"F8019","","","","","","3-98"
"F8020","","","","","","3-98"
"F8021","1999-01-19 00:00:00","OTROS","FINCA MEDANITO","0","0","TRANSFERENCIA AUTOMATICA A LA FINCA FINCA MEDANITO"
"F8022","1999-01-19 00:00:00","OTROS","FINCA MEDANITO","0","0","TRANSFERENCIA AUTOMATICA A LA FINCA FINCA MEDANITO"
"F8023","1998-03-19 00:00:00","","FINCA MEDANITO","","","TRANSFERENCIA AUTOMATICA"
"F8024","1998-03-19 00:00:00","","FINCA MEDANITO","","","TRANSFERENCIA AUTOMATICA"
"F8025","","","","","","3-98"
"F8026","1999-01-19 00:00:00","OTROS","FINCA MEDANITO","0","0","TRANSFERENCIA AUTOMATICA A LA FINCA FINCA MEDANITO"
"F8027","1997-03-29 00:00:00","MUERTE","DESCONOCIDA","0","0",""
"F8028","","","","","","3-98"
"F8029","1998-08-18 00:00:00","","FINCA MEDANITO","","","TRANSFERENCIA AUTOMATICA"
"F8030","","","","","","3-98"
"F8031","","","","","","3-98"
"F8032","1997-04-12 00:00:00","MUERTE","DESCONOCIDA","0","0",""
"F8033","1998-03-19 00:00:00","","FINCA MEDANITO","","","TRANSFERENCIA AUTOMATICA"
"F8034","","","","","","3-98"
"F8035","1999-01-19 00:00:00","OTROS","FINCA MEDANITO","0","0","TRANSFERENCIA AUTOMATICA A LA FINCA FINCA MEDANITO"
"F8036","1998-03-19 00:00:00","","FINCA MEDANITO","","","TRANSFERENCIA AUTOMATICA"
"F8037","","","","","","3-98"
"F8038","","","","","","3-98"
"F8039","","","","","","3-98"
"F8040","1998-03-19 00:00:00","","FINCA MEDANITO","","","TRANSFERENCIA AUTOMATICA"
"F8041","","","","","","3-98"
"F8042","1998-03-19 00:00:00","","FINCA MEDANITO","","","TRANSFERENCIA AUTOMATICA"
"F8043","","","","","","3-98"
"F8044","1998-03-19 00:00:00","","FINCA MEDANITO","","","TRANSFERENCIA AUTOMATICA"
"F8045","1998-03-19 00:00:00","","FINCA MEDANITO","","","TRANSFERENCIA AUTOMATICA"
"F8046","","","","","","3-98"
"F8047","","","","","","3-98"
"F8048","1998-03-19 00:00:00","","FINCA MEDANITO","","","TRANSFERENCIA AUTOMATICA"
"F8049","","","","","","3-98"
"F8050","","","","","","3-98"
"F8051","","","","","","3-98"
"F8052","","","","","","3-98"
"F8053","1999-01-19 00:00:00","OTROS","FINCA MEDANITO","0","0","TRANSFERENCIA AUTOMATICA A LA FINCA FINCA MEDANITO"
"F8054","","","","","","3-98"
"F8055","1999-01-19 00:00:00","OTROS","FINCA MEDANITO","0","0","TRANSFERENCIA AUTOMATICA A LA FINCA FINCA MEDANITO"
"F8056","","","","","","3-98"
"F8057","","","","","","3-98"
"F8058","1998-03-19 00:00:00","","FINCA MEDANITO","","","TRANSFERENCIA AUTOMATICA"
"F8059","","","","","","3-98"
"F8060","","","","","","3-98"
"F8061","1998-03-19 00:00:00","","FINCA MEDANITO","","","TRANSFERENCIA AUTOMATICA"
"F8062","","","","","","3-98"
"F8063","1999-01-19 00:00:00","OTROS","FINCA MEDANITO","0","0","TRANSFERENCIA AUTOMATICA A LA FINCA FINCA MEDANITO"
"F8064","1999-01-19 00:00:00","OTROS","FINCA MEDANITO","0","0","TRANSFERENCIA AUTOMATICA A LA FINCA FINCA MEDANITO"
"F8065","1997-06-05 00:00:00","MUERTE","ENFERMA","0","0",""
"F8066","1999-01-19 00:00:00","OTROS","FINCA MEDANITO","0","0","TRANSFERENCIA AUTOMATICA A LA FINCA FINCA MEDANITO"
"F8067","","","","","","3-98"
"F8068","","","","","","3-98"
"F8069","1999-01-19 00:00:00","OTROS","FINCA MEDANITO","0","0","TRANSFERENCIA AUTOMATICA A LA FINCA FINCA MEDANITO"
"F8070","1998-03-19 00:00:00","","FINCA MEDANITO","","","TRANSFERENCIA AUTOMATICA"
"F8071","","","","","","3-98"
"F8072","1999-01-19 00:00:00","OTROS","FINCA MEDANITO","0","0","TRANSFERENCIA AUTOMATICA A LA FINCA FINCA MEDANITO"
"F8073","1998-03-19 00:00:00","","FINCA MEDANITO","","","TRANSFERENCIA AUTOMATICA"
"F8074","","","","","","3-98"
"F8075","","","","","","3-98"
"F8076","","","","","","3-98"
"F8077","1998-03-19 00:00:00","","FINCA MEDANITO","","","TRANSFERENCIA AUTOMATICA"
"F8078","1999-01-19 00:00:00","OTROS","FINCA MEDANITO","0","0","TRANSFERENCIA AUTOMATICA A LA FINCA FINCA MEDANITO"
"F8079","1998-03-19 00:00:00","","FINCA MEDANITO","","","TRANSFERENCIA AUTOMATICA"
"F8080","1999-01-19 00:00:00","OTROS","FINCA MEDANITO","0","0","TRANSFERENCIA AUTOMATICA A LA FINCA FINCA MEDANITO"
"F8081","","","","","","8-98 4-98"
"F8082","","","","","","8-98 4-98"
"F8083","1999-01-19 00:00:00","OTROS","FINCA MEDANITO","0","0","TRANSFERENCIA AUTOMATICA A LA FINCA FINCA MEDANITO"
"F8084","","","","","","8-98 4-98"
"F8085","1999-01-19 00:00:00","OTROS","FINCA MEDANITO","0","0","TRANSFERENCIA AUTOMATICA A LA FINCA FINCA MEDANITO"
"F8086","","","","","","8-98 4-98"
"F8087","1998-08-04 00:00:00","MUERTE","DESCONOCIDA","0","0","3-98 4-98 BR"
"F8088","","","","","","8-98 4-98"
"F8089","","","","","","8-98"
"F8090","1997-08-14 00:00:00","MUERTE","COLICO","0","0",""
"F8091","1999-01-19 00:00:00","OTROS","FINCA MEDANITO","0","0","TRANSFERENCIA AUTOMATICA A LA FINCA FINCA MEDANITO"
"F8092","1999-01-19 00:00:00","OTROS","FINCA MEDANITO","0","0","TRANSFERENCIA AUTOMATICA A LA FINCA FINCA MEDANITO"
"F8093","1999-01-19 00:00:00","OTROS","FINCA MEDANITO","0","0","TRANSFERENCIA AUTOMATICA A LA FINCA FINCA MEDANITO"
"F8094","1999-01-19 00:00:00","OTROS","FINCA MEDANITO","0","0","TRANSFERENCIA AUTOMATICA A LA FINCA FINCA MEDANITO"
"F8095","1999-01-19 00:00:00","OTROS","FINCA MEDANITO","0","0","TRANSFERENCIA AUTOMATICA A LA FINCA FINCA MEDANITO"
"F8096","","","","","","8-98"
"F8097","1999-01-19 00:00:00","OTROS","FINCA MEDANITO","0","0","TRANSFERENCIA AUTOMATICA A LA FINCA FINCA MEDANITO"
"F8098","1999-01-19 00:00:00","OTROS","FINCA MEDANITO","0","0","TRANSFERENCIA AUTOMATICA A LA FINCA FINCA MEDANITO"
"F8099","1999-01-19 00:00:00","OTROS","FINCA MEDANITO","0","0","TRANSFERENCIA AUTOMATICA A LA FINCA FINCA MEDANITO"
"F8100","","","","","","8-98"
"F8101","","","","","","8-98"
"F8102","1999-01-19 00:00:00","OTROS","FINCA MEDANITO","0","0","TRANSFERENCIA AUTOMATICA A LA FINCA FINCA MEDANITO"
"F8103","","","","","","8-98"
"F8104","","","","","","8-98"
"F8105","","","","","","8-98"
"F8106","1999-01-19 00:00:00","OTROS","FINCA MEDANITO","0","0","TRANSFERENCIA AUTOMATICA A LA FINCA FINCA MEDANITO"
"F8107","1999-01-19 00:00:00","OTROS","FINCA MEDANITO","0","0","TRANSFERENCIA AUTOMATICA A LA FINCA FINCA MEDANITO"
"F81078","","","","","","8-98"
"F8108","1999-01-19 00:00:00","OTROS","FINCA MEDANITO","0","0","TRANSFERENCIA AUTOMATICA A LA FINCA FINCA MEDANITO"
"F8109","","","","","","8-98"
"F8110","","","","","","8-98"
"F8111","1999-01-19 00:00:00","OTROS","FINCA MEDANITO","0","0","TRANSFERENCIA AUTOMATICA A LA FINCA FINCA MEDANITO"
"F8112","","","","","","8-98"
"F8113","","","","","","8-98"
"F8114","","","","","","8-98"
"F8116","1999-01-19 00:00:00","OTROS","FINCA MEDANITO","0","0","TRANSFERENCIA AUTOMATICA A LA FINCA FINCA MEDANITO"
"F8117","1999-01-19 00:00:00","OTROS","FINCA MEDANITO","0","0","TRANSFERENCIA AUTOMATICA A LA FINCA FINCA MEDANITO"
"F8118","","","","","","8-98"
"F8119","","","","","","8-98"
"F8120","","","","","","8-98 3-98"
"F8121","","","","","","8-98"
"F8123","1999-01-19 00:00:00","OTROS","FINCA MEDANITO","","0","TRANSFERENCIA AUTOMATICA A LA FINCA FINCA MEDANITO"
"F8124","","","","","","8-98"
"F8125","","","","","","8-98"
"F8126","1999-01-19 00:00:00","OTROS","FINCA MEDANITO","0","0","TRANSFERENCIA AUTOMATICA A LA FINCA FINCA MEDANITO"
"F8127","","","","","","8-98 3-98 BR OREJA F8128"
"F8128","1999-01-19 00:00:00","OTROS","FINCA MEDANITO","0","0","TRANSFERENCIA AUTOMATICA A LA FINCA FINCA MEDANITO"
"F8129","1999-01-19 00:00:00","OTROS","FINCA MEDANITO","0","0","TRANSFERENCIA AUTOMATICA A LA FINCA FINCA MEDANITO"
"F8130","","","","","","8-98"
"F8131","","","","","","8-98"
"F8132","1999-01-19 00:00:00","OTROS","FINCA MEDANITO","0","0","TRANSFERENCIA AUTOMATICA A LA FINCA FINCA MEDANITO"
"F8133","","","","","","8-98"
"F8134","1999-01-19 00:00:00","OTROS","FINCA MEDANITO","0","0","TRANSFERENCIA AUTOMATICA A LA FINCA FINCA MEDANITO"
"F8135","","","","","","8-98 3-98"
"F8136","1998-07-15 00:00:00","MUERTE","FLACO","0","0",""
"F8137","1999-01-19 00:00:00","OTROS","FINCA MEDANITO","0","0","TRANSFERENCIA AUTOMATICA A LA FINCA FINCA MEDANITO"
"F8138","","","","","","8-98"
"F8139","","","FINCA MEDANITO","","",""
"F8140","1999-01-19 00:00:00","OTROS","FINCA MEDANITO","0","0","TRANSFERENCIA AUTOMATICA A LA FINCA FINCA MEDANITO"
"F8141","1999-01-19 00:00:00","OTROS","FINCA MEDANITO","0","0","TRANSFERENCIA AUTOMATICA A LA FINCA FINCA MEDANITO"
"F8142","1999-01-19 00:00:00","OTROS","FINCA MEDANITO","0","0","TRANSFERENCIA AUTOMATICA A LA FINCA FINCA MEDANITO"
"F8143","","","","","","8-98"
"F8144","1999-01-19 00:00:00","OTROS","FINCA MEDANITO","0","0","TRANSFERENCIA AUTOMATICA A LA FINCA FINCA MEDANITO"
"F8145","","","","","","8-98"
"F8146","","","","","","8-98 3-98"
"F8147","","","","","","8-98"
"F8148","","","","","","8-98"
"F8149","1999-01-19 00:00:00","OTROS","FINCA MEDANITO","0","0","TRANSFERENCIA AUTOMATICA A LA FINCA FINCA MEDANITO"
"F8170","1998-01-30 00:00:00","MUERTE","INTOXICACION","0","0","LOMO G8021"
"G8001","1999-01-19 00:00:00","OTROS","FINCA MEDANITO","0","0","TRANSFERENCIA AUTOMATICA A LA FINCA FINCA MEDANITO"
"G8002","1999-01-19 00:00:00","OTROS","FINCA MEDANITO","0","0","TRANSFERENCIA AUTOMATICA A LA FINCA FINCA MEDANITO"
"G8003","1999-01-19 00:00:00","OTROS","FINCA MEDANITO","0","0","TRANSFERENCIA AUTOMATICA A LA FINCA FINCA MEDANITO"
"G8004","1999-01-19 00:00:00","OTROS","FINCA MEDANITO","0","0","TRANSFERENCIA AUTOMATICA A LA FINCA FINCA MEDANITO"
"G8005","1999-01-19 00:00:00","OTROS","FINCA MEDANITO","0","0","TRANSFERENCIA AUTOMATICA A LA FINCA FINCA MEDANITO"
"G8006","1999-01-19 00:00:00","OTROS","FINCA MEDANITO","0","0","TRANSFERENCIA AUTOMATICA A LA FINCA FINCA MEDANITO"
"G8007","","","","","","8-98"
"G8008","1999-01-19 00:00:00","OTROS","FINCA MEDANITO","0","0","TRANSFERENCIA AUTOMATICA A LA FINCA FINCA MEDANITO"
"G8009","1999-01-19 00:00:00","OTROS","FINCA MEDANITO","0","0","TRANSFERENCIA AUTOMATICA A LA FINCA FINCA MEDANITO"
"G8010","1999-01-19 00:00:00","OTROS","FINCA MEDANITO","0","0","TRANSFERENCIA AUTOMATICA A LA FINCA FINCA MEDANITO"
"G8011","1999-01-19 00:00:00","OTROS","FINCA MEDANITO","0","0","TRANSFERENCIA AUTOMATICA A LA FINCA FINCA MEDANITO"
"G8012","1999-01-19 00:00:00","OTROS","FINCA MEDANITO","0","0","TRANSFERENCIA AUTOMATICA A LA FINCA FINCA MEDANITO"
"G8013","1999-01-19 00:00:00","OTROS","FINCA MEDANITO","0","0","TRANSFERENCIA AUTOMATICA A LA FINCA FINCA MEDANITO"
"G8014","","","","","","8-98"
"G8015","1999-01-19 00:00:00","OTROS","FINCA MEDANITO","0","0","TRANSFERENCIA AUTOMATICA A LA FINCA FINCA MEDANITO"
"G8016","","","","","","8-98"
"G8017","","","","","","8-98"
"G8018","","","","","","8-98"
"G8019","","","","","","8-98"
"G8020","","","","","","8-98"
"G8022","1999-01-19 00:00:00","OTROS","FINCA MEDANITO","0","0","TRANSFERENCIA AUTOMATICA A LA FINCA FINCA MEDANITO"
"G8023","1999-01-19 00:00:00","OTROS","FINCA MEDANITO","0","0","TRANSFERENCIA AUTOMATICA A LA FINCA FINCA MEDANITO"
"G8024","","","","","","8-98"
"G8025","","","","","","8-98"
"G8026","1999-01-19 00:00:00","OTROS","FINCA MEDANITO","0","0","TRANSFERENCIA AUTOMATICA A LA FINCA FINCA MEDANITO"
"G8027","","","","","","8-98"
"G8028","","","","","","8-98"
"G8029","","","","","","8-98"
"G8030","","","","","","8-98"
"G8031","","","","","","8-98"
"G8032","1999-01-19 00:00:00","OTROS","FINCA MEDANITO","0","0","TRANSFERENCIA AUTOMATICA A LA FINCA FINCA MEDANITO"
"G8033","","","","","","8-98 BR"
"G8034","1999-01-19 00:00:00","OTROS","FINCA MEDANITO","0","0","TRANSFERENCIA AUTOMATICA A LA FINCA FINCA MEDANITO"
"G8035","","","","","",""
"G8036","1999-01-19 00:00:00","OTROS","FINCA MEDANITO","0","0","TRANSFERENCIA AUTOMATICA A LA FINCA FINCA MEDANITO"
"G8037","","","","","",""
"G8038","1999-01-19 00:00:00","OTROS","FINCA MEDANITO","0","0","TRANSFERENCIA AUTOMATICA A LA FINCA FINCA MEDANITO"
"G8039","1999-01-19 00:00:00","OTROS","FINCA MEDANITO","0","0","TRANSFERENCIA AUTOMATICA A LA FINCA FINCA MEDANITO"
"G8040","","","","","",""
"G8041","1999-01-19 00:00:00","OTROS","FINCA MEDANITO","0","0","TRANSFERENCIA AUTOMATICA A LA FINCA FINCA MEDANITO"
"G8042","","","","","",""
"G8043","","","","","",""
"G8044","","","","","",""
"G8045","","","","","",""
"G8046","","","","","",""
"G8047","","","","","",""
"G8048","","","","","","           8-98 BR"
"G8051","1999-01-19 00:00:00","OTROS","FINCA MEDANITO","0","0","TRANSFERENCIA AUTOMATICA A LA FINCA FINCA MEDANITO"
"G8052","1999-01-19 00:00:00","OTROS","FINCA MEDANITO","0","0","TRANSFERENCIA AUTOMATICA A LA FINCA FINCA MEDANITO"
"G8053","1999-01-19 00:00:00","OTROS","FINCA MEDANITO","","0","TRANSFERENCIA AUTOMATICA A LA FINCA FINCA MEDANITO"
"G8054","1998-03-09 00:00:00","MUERTE","ENFERMA","0","0",""
"G8055","1999-01-19 00:00:00","OTROS","FINCA MEDANITO","","0","TRANSFERENCIA AUTOMATICA A LA FINCA FINCA MEDANITO"
"G8056","1998-04-18 00:00:00","MUERTE","ENFERMA","0","0",""
"G8057","1999-01-19 00:00:00","OTROS","FINCA MEDANITO","","0","TRANSFERENCIA AUTOMATICA A LA FINCA FINCA MEDANITO"
"G8058","1999-01-19 00:00:00","OTROS","FINCA MEDANITO","","0","TRANSFERENCIA AUTOMATICA A LA FINCA FINCA MEDANITO"
"G8059","1999-01-19 00:00:00","OTROS","FINCA MEDANITO","","0","TRANSFERENCIA AUTOMATICA A LA FINCA FINCA MEDANITO"
"G8060","","","","","",""
"G8061","","","","","",""
"G8062","","","","","",""
"G8063","","","","","",""
"G8064","1999-01-19 00:00:00","OTROS","FINCA MEDANITO","","0","TRANSFERENCIA AUTOMATICA A LA FINCA FINCA MEDANITO"
"G8065","1998-05-27 00:00:00","MUERTE","ENFERMO","0","0",""
"G8066","1998-03-20 00:00:00","MUERTE","DESCONOCIDA","0","0",""
"G8067","","","","","",""
"G8068","","","","","",""
"G8069","","","","","",""
"G8070","","","","","",""
"G8071","","","","","",""
"G8072","","","","","",""
"G8073","","","","","",""
"G8074","","","","","",""
"G8075","1998-04-25 00:00:00","MUERTE","ENFERMO","0","0",""
"G8076","","","","","",""
"G8077","","","","","",""
"G8078","","","","","",""
"G8079","","","","","",""
"G8080","","","","","",""
"G8081","","","","","",""
"G8082","","","","","",""
"G8083","","","","","",""
"G8084","","","","","",""
"G8085","","","","","",""
"G8086","1998-06-18 00:00:00","MUERTE","ENFERMA","0","0",""
"G8087","","","","","",""
"G8088","","","","","",""
"G8089","","","","","",""
"G8090","","","","","",""
"G8091","","","","","",""
"G8093","","","","","",""
"G8094","","","","","",""
"G8095","","","","","",""
"G8096","","","","","",""
"G8097","","","","","",""
"G8098","","","","","",""
"G8099","","","","","",""
"G8100","","","","","",""
"G8101","","","","","",""
"G8102","","","","","",""
"G8103","","","","","",""
"G8104","","","","","",""
"G8105","1998-08-20 00:00:00","MUERTE","DESCONOCIDA","0","0",""
"G8106","","","","","",""
"G8107","","","","","",""
"G8108","","","","","",""
"G8109","","","","","",""
"G8110","","","","","",""
"G8111","","","","","",""
"G8112","","","","","",""
"G8113","","","","","",""
"G8114","","","","","",""
"G8115","","","","","",""
"G8116","","","","","",""
"G8117","","","","","",""
"G8118","","","","","",""
"G8119","","","","","",""
"G8120","","","","","",""
"G8121","","","","","",""
"G8122","","","","","",""
"G8123","","","","","",""
"G8124","","","","","",""
"G8125","","","","","",""
"G8126","","","","","",""
"G8127","","","","","",""
"G8128","","","","","",""
"G8129","","","","","",""
"G8130","","","","","",""
"G8131","","","","","",""
"G8132","","","","","",""
"G8133","","","","","",""
"G8134","","","","","",""
"G8135","","","","","",""
"G8136","","","","","",""
"G8137","","","","","",""
"G8138","","","","","",""
"G8139","","","","","",""
"G8140","","","","","",""
"G8141","","","","","",""
"G8142","","","","","",""
"G8143","","","","","",""
"G8144","","","","","",""
"G8145","","","","","",""
"G8146","","","","","",""
"G8147","","","","","",""
"G8148","","","","","",""
"H8002","1999-04-03 00:00:00","Muerte","","0","0","DESCONOCIDA"
"H8004","1999-05-14 00:00:00","Muerte","","0","0","PICADA DE CULEBRA"
"H8014","1999-01-21 00:00:00","Muerte","","0","0","DESCONOCIDA"
"H8032","1999-04-05 00:00:00","Muerte","","0","0","ENFERMEDAD"
"V126","","","","0","0","3-98      HORRO"
"          01","2000-10-13 00:00:00","OTROS","finca16/10/2000","600","0","TRANSFERENCIA AUTOMATICA A LA FINCA finca16/10/2000"
"     9","2000-10-13 00:00:00","OTROS","finca16/10/2000","33","0","TRANSFERENCIA AUTOMATICA A LA FINCA finca16/10/2000"
"   134","2000-10-13 00:00:00","OTROS","finca16/10/2000","445","0","TRANSFERENCIA AUTOMATICA A LA FINCA finca16/10/2000"
"   135","2000-10-13 00:00:00","OTROS","finca16/10/2000","500","0","TRANSFERENCIA AUTOMATICA A LA FINCA finca16/10/2000"
"   211","2000-10-13 00:00:00","OTROS","finca16/10/2000","365","0","TRANSFERENCIA AUTOMATICA A LA FINCA finca16/10/2000"
"   5/2","2000-10-13 00:00:00","OTROS","finca16/10/2000","600","0","TRANSFERENCIA AUTOMATICA A LA FINCA finca16/10/2000"
"          04","2001-03-31 00:00:00","Venta","MAT.CARACAS","580","5800000",""
"          05","2001-03-31 00:00:00","Venta","MAT.CARACAS","580","5800000",""
"   616","2001-03-31 00:00:00","Venta","MAT.CARACAS","580","5800000",""
"   614","2001-03-31 00:00:00","Venta","MAT.CARACAS","580","5800000",""
"   749","2001-03-31 00:00:00","Venta","MAT.CARACAS","580","5800000",""
"          02","2001-12-03 00:00:00","OTROS","FONDEAGRI","600","0","TRANSFERENCIA AUTOMATICA A LA FINCA FONDEAGRI"
"          27","2001-12-03 00:00:00","OTROS","FONDEAGRI","","0","TRANSFERENCIA AUTOMATICA A LA FINCA FONDEAGRI"
"   609","2001-12-03 00:00:00","OTROS","FONDEAGRI","370","0","TRANSFERENCIA AUTOMATICA A LA FINCA FONDEAGRI"
"003RS","2003-04-29 00:00:00","OTROS","FLOR BONITA","800","0","TRANSFERENCIA AUTOMATICA A LA FINCA FLOR BONITA"
"005G","2003-05-02 00:00:00","OTROS","FLOR BONITA","0","0","TRANSFERENCIA AUTOMATICA A LA FINCA FLOR BONITA"
"005g-b","2003-05-02 00:00:00","OTROS","FLOR BONITA","30","0","TRANSFERENCIA AUTOMATICA A LA FINCA FLOR BONITA"
"006","2003-05-02 00:00:00","OTROS","FLOR BONITA","0","0","TRANSFERENCIA AUTOMATICA A LA FINCA FLOR BONITA"
"006-b","2003-05-02 00:00:00","OTROS","FLOR BONITA","35","0","TRANSFERENCIA AUTOMATICA A LA FINCA FLOR BONITA"
"008","2003-05-02 00:00:00","OTROS","FLOR BONITA","0","0","TRANSFERENCIA AUTOMATICA A LA FINCA FLOR BONITA"
"23330","2012-05-08 00:00:00","OTROS","ANIMALES PERDIDOS (LA LUNA)","400","0","TRANSFERENCIA AUTOMATICA A LA FINCA ANIMALES PERDIDOS (LA LUNA)"
"25204","2012-05-08 00:00:00","OTROS","ANIMALES PERDIDOS (LA LUNA)","345","0","TRANSFERENCIA AUTOMATICA A LA FINCA ANIMALES PERDIDOS (LA LUNA)"
"25290","2012-05-08 00:00:00","OTROS","ANIMALES PERDIDOS (LA LUNA)","340","0","TRANSFERENCIA AUTOMATICA A LA FINCA ANIMALES PERDIDOS (LA LUNA)"
"29204","2012-05-08 00:00:00","OTROS","ANIMALES PERDIDOS (LA LUNA)","130","0","TRANSFERENCIA AUTOMATICA A LA FINCA ANIMALES PERDIDOS (LA LUNA)"
"29341","2012-05-08 00:00:00","OTROS","ANIMALES PERDIDOS (LA LUNA)","180","0","TRANSFERENCIA AUTOMATICA A LA FINCA ANIMALES PERDIDOS (LA LUNA)"
"29376","2012-05-08 00:00:00","OTROS","ANIMALES PERDIDOS (LA LUNA)","180","0","TRANSFERENCIA AUTOMATICA A LA FINCA ANIMALES PERDIDOS (LA LUNA)"
"30624","2012-05-08 00:00:00","OTROS","ANIMALES PERDIDOS (LA LUNA)","135","0","TRANSFERENCIA AUTOMATICA A LA FINCA ANIMALES PERDIDOS (LA LUNA)"
"31352","2012-05-08 00:00:00","OTROS","ANIMALES PERDIDOS (LA LUNA)","28","0","TRANSFERENCIA AUTOMATICA A LA FINCA ANIMALES PERDIDOS (LA LUNA)"
"49502","2010-01-20 00:00:00","Muerte","","0","0","por causa desconocida informacion luis gamarra"
"   621","2012-08-27 00:00:00","Regalo","MAT.CARACAS","0","0","REGALADO AL SR. ALVARO SENIOR"
"   702","2013-04-19 00:00:00","OTROS","GARROVAL","33","0","TRANSFERENCIA AUTOMATICA A LA FINCA GARROVAL"
