"SERIE","FECHA","LTAM","LTPM","LOTE","DIFDIA","LactanciaParcial","LactanciaAcumulada","DiasAcumulados","PromedioAcumulado","LactanciaAjustada","LactanciaEstimada","IndiceLechero","IndiceLecheroAjustado","Pario","LTTOTAL","Historia","NCICLO"
"114","1998-01-03 00:00:00","10.3","0","LOTE 2","0","10.3","10.3","0","0","0","0","0","0","False","10.3","False",""
"114","1998-01-15 00:00:00","5.7","0","LOTE 5","0","68.4","78.7","0","0","0","0","0","0","False","5.7","False",""
"114","1998-01-23 00:00:00","7.1","0","LOTE 4","0","56.8","135.5","0","0","0","0","0","0","False","7.1","False",""
"114","1998-01-31 00:00:00","5.6","0","LOTE 5","0","44.8","180.3","0","0","0","0","0","0","False","5.6","False",""
"114","1998-02-03 00:00:00","6.4","0","LOTE 4","0","19.2","199.5","0","0","0","0","0","0","False","6.4","False",""
"114","1998-02-24 00:00:00","2","0","LOTE 6","0","42","241.5","0","0","0","0","0","0","False","2","False",""
"114","1998-05-14 00:00:00","7.2","0","LOTE 4","0","493.908","735.408","0","0","0","0","0","0","False","7.2","False",""
"2801","1999-06-28 00:00:00","0","0","","36339","0","297.1","529","0.561625708884688","84.2438563327032","174.103969754253","0.620250521920668","0.17587443910794","False","0","False",""
"2801","1998-01-15 00:00:00","5.7","0","LOTE 5","0","5.7","5.7","0","0","0","0","0","0","False","5.7","False",""
"2801","1998-01-23 00:00:00","6.6","0","LOTE 4","0","52.8","58.5","0","0","0","0","0","0","False","6.6","False",""
"2801","1998-01-31 00:00:00","7.4","0","LOTE 4","0","59.2","117.7","0","0","0","0","0","0","False","7.4","False",""
"2801","1998-02-03 00:00:00","8","0","LOTE 3","0","24","141.7","0","0","0","0","0","0","False","8","False",""
"2801","1998-02-24 00:00:00","7.4","0","LOTE 4","0","155.4","297.1","0","0","0","0","0","0","False","7.4","False",""
"1529","1999-11-02 00:00:00","6","0","","36466","-1110973.156","3432.45983333333","346","9.92040414258189","1488.06062138728","3075.32528420038","4.93879112709832","2.14109441926228","False","6","False",""
"1529","1998-11-21 00:00:00","5.6","0","","0","729.110666666667","1687.38016666667","0","0","0","0","0","0","True","5.6","False",""
"1529","1999-05-06 00:00:00","6.2","0","","6","37.2","2644.86983333333","166","15.9329508032128","0","4939.21474899598","0","0","True","6.2","False",""
"1529","1997-11-21 00:00:00","6.1","0","LOTE 4","0","6.1","6.1","0","0","0","0","0","0","False","6.1","False",""
"1529","1997-11-25 00:00:00","4.4","0","LOTE 5","0","17.6","23.7","0","0","0","0","0","0","False","4.4","False",""
"1529","1997-12-04 00:00:00","5.8","0","LOTE 5","0","52.2","75.9","0","0","0","0","0","0","False","5.8","False",""
"1529","1997-12-18 00:00:00","5","0","LOTE 5","0","70","145.9","0","0","0","0","0","0","False","5","False",""
"1529","1999-01-09 00:00:00","6.2","0","","49","278.989666666667","1966.36983333333","49","40.1299965986395","0","12440.2989455782","0","0","True","6.2","False",""
"1529","1998-01-03 00:00:00","7.9","0","LOTE 4","0","126.4","272.3","0","0","0","0","0","0","False","7.9","False",""
"1529","1998-01-15 00:00:00","5.6","0","LOTE 5","0","67.2","339.5","0","0","0","0","0","0","False","5.6","False",""
"1529","1998-01-23 00:00:00","5.1","0","LOTE 5","0","40.8","380.3","0","0","0","0","0","0","False","5.1","False",""
"1529","1998-01-31 00:00:00","4.8","0","LOTE 5","0","38.4","418.7","0","0","0","0","0","0","False","4.8","False",""
"1529","1999-01-29 00:00:00","5.6","0","","20","112","2078.36983333333","69","30.1213019323671","0","9337.60359903382","0","0","True","5.6","False",""
"1529","1998-02-03 00:00:00","3.6","0","LOTE 6","0","10.8","429.5","0","0","0","0","0","0","False","3.6","False",""
"1529","1998-02-24 00:00:00","4.6","0","LOTE 5","0","96.6","526.1","0","0","0","0","0","0","False","4.6","False",""
"1529","1998-05-14 00:00:00","6.3","0","LOTE 4","0","432.1695","958.2695","0","0","0","0","0","0","False","6.3","False",""
"1529","1999-02-05 00:00:00","7.5","0","","7","52.5","2130.86983333333","76","28.0377609649123","0","8691.70589912281","0","0","True","7.5","False",""
"1529","1999-02-13 00:00:00","6","0","","8","48","2178.86983333333","84","25.9389265873016","0","8041.06724206349","0","0","True","6","False",""
"1529","1999-02-20 00:00:00","6","0","","7","42","2220.86983333333","91","24.405163003663","0","7565.60053113553","0","0","True","6","False",""
"1529","1999-02-27 00:00:00","6.2","0","","7","43.4","2264.26983333333","98","23.1047942176871","0","7162.48620748299","0","0","True","6.2","False",""
"1529","1999-03-13 00:00:00","5.8","0","","14","81.2","2345.46983333333","112","20.9416949404762","0","6491.92543154762","0","0","True","5.8","False",""
"1529","1999-04-15 00:00:00","4.5","0","","8","36","2538.76983333333","145","17.5087574712644","0","5427.71481609195","0","0","True","4.5","False",""
"1529","1999-03-19 00:00:00","6","0","","6","36","2381.46983333333","118","20.181947740113","0","6256.40379943503","0","0","True","6","False",""
"1529","1999-03-26 00:00:00","6.1","0","","7","42.7","2424.16983333333","125","19.3933586666667","0","6011.94118666667","0","0","True","6.1","False",""
"1529","1999-04-01 00:00:00","6.5","0","","6","39","2463.16983333333","131","18.8028231552163","0","5828.87517811705","0","0","True","6.5","False",""
"1529","1999-05-15 00:00:00","6","0","","9","54","2698.86983333333","175","15.4221133333333","0","4780.85513333333","0","0","True","6","False",""
"1529","1999-04-07 00:00:00","6.6","0","","6","39.6","2502.76983333333","137","18.2683929440389","0","5663.20181265207","0","0","True","6.6","False",""
"1529","1999-04-22 00:00:00","4.7","0","","7","32.9","2571.66983333333","152","16.9188804824561","0","5244.8529495614","0","0","True","4.7","False",""
"1529","1999-04-30 00:00:00","4.5","0","","8","36","2607.66983333333","160","16.2979364583333","0","5052.36030208333","0","0","True","4.5","False",""
"1512","2000-01-13 00:00:00","3","4","","243","1012.095","2048.85","471","4.35","652.5","1348.5","5.40593667546174","1.72163588390501","False","7","False",""
"1512","2000-01-31 00:00:00","5","0","","36556","-930837.613333333","2138.85","489","4.3739263803681","656.088957055215","1355.91717791411","5.6434036939314","1.73110542758632","False","5","False",""
"1512","1998-09-29 00:00:00","3","0","","0","3","3","0","0","0","0","0","0","True","3","False",""
"1512","1999-05-06 00:00:00","7","0","","219","973.455","976.455","219","4.45869863013699","0","1382.19657534247","2.57639841688654","0","False","7","False",""
"1512","1999-05-15 00:00:00","6.7","0","","9","60.3","1036.755","228","4.54717105263158","0","1409.62302631579","2.73550131926121","0","False","6.7","False",""
"   5/2","2000-02-18 00:00:00","2","0","","0","2","2","0","0","0","0","0","0","True","2","False",""
"   5/2","2000-02-19 00:00:00","3","0","","1","3","5","1","5","750","1550","0","0","True","3","False",""
"   5/2","2000-04-18 00:00:00","4","0","","36634","-748163.970666667","217.793333333333","60","3.62988888888889","544.483333333333","1125.26555555556","0","0","True","4","False",""
"003JB","2000-02-18 00:00:00","5","0","","0","5","5","0","0","0","0","0","0","True","5","False",""
"003JB","2000-02-19 00:00:00","3","0","","1","3","8","1","8","1200","2480","0","0","True","3","False",""
"003JB","2000-04-18 00:00:00","4","0","","36634","124","216","60","3.6","540","1116","0","0","True","4","False",""
"003JB","2000-03-18 00:00:00","3","0","","28","84","92","29","3.17241379310345","475.862068965517","983.448275862069","0","0","True","3","False",""
"D6028","1998-05-14 00:00:00","5.2","0","LOTE 5","0","5.2","5.2","0","0","0","0","0","0","False","5.2","False",""
"D6028","1999-02-28 00:00:00","4","0","","36219","-729667.974","604.533333333333","290","2.08459770114943","312.689655172414","646.225287356322","0","0","True","4","False",""
"1602","2000-01-13 00:00:00","5","2","","243","1012.095","1994.7325","404","4.93745668316832","740.618502475247","1530.61157178218","0","0","True","7","False",""
"1602","1998-12-05 00:00:00","8.5","0","","0","8.5","8.5","0","0","0","0","0","0","True","8.5","False",""
"1602","1999-05-06 00:00:00","6","0","","6","36","926.8375","152","6.09761513157895","0","1890.26069078947","0","0","True","6","False",""
"1602","1999-01-09 00:00:00","6.3","0","","35","207.6375","216.1375","35","6.17535714285714","0","1914.36071428571","0","0","True","6.3","False",""
"1602","1999-01-29 00:00:00","6","0","","20","120","336.1375","55","6.11159090909091","0","1894.59318181818","0","0","True","6","False",""
"1602","2000-02-13 00:00:00","3","0","","36569","-558938.8805","2087.7325","435","4.79938505747126","719.907758620689","1487.80936781609","0","0","True","3","False",""
"1602","1999-02-05 00:00:00","5.2","0","","7","36.4","372.5375","62","6.00866935483871","0","1862.6875","0","0","True","5.2","False",""
"1602","1999-02-13 00:00:00","6.2","0","","8","49.6","422.1375","70","6.03053571428571","0","1869.46607142857","0","0","True","6.2","False",""
"1602","1999-02-20 00:00:00","6.4","0","","7","44.8","466.9375","77","6.06412337662338","0","1879.87824675325","0","0","True","6.4","False",""
"1602","1999-02-27 00:00:00","7.2","0","","7","50.4","517.3375","84","6.15877976190476","0","1909.22172619048","0","0","True","7.2","False",""
"1602","1999-03-13 00:00:00","7.2","0","","14","100.8","618.1375","98","6.30752551020408","0","1955.33290816327","0","0","True","7.2","False",""
"1602","1999-03-19 00:00:00","6.3","0","","6","37.8","655.9375","104","6.30709134615384","0","1955.19831730769","0","0","True","6.3","False",""
"1602","1999-03-26 00:00:00","6.5","0","","7","45.5","701.4375","111","6.31925675675676","0","1958.96959459459","0","0","True","6.5","False",""
"1602","1999-04-01 00:00:00","6","0","","6","36","737.4375","117","6.30288461538461","0","1953.89423076923","0","0","True","6","False",""
"1602","1999-04-07 00:00:00","6","0","","6","36","773.4375","123","6.28810975609756","0","1949.31402439024","0","0","True","6","False",""
"1602","1999-04-15 00:00:00","5.1","0","","8","40.8","814.2375","131","6.2155534351145","0","1926.8215648855","0","0","True","5.1","False",""
"1602","1999-05-15 00:00:00","6.2","0","","9","55.8","982.6375","161","6.10333850931677","0","1892.0349378882","0","0","True","6.2","False",""
"1602","1999-04-22 00:00:00","5","0","","7","35","849.2375","138","6.15389492753623","0","1907.70742753623","0","0","True","5","False",""
"1602","1999-04-30 00:00:00","5.2","0","","8","41.6","890.8375","146","6.10162671232877","0","1891.50428082192","0","0","True","5.2","False",""
"2808","2000-01-13 00:00:00","5","2","","243","1012.095","2523.1755","432","5.84068402777778","876.102604166667","1810.61204861111","0","0","True","7","False",""
"2808","1998-11-07 00:00:00","5","0","","0","5","5","0","0","0","0","0","0","True","5","False",""
"2808","2000-02-13 00:00:00","3","0","","36569","-558938.8805","2616.1755","463","5.65048704103672","847.573056155507","1751.65098272138","0","0","True","3","False",""
"2808","1999-01-09 00:00:00","9.3","0","","63","524.3805","529.3805","63","8.40286507936508","0","2604.88817460317","0","0","True","9.3","False",""
"2808","1999-05-06 00:00:00","6","0","","6","36","1456.1805","180","8.08989166666667","0","2507.86641666667","0","0","True","6","False",""
"2808","1999-01-29 00:00:00","10.1","0","","20","202","731.3805","83","8.81181325301205","0","2731.66210843374","0","0","True","10.1","False",""
"2808","1999-02-05 00:00:00","8.9","0","","7","62.3","793.6805","90","8.81867222222222","0","2733.78838888889","0","0","True","8.9","False",""
"2808","1999-02-13 00:00:00","8.5","0","","8","68","861.6805","98","8.79265816326531","0","2725.72403061224","0","0","True","8.5","False",""
"2808","1999-02-20 00:00:00","8.4","0","","7","58.8","920.4805","105","8.76648095238095","0","2717.6090952381","0","0","True","8.4","False",""
"2808","1999-02-27 00:00:00","8","0","","7","56","976.4805","112","8.71857589285714","0","2702.75852678571","0","0","True","8","False",""
"2808","1999-03-13 00:00:00","7.6","0","","14","106.4","1082.8805","126","8.59428968253968","0","2664.2298015873","0","0","True","7.6","False",""
"2808","1999-03-19 00:00:00","8.3","0","","6","49.8","1132.6805","132","8.58091287878788","0","2660.08299242424","0","0","True","8.3","False",""
"2808","1999-03-26 00:00:00","8.5","0","","7","59.5","1192.1805","139","8.5768381294964","0","2658.81982014388","0","0","True","8.5","False",""
"2808","1999-04-01 00:00:00","8.5","0","","6","51","1243.1805","145","8.57365862068965","0","2657.83417241379","0","0","True","8.5","False",""
"2808","1999-04-07 00:00:00","8.3","0","","6","49.8","1292.9805","151","8.56278476821192","0","2654.46327814569","0","0","True","8.3","False",""
"2808","1999-04-15 00:00:00","5.5","0","","8","44","1336.9805","159","8.40868238993711","0","2606.6915408805","0","0","True","5.5","False",""
"2808","1999-05-15 00:00:00","6.1","0","","9","54.9","1511.0805","189","7.99513492063492","0","2478.49182539683","0","0","True","6.1","False",""
"2808","1999-04-22 00:00:00","5.6","0","","7","39.2","1376.1805","166","8.29024397590361","0","2569.97563253012","0","0","True","5.6","False",""
"2808","1999-04-30 00:00:00","5.5","0","","8","44","1420.1805","174","8.16195689655172","0","2530.20663793103","0","0","True","5.5","False",""
"2814","2000-02-18 00:00:00","5","0","","36574","-931844.563333333","1398.9265","468","2.98915918803419","448.373878205128","926.639348290598","0","0","True","5","False",""
"2814","1998-11-07 00:00:00","5.8","0","","0","5.8","5.8","0","0","0","0","0","0","True","5.8","False",""
"2814","1999-01-09 00:00:00","3.9","0","","63","219.9015","225.7015","63","3.58256349206349","0","1110.59468253968","0","0","True","3.9","False",""
"2814","1999-01-29 00:00:00","3.6","0","","20","72","297.7015","83","3.58676506024096","0","1111.8971686747","0","0","True","3.6","False",""
"2814","1999-02-05 00:00:00","3.4","0","","7","23.8","321.5015","90","3.57223888888889","0","1107.39405555556","0","0","True","3.4","False",""
"2814","1999-05-06 00:00:00","3.5","0","","6","21","623.8015","180","3.46556388888889","0","1074.32480555556","0","0","True","3.5","False",""
"2814","1999-02-13 00:00:00","4","0","","8","32","353.5015","98","3.60715816326531","0","1118.21903061224","0","0","True","4","False",""
"2814","1999-02-20 00:00:00","4","0","","7","28","381.5015","105","3.63334761904762","0","1126.33776190476","0","0","True","4","False",""
"2814","1999-02-27 00:00:00","4.8","0","","7","33.6","415.1015","112","3.70626339285714","0","1148.94165178571","0","0","True","4.8","False",""
"2814","1999-04-15 00:00:00","2","0","","8","16","572.8015","159","3.6025251572327","0","1116.78279874214","0","0","True","2","False",""
"2814","1999-03-13 00:00:00","4.3","0","","14","60.2","475.3015","126","3.77223412698413","0","1169.39257936508","0","0","True","4.3","False",""
"2814","1999-03-19 00:00:00","3.6","0","","6","21.6","496.9015","132","3.7644053030303","0","1166.96564393939","0","0","True","3.6","False",""
"2814","1999-03-26 00:00:00","3.5","0","","7","24.5","521.4015","139","3.75108992805755","0","1162.83787769784","0","0","True","3.5","False",""
"2814","1999-04-01 00:00:00","3","0","","6","18","539.4015","145","3.72001034482759","0","1153.20320689655","0","0","True","3","False",""
"2814","1999-04-07 00:00:00","2.9","0","","6","17.4","556.8015","151","3.68742715231788","0","1143.10241721854","0","0","True","2.9","False",""
"2814","1999-04-22 00:00:00","2","0","","7","14","586.8015","166","3.53494879518072","0","1095.83412650602","0","0","True","2","False",""
"2814","1999-04-30 00:00:00","2","0","","8","16","602.8015","174","3.46437643678161","0","1073.9566954023","0","0","True","2","False",""
"2814","1999-05-15 00:00:00","3.2","0","","9","28.8","652.6015","189","3.45291798941799","0","1070.40457671958","0","0","True","3.2","False",""
"2862","1997-08-12 00:00:00","5.5","0","LOTE 5","0","5.5","5.5","0","0","0","0","0","0","False","5.5","False",""
"2862","1997-08-16 00:00:00","8.6","0","LOTE 3","0","34.4","39.9","0","0","0","0","0","0","False","8.6","False",""
"2862","1999-07-05 00:00:00","3","0","","36346","-551477.858","2461.30566666667","240","10.2554402777778","1538.31604166667","3179.18648611111","0","0","True","3","False",""
"2862","1997-08-19 00:00:00","7.7","0","LOTE 4","0","23.1","63","0","0","0","0","0","0","False","7.7","False",""
"2862","1997-09-02 00:00:00","5.7","0","LOTE 5","0","79.8","142.8","0","0","0","0","0","0","False","5.7","False",""
"2862","1997-09-10 00:00:00","6.5","0","LOTE 4","0","52","194.8","0","0","0","0","0","0","False","6.5","False",""
"2862","1997-09-23 00:00:00","6","0","LOTE 4","0","78","272.8","0","0","0","0","0","0","False","6","False",""
"2862","1997-09-26 00:00:00","5.9","0","LOTE 5","0","17.7","290.5","0","0","0","0","0","0","False","5.9","False",""
"2862","1997-10-08 00:00:00","5.5","0","LOTE 5","0","66","356.5","0","0","0","0","0","0","False","5.5","False",""
"2862","1997-10-18 00:00:00","5.2","0","LOTE 5","0","52","408.5","0","0","0","0","0","0","False","5.2","False",""
"2862","1997-10-22 00:00:00","5.2","0","LOTE 5","0","20.8","429.3","0","0","0","0","0","0","False","5.2","False",""
"2862","1997-10-28 00:00:00","4.8","0","LOTE 5","0","28.8","458.1","0","0","0","0","0","0","False","4.8","False",""
"2862","1997-11-07 00:00:00","6.1","0","LOTE 4","0","61","519.1","0","0","0","0","0","0","False","6.1","False",""
"2862","1998-11-07 00:00:00","5.9","0","","0","865.962666666667","1770.26266666667","0","0","0","0","0","0","True","5.9","False",""
"2862","1997-12-04 00:00:00","3.2","0","LOTE 6","0","86.4","605.5","0","0","0","0","0","0","False","3.2","False",""
"2862","1997-12-18 00:00:00","3","0","LOTE 6","0","42","647.5","0","0","0","0","0","0","False","3","False",""
"2862","1998-01-03 00:00:00","4.6","0","LOTE 5","0","73.6","721.1","0","0","0","0","0","0","False","4.6","False",""
"2862","1999-01-09 00:00:00","3.8","0","","63","214.263","1984.52566666667","63","31.5004074074074","0","9765.1262962963","0","0","True","3.8","False",""
"2862","1998-01-15 00:00:00","3.2","0","LOTE 6","0","38.4","759.5","0","0","0","0","0","0","False","3.2","False",""
"2862","1998-01-23 00:00:00","3.2","0","LOTE 6","0","25.6","785.1","0","0","0","0","0","0","False","3.2","False",""
"2862","1998-01-31 00:00:00","3.5","0","LOTE 6","0","28","813.1","0","0","0","0","0","0","False","3.5","False",""
"2862","1999-01-29 00:00:00","5.5","0","","20","110","2094.52566666667","83","25.2352489959839","0","7822.92718875502","0","0","True","5.5","False",""
"2862","1998-02-03 00:00:00","3.1","0","LOTE 6","0","9.3","822.4","0","0","0","0","0","0","False","3.1","False",""
"2862","1998-02-24 00:00:00","3.9","0","LOTE 6","0","81.9","904.3","0","0","0","0","0","0","False","3.9","False",""
"2862","1999-02-05 00:00:00","4.6","0","","7","32.2","2126.72566666667","90","23.6302851851852","0","7325.38840740741","0","0","True","4.6","False",""
"2862","1999-02-13 00:00:00","1.7","0","","8","13.6","2140.32566666667","98","21.8400578231292","0","6770.41792517007","0","0","True","1.7","False",""
"2862","1999-02-20 00:00:00","1.5","0","","7","10.5","2150.82566666667","105","20.484053968254","0","6350.05673015873","0","0","True","1.5","False",""
"2862","1999-02-27 00:00:00","1.2","0","","7","8.4","2159.22566666667","112","19.2788005952381","0","5976.42818452381","0","0","True","1.2","False",""
"2852","1999-07-19 00:00:00","5","0","","36360","-919908","1019.98566666667","240","4.24994027777778","637.491041666667","1317.48148611111","0","0","True","5","False",""
"2852","1998-11-21 00:00:00","5.7","0","","0","5.7","5.7","0","0","0","0","0","0","True","5.7","False",""
"2852","1999-05-06 00:00:00","3.5","0","","6","21","701.394","166","4.22526506024096","0","1309.8321686747","0","0","True","3.5","False",""
"2852","1999-01-09 00:00:00","3.6","0","","49","161.994","167.694","49","3.42232653061224","0","1060.9212244898","0","0","True","3.6","False",""
"2852","1999-01-29 00:00:00","3","0","","20","60","227.694","69","3.29991304347826","0","1022.97304347826","0","0","True","3","False",""
"2852","1999-02-05 00:00:00","3.7","0","","7","25.9","253.594","76","3.33676315789474","0","1034.39657894737","0","0","True","3.7","False",""
"2852","1999-02-13 00:00:00","5.2","0","","8","41.6","295.194","84","3.51421428571429","0","1089.40642857143","0","0","True","5.2","False",""
"2852","1999-02-20 00:00:00","5.5","0","","7","38.5","333.694","91","3.66696703296703","0","1136.75978021978","0","0","True","5.5","False",""
"2852","1999-02-27 00:00:00","6.5","0","","7","45.5","379.194","98","3.86932653061224","0","1199.4912244898","0","0","True","6.5","False",""
"2852","1999-03-13 00:00:00","6.5","0","","14","91","470.194","112","4.19816071428571","0","1301.42982142857","0","0","True","6.5","False",""
"2852","1999-03-19 00:00:00","3.7","0","","6","22.2","492.394","118","4.17283050847458","0","1293.57745762712","0","0","True","3.7","False",""
"2852","1999-03-26 00:00:00","3.5","0","","7","24.5","516.894","125","4.135152","0","1281.89712","0","0","True","3.5","False",""
"2852","1999-04-01 00:00:00","4.2","0","","6","25.2","542.094","131","4.13812213740458","0","1282.81786259542","0","0","True","4.2","False",""
"2852","1999-04-07 00:00:00","4","0","","6","24","566.094","137","4.13207299270073","0","1280.94262773723","0","0","True","4","False",""
"2852","1999-04-15 00:00:00","5","0","","8","40","606.094","145","4.17995862068966","0","1295.78717241379","0","0","True","5","False",""
"2852","1999-05-15 00:00:00","3.2","0","","9","28.8","730.194","175","4.17253714285714","0","1293.48651428571","0","0","True","3.2","False",""
"2852","1999-04-22 00:00:00","4.9","0","","7","34.3","640.394","152","4.21311842105263","0","1306.06671052632","0","0","True","4.9","False",""
"2852","1999-04-30 00:00:00","5","0","","8","40","680.394","160","4.2524625","0","1318.263375","0","0","True","5","False",""
"2871","1999-07-05 00:00:00","5","0","","36346","-919129.763333333","723.1","240","3.01291666666667","451.9375","934.004166666667","0","0","True","5","False",""
"2871","1998-11-07 00:00:00","3.1","0","","0","3.1","3.1","0","0","0","0","0","0","True","3.1","False",""
"231","2000-02-13 00:00:00","4","0","","36569","-745251.840666667","2120.92916666667","435","4.87569923371647","731.354885057471","1511.46676245211","0","0","True","4","False",""
"231","2000-01-13 00:00:00","5","5","","243","1445.85","1996.92916666667","404","4.94289397689769","741.434096534653","1532.29713283828","0","0","True","10","False",""
"231","1998-12-05 00:00:00","4.5","0","","0","4.5","4.5","0","0","0","0","0","0","True","4.5","False",""
"231","1999-01-09 00:00:00","2.9","0","","35","95.5791666666667","100.079166666667","35","2.85940476190476","0","886.415476190476","0","0","True","2.9","False",""
"231","1999-01-29 00:00:00","2.1","0","","20","42","142.079166666667","55","2.58325757575758","0","800.809848484848","0","0","True","2.1","False",""
"231","1999-05-06 00:00:00","5","0","","6","30","507.879166666667","152","3.34131030701754","0","1035.80619517544","0","0","True","5","False",""
"231","1999-02-05 00:00:00","3.6","0","","7","25.2","167.279166666667","62","2.69805107526882","0","836.395833333333","0","0","True","3.6","False",""
"231","1999-02-13 00:00:00","3.6","0","","8","28.8","196.079166666667","70","2.80113095238095","0","868.350595238095","0","0","True","3.6","False",""
"231","1999-02-20 00:00:00","3.5","0","","7","24.5","220.579166666667","77","2.8646645021645","0","888.045995670996","0","0","True","3.5","False",""
"231","1999-02-27 00:00:00","4.1","0","","7","28.7","249.279166666667","84","2.96760912698413","0","919.958829365079","0","0","True","4.1","False",""
"231","1999-04-15 00:00:00","3","0","","8","24","427.479166666667","131","3.26319974554707","0","1011.59192111959","0","0","True","3","False",""
"231","1999-03-13 00:00:00","3.1","0","","14","43.4","292.679166666667","98","2.98652210884354","0","925.821853741496","0","0","True","3.1","False",""
"231","1999-03-19 00:00:00","3.9","0","","6","23.4","316.079166666667","104","3.03922275641026","0","942.159054487179","0","0","True","3.9","False",""
"231","1999-03-26 00:00:00","4","0","","7","28","344.079166666667","111","3.09981231231231","0","960.941816816817","0","0","True","4","False",""
"231","1999-04-01 00:00:00","5","0","","6","30","374.079166666667","117","3.19725783475783","0","991.149928774929","0","0","True","5","False",""
"231","1999-04-07 00:00:00","4.9","0","","6","29.4","403.479166666667","123","3.28031842818428","0","1016.89871273713","0","0","True","4.9","False",""
"231","1999-05-15 00:00:00","4.8","0","","9","43.2","551.079166666667","161","3.42285196687371","0","1061.08410973085","0","0","True","4.8","False",""
"231","1999-04-22 00:00:00","3.2","0","","7","22.4","449.879166666667","138","3.25999396135266","0","1010.59812801932","0","0","True","3.2","False",""
"231","1999-04-30 00:00:00","3.5","0","","8","28","477.879166666667","146","3.27314497716895","0","1014.67494292237","0","0","True","3.5","False",""
"3808","1998-12-05 00:00:00","8","0","","0","8","8","0","0","0","0","0","0","True","8","False",""
"3808","1999-08-02 00:00:00","2","0","","36374","-368274.625333333","1252.70916666667","240","5.21962152777778","782.943229166667","1618.08267361111","0","0","True","2","False",""
"3808","1999-01-09 00:00:00","6.9","0","","35","227.4125","235.4125","35","6.72607142857143","0","2085.08214285714","0","0","True","6.9","False",""
"3808","1999-01-29 00:00:00","6.4","0","","20","128","363.4125","55","6.6075","0","2048.325","0","0","True","6.4","False",""
"3808","1999-05-06 00:00:00","7","0","","6","42","1050.7125","152","6.91258223684211","0","2142.90049342105","0","0","True","7","False",""
"3808","1999-02-05 00:00:00","5.6","0","","7","39.2","402.6125","62","6.49375","0","2013.0625","0","0","True","5.6","False",""
"3808","1999-02-13 00:00:00","6.8","0","","8","54.4","457.0125","70","6.52875","0","2023.9125","0","0","True","6.8","False",""
"3808","1999-02-20 00:00:00","6.5","0","","7","45.5","502.5125","77","6.52613636363636","0","2023.10227272727","0","0","True","6.5","False",""
"3808","1999-02-27 00:00:00","7.3","0","","7","51.1","553.6125","84","6.590625","0","2043.09375","0","0","True","7.3","False",""
"3808","1999-03-13 00:00:00","8.1","0","","14","113.4","667.0125","98","6.80625","0","2109.9375","0","0","True","8.1","False",""
"3808","1999-03-19 00:00:00","7.4","0","","6","44.4","711.4125","104","6.84050480769231","0","2120.55649038462","0","0","True","7.4","False",""
"3808","1999-04-15 00:00:00","7","0","","8","56","905.1125","131","6.90925572519084","0","2141.86927480916","0","0","True","7","False",""
"3808","1999-03-26 00:00:00","7.5","0","","7","52.5","763.9125","111","6.88209459459459","0","2133.44932432432","0","0","True","7.5","False",""
"3808","1999-04-01 00:00:00","7","0","","6","42","805.9125","117","6.88814102564102","0","2135.32371794872","0","0","True","7","False",""
"3808","1999-05-15 00:00:00","7.2","0","","9","64.8","1115.5125","161","6.92864906832298","0","2147.88121118012","0","0","True","7.2","False",""
"3808","1999-04-07 00:00:00","7.2","0","","6","43.2","849.1125","123","6.90335365853659","0","2140.03963414634","0","0","True","7.2","False",""
"3808","1999-04-22 00:00:00","6.8","0","","7","47.6","952.7125","138","6.90371376811594","0","2140.15126811594","0","0","True","6.8","False",""
"3808","1999-04-30 00:00:00","7","0","","8","56","1008.7125","146","6.9089897260274","0","2141.78681506849","0","0","True","7","False",""
"3813","1999-08-02 00:00:00","4","0","","36374","-736549.250666667","1147.98083333333","240","4.78325347222222","717.488020833333","1482.80857638889","0","0","True","4","False",""
"3813","1998-12-05 00:00:00","5.5","0","","0","5.5","5.5","0","0","0","0","0","0","True","5.5","False",""
"3813","1999-01-09 00:00:00","5.1","0","","35","168.0875","173.5875","35","4.95964285714286","0","1537.48928571429","0","0","True","5.1","False",""
"3813","1999-01-29 00:00:00","4.9","0","","20","98","271.5875","55","4.93795454545455","0","1530.76590909091","0","0","True","4.9","False",""
"3813","1999-05-06 00:00:00","5.5","0","","6","33","824.9875","152","5.42754934210526","0","1682.54029605263","0","0","True","5.5","False",""
"3813","1999-02-05 00:00:00","6.6","0","","7","46.2","317.7875","62","5.12560483870968","0","1588.9375","0","0","True","6.6","False",""
"3813","1999-02-13 00:00:00","6.3","0","","8","50.4","368.1875","70","5.25982142857143","0","1630.54464285714","0","0","True","6.3","False",""
"3813","1999-02-20 00:00:00","6.5","0","","7","45.5","413.6875","77","5.37256493506493","0","1665.49512987013","0","0","True","6.5","False",""
"3813","1999-02-27 00:00:00","7","0","","7","49","462.6875","84","5.50818452380952","0","1707.53720238095","0","0","True","7","False",""
"3813","1999-03-13 00:00:00","6.8","0","","14","95.2","557.8875","98","5.69272959183673","0","1764.74617346939","0","0","True","6.8","False",""
"3813","1999-03-19 00:00:00","6.2","0","","6","37.2","595.0875","104","5.72199519230769","0","1773.81850961538","0","0","True","6.2","False",""
"3813","1999-03-26 00:00:00","6","0","","7","42","637.0875","111","5.73952702702703","0","1779.25337837838","0","0","True","6","False",""
"3813","1999-04-15 00:00:00","3.6","0","","8","28.8","735.4875","131","5.61440839694656","0","1740.46660305343","0","0","True","3.6","False",""
"3813","1999-04-01 00:00:00","6","0","","6","36","673.0875","117","5.75288461538462","0","1783.39423076923","0","0","True","6","False",""
"3813","1999-04-07 00:00:00","5.6","0","","6","33.6","706.6875","123","5.74542682926829","0","1781.08231707317","0","0","True","5.6","False",""
"3813","1999-04-22 00:00:00","3.5","0","","7","24.5","759.9875","138","5.50715579710145","0","1707.21829710145","0","0","True","3.5","False",""
"3813","1999-05-15 00:00:00","5.4","0","","9","48.6","873.5875","161","5.42600931677019","0","1682.06288819876","0","0","True","5.4","False",""
"3813","1999-04-30 00:00:00","4","0","","8","32","791.9875","146","5.42457191780822","0","1681.61729452055","0","0","True","4","False",""
"3828","1999-05-27 00:00:00","4","0","","36307","-733570.832666667","1410.722","240","5.87800833333333","881.70125","1822.18258333333","0","0","True","4","False",""
"3828","1998-09-29 00:00:00","6.3","0","","0","6.3","6.3","0","0","0","0","0","0","True","6.3","False",""
"3828","1999-01-09 00:00:00","6.7","0","","102","567.222","573.522","102","5.62276470588235","0","1743.05705882353","0","0","True","6.7","False",""
"3828","1999-05-06 00:00:00","5","0","","6","30","1317.722","219","6.01699543378995","0","1865.26858447489","0","0","True","5","False",""
"3828","1999-01-29 00:00:00","6.7","0","","20","134","707.522","122","5.7993606557377","0","1797.80180327869","0","0","True","6.7","False",""
"3828","1999-02-05 00:00:00","7","0","","7","49","756.522","129","5.86451162790698","0","1817.99860465116","0","0","True","7","False",""
"3828","1999-02-13 00:00:00","6.3","0","","8","50.4","806.922","137","5.88994160583942","0","1825.88189781022","0","0","True","6.3","False",""
"3828","1999-02-20 00:00:00","6.5","0","","7","45.5","852.422","144","5.91959722222222","0","1835.07513888889","0","0","True","6.5","False",""
"3828","1999-02-27 00:00:00","7.5","0","","7","52.5","904.922","151","5.99286092715232","0","1857.78688741722","0","0","True","7.5","False",""
"3828","1999-03-13 00:00:00","6.9","0","","14","96.6","1001.522","165","6.0698303030303","0","1881.64739393939","0","0","True","6.9","False",""
"3828","1999-03-19 00:00:00","6","0","","6","36","1037.522","171","6.06738011695906","0","1880.88783625731","0","0","True","6","False",""
"3828","1999-03-26 00:00:00","6","0","","7","42","1079.522","178","6.06473033707865","0","1880.06640449438","0","0","True","6","False",""
"3828","1999-04-15 00:00:00","5","0","","8","40","1211.322","198","6.11778787878788","0","1896.51424242424","0","0","True","5","False",""
"3828","1999-04-01 00:00:00","7.6","0","","6","45.6","1125.122","184","6.11479347826087","0","1895.58597826087","0","0","True","7.6","False",""
"3828","1999-04-07 00:00:00","7.7","0","","6","46.2","1171.322","190","6.16485263157895","0","1911.10431578947","0","0","True","7.7","False",""
"3828","1999-05-15 00:00:00","5","0","","9","45","1362.722","228","5.97685087719298","0","1852.82377192982","0","0","True","5","False",""
"3828","1999-04-22 00:00:00","5.2","0","","7","36.4","1247.722","205","6.0864487804878","0","1886.79912195122","0","0","True","5.2","False",""
"3828","1999-04-30 00:00:00","5","0","","8","40","1287.722","213","6.04564319248826","0","1874.14938967136","0","0","True","5","False",""
"2829","1999-05-30 00:00:00","4","0","","30","120","453.1","92","4.925","738.75","1526.75","0","0","True","4","False",""
"2829","1999-06-30 00:00:00","3","0","","36341","-551311.1405","546.1","123","4.43983739837398","665.975609756098","1376.34959349594","0","0","True","3","False",""
"2829","1999-02-27 00:00:00","4.6","0","","0","4.6","4.6","0","0","0","0","0","0","True","4.6","False",""
"2829","1999-03-26 00:00:00","5.6","0","","27","151.2","155.8","27","5.77037037037037","0","1788.81481481481","0","0","True","5.6","False",""
"2829","1999-04-01 00:00:00","5.2","0","","6","31.2","187","33","5.66666666666667","0","1756.66666666667","0","0","True","5.2","False",""
"2829","1999-04-07 00:00:00","5.3","0","","6","31.8","218.8","39","5.61025641025641","0","1739.17948717949","0","0","True","5.3","False",""
"2829","1999-04-15 00:00:00","5","0","","8","40","258.8","47","5.5063829787234","0","1706.97872340426","0","0","True","5","False",""
"2829","1999-04-22 00:00:00","4.9","0","","7","34.3","293.1","54","5.42777777777778","0","1682.61111111111","0","0","True","4.9","False",""
"2829","1999-04-30 00:00:00","5","0","","8","40","333.1","62","5.37258064516129","0","1665.5","0","0","True","5","False",""
"3865","1999-02-28 00:00:00","4","0","","36219","-729667.974","966.733333333333","290","3.3335632183908","500.034482758621","1033.40459770115","0","0","True","4","False",""
"3865","1999-01-09 00:00:00","5.4","0","","240","777.6","783.4","240","3.26416666666667","0","1011.89166666667","0","0","True","5.4","False",""
"3865","1998-05-14 00:00:00","5.8","0","LOTE 5","0","5.8","5.8","0","0","0","0","0","0","False","5.8","False",""
"   243","1999-07-18 00:00:00","3","2","PROD. 3","0","5","5","0","0","0","0","0","0","False","5","False",""
"   243","1999-08-18 00:00:00","2","1","PROD. 4","0","93","98","0","0","0","0","0","0","False","3","False",""
"   243","1999-10-11 00:00:00","1","0","PROD. 4","0","23","198.5","0","0","0","0","0","0","False","1","False",""
"   243","1999-09-18 00:00:00","1.5","1","PROD. 4","0","77.5","175.5","0","0","0","0","0","0","False","2.5","False",""
"3854","1998-02-24 00:00:00","3.8","0","LOTE 6","0","3.8","3.8","0","0","0","0","0","0","False","3.8","False",""
"   134","1999-06-28 00:00:00","4","3.3","PROD. 3","0","7.3","7.3","0","0","0","0","0","0","False","7.3","False",""
"   134","1999-07-18 00:00:00","2.5","2","PROD. 4","0","90","97.3","0","0","0","0","0","0","False","4.5","False",""
"   134","1999-08-18 00:00:00","3.5","3.5","PROD. 3","0","217","314.3","0","0","0","0","0","0","False","7","False",""
"   134","1999-09-18 00:00:00","3.8","3","PROD. 3","0","210.8","525.1","0","0","0","0","0","0","False","6.8","False",""
"   134","1999-10-18 00:00:00","3.5","3.5","PROD. 3","0","210","735.1","0","0","0","0","0","0","False","7","False",""
"   134","1999-11-18 00:00:00","3.6","3.1","PROD. 3","0","207.7","942.8","0","0","0","0","0","0","False","6.7","False",""
"   134","1999-12-18 00:00:00","3.9","3.6","PROD. 3","0","225","1167.8","0","0","0","0","0","0","False","7.5","False",""
"     9","1999-06-11 00:00:00","2.7","1.2","PROD. 4","0","3.9","3.9","0","0","0","0","0","0","False","3.9","False",""
"     9","1999-06-18 00:00:00","6.1","3.8","PROD. 2","0","69.3","73.2","0","0","0","0","0","0","False","9.9","False",""
"     9","1999-07-18 00:00:00","7","4.8","PROD. 2","0","354","427.2","0","0","0","0","0","0","False","11.8","False",""
"     9","1999-08-18 00:00:00","4.8","3","PROD. 3","0","241.8","669","0","0","0","0","0","0","False","7.8","False",""
"     9","1999-10-18 00:00:00","3.8","3.3","PROD. 3","0","389.068166666667","1058.06816666667","0","0","0","0","0","0","False","7.1","False",""
"     9","1999-11-18 00:00:00","5","4","PROD. 2","0","279","1337.06816666667","0","0","0","0","0","0","False","9","False",""
"     9","1999-12-18 00:00:00","4.8","3.6","PROD. 3","0","252","1589.06816666667","0","0","0","0","0","0","False","8.4","False",""
"     9","2000-09-26 00:00:00","4.8","3.6","l1","36795","1255.954","2845.02216666667","473","6.01484601832276","902.226902748414","1864.60226568006","0","0","True","8.4","False",""
"229","1997-10-15 00:00:00","4.7","0","","0","0","0","0","0","0","0","0","0","False","4.7","False",""
"229","1997-11-15 00:00:00","3.1","0","","31","0","0","0","0","0","0","0","0","False","3.1","False",""
"229","1997-12-15 00:00:00","5.3","0","","30","0","0","0","0","0","0","0","0","False","5.3","False",""
"229","1998-02-15 00:00:00","5.9","0","","62","0","0","0","0","0","0","0","0","False","5.9","False",""
"229","1998-03-15 00:00:00","7","0","","28","0","0","0","0","0","0","0","0","False","7","False",""
"229","1998-04-15 00:00:00","6","0","","31","0","0","0","0","0","0","0","0","False","6","False",""
"229","1998-05-15 00:00:00","5.4","0","","30","0","0","0","0","0","0","0","0","False","5.4","False",""
"229","1998-06-15 00:00:00","5.1","0","","31","0","0","0","0","0","0","0","0","False","5.1","False",""
"229","1998-07-15 00:00:00","4.2","0","","30","0","0","0","0","0","0","0","0","False","4.2","False",""
"229","1998-08-15 00:00:00","3.5","0","","31","0","0","0","0","0","0","0","0","False","3.5","False",""
"229","1998-09-15 00:00:00","5.1","0","","31","0","0","0","0","0","0","0","0","False","5.1","False",""
"229","1998-10-15 00:00:00","5.1","0","","30","0","0","0","0","0","0","0","0","False","5.1","False",""
"8002","1997-01-15 00:00:00","6.9","0","","0","0","0","0","0","0","0","0","0","False","6.9","False",""
"8002","1997-02-15 00:00:00","7.3","0","","31","0","0","0","0","0","0","0","0","False","7.3","False",""
"8002","1997-03-15 00:00:00","10.1","0","","28","0","0","0","0","0","0","0","0","False","10.1","False",""
"8002","1997-04-15 00:00:00","9.5","0","","31","0","0","0","0","0","0","0","0","False","9.5","False",""
"8002","1997-05-15 00:00:00","9.4","0","","30","0","0","0","0","0","0","0","0","False","9.4","False",""
"8002","1997-06-15 00:00:00","7.4","0","","31","0","0","0","0","0","0","0","0","False","7.4","False",""
"8002","1997-07-15 00:00:00","5.5","0","","30","0","0","0","0","0","0","0","0","False","5.5","False",""
"8002","1997-08-15 00:00:00","6.4","0","","31","0","0","0","0","0","0","0","0","False","6.4","False",""
"8002","1997-09-15 00:00:00","6.1","0","","31","0","0","0","0","0","0","0","0","False","6.1","False",""
"8002","1997-10-15 00:00:00","5.2","0","","30","0","0","0","0","0","0","0","0","False","5.2","False",""
"8002","1997-11-15 00:00:00","4.6","0","","31","0","0","0","0","0","0","0","0","False","4.6","False",""
"8002","1997-12-15 00:00:00","4","0","","30","0","0","0","0","0","0","0","0","False","4","False",""
"8002","1998-02-15 00:00:00","5.3","0","","62","0","0","0","0","0","0","0","0","False","5.3","False",""
"8002","1998-09-15 00:00:00","8.3","0","","212","0","0","0","0","0","0","0","0","False","8.3","False",""
"8002","1998-10-15 00:00:00","7.2","0","","30","0","0","0","0","0","0","0","0","False","7.2","False",""
"8002","1998-11-15 00:00:00","7.6","0","","31","0","0","0","0","0","0","0","0","False","7.6","False",""
"8002","1998-12-15 00:00:00","8.6","0","","30","0","0","0","0","0","0","0","0","False","8.6","False",""
"8002","1999-01-15 00:00:00","9.8","0","","31","0","0","0","0","0","0","0","0","False","9.8","False",""
"8002","1999-02-15 00:00:00","10.8","0","","31","0","0","0","0","0","0","0","0","False","10.8","False",""
"8002","1999-03-15 00:00:00","8.6","0","","28","0","0","0","0","0","0","0","0","False","8.6","False",""
"8002","1999-05-15 00:00:00","7.2","0","","61","0","0","0","0","0","0","0","0","False","7.2","False",""
"8002","1999-06-15 00:00:00","7.9","0","","31","0","0","0","0","0","0","0","0","False","7.9","False",""
"8002","1999-07-15 00:00:00","8.1","0","","30","0","0","0","0","0","0","0","0","False","8.1","False",""
"8002","1999-08-15 00:00:00","8","0","","31","0","0","0","0","0","0","0","0","False","8","False",""
"2051","1997-08-15 00:00:00","6.2","0","","0","0","0","0","0","0","0","0","0","False","6.2","False",""
"2051","1997-09-15 00:00:00","6.2","0","","31","0","0","0","0","0","0","0","0","False","6.2","False",""
"2051","1997-10-15 00:00:00","7.6","0","","30","0","0","0","0","0","0","0","0","False","7.6","False",""
"2051","1997-11-15 00:00:00","7.2","0","","31","0","0","0","0","0","0","0","0","False","7.2","False",""
"2051","1997-12-15 00:00:00","4.9","0","","30","0","0","0","0","0","0","0","0","False","4.9","False",""
"2051","1998-02-15 00:00:00","5.9","0","","62","0","0","0","0","0","0","0","0","False","5.9","False",""
"2051","1998-03-15 00:00:00","6.1","0","","28","0","0","0","0","0","0","0","0","False","6.1","False",""
"2051","1998-04-15 00:00:00","5.3","0","","31","0","0","0","0","0","0","0","0","False","5.3","False",""
"2051","1998-05-15 00:00:00","4.1","0","","30","0","0","0","0","0","0","0","0","False","4.1","False",""
"2051","1998-06-15 00:00:00","5.5","0","","31","0","0","0","0","0","0","0","0","False","5.5","False",""
"2051","1998-07-15 00:00:00","4.2","0","","30","0","0","0","0","0","0","0","0","False","4.2","False",""
"2051","1998-08-15 00:00:00","3.7","0","","31","0","0","0","0","0","0","0","0","False","3.7","False",""
"2212","1996-10-15 00:00:00","8","0","","0","0","0","0","0","0","0","0","0","False","8","False",""
"2212","1996-11-15 00:00:00","8.4","0","","31","0","0","0","0","0","0","0","0","False","8.4","False",""
"2212","1996-12-15 00:00:00","8","0","","30","0","0","0","0","0","0","0","0","False","8","False",""
"2212","1997-01-15 00:00:00","7.8","0","","31","0","0","0","0","0","0","0","0","False","7.8","False",""
"2212","1997-02-15 00:00:00","7.5","0","","31","0","0","0","0","0","0","0","0","False","7.5","False",""
"2212","1997-03-15 00:00:00","5.4","0","","28","0","0","0","0","0","0","0","0","False","5.4","False",""
"2212","1997-04-15 00:00:00","5.5","0","","31","0","0","0","0","0","0","0","0","False","5.5","False",""
"2212","1997-05-15 00:00:00","3.7","0","","30","0","0","0","0","0","0","0","0","False","3.7","False",""
"2212","1997-06-15 00:00:00","4.4","0","","31","0","0","0","0","0","0","0","0","False","4.4","False",""
"2212","1997-07-15 00:00:00","3","0","","30","0","0","0","0","0","0","0","0","False","3","False",""
"2212","1997-08-15 00:00:00","4.9","0","","31","0","0","0","0","0","0","0","0","False","4.9","False",""
"2212","1997-09-15 00:00:00","4.9","0","","31","0","0","0","0","0","0","0","0","False","4.9","False",""
"2212","1997-10-15 00:00:00","3","0","","30","0","0","0","0","0","0","0","0","False","3","False",""
"2212","1997-11-15 00:00:00","2.5","0","","31","0","0","0","0","0","0","0","0","False","2.5","False",""
"537","1997-12-15 00:00:00","4.4","0","","0","0","0","0","0","0","0","0","0","False","4.4","False",""
"537","1998-02-15 00:00:00","3.1","0","","62","0","0","0","0","0","0","0","0","False","3.1","False",""
"537","1998-03-15 00:00:00","5.8","0","","28","0","0","0","0","0","0","0","0","False","5.8","False",""
"537","1998-04-15 00:00:00","4.7","0","","31","0","0","0","0","0","0","0","0","False","4.7","False",""
"537","1998-05-15 00:00:00","3.4","0","","30","0","0","0","0","0","0","0","0","False","3.4","False",""
"537","1998-06-15 00:00:00","5","0","","31","0","0","0","0","0","0","0","0","False","5","False",""
"537","1998-07-15 00:00:00","3.4","0","","30","0","0","0","0","0","0","0","0","False","3.4","False",""
"537","1998-08-15 00:00:00","2.8","0","","31","0","0","0","0","0","0","0","0","False","2.8","False",""
"546","1996-11-15 00:00:00","7.5","0","","0","0","0","0","0","0","0","0","0","False","7.5","False",""
"546","1996-12-15 00:00:00","7","0","","30","0","0","0","0","0","0","0","0","False","7","False",""
"546","1997-01-15 00:00:00","7.2","0","","31","0","0","0","0","0","0","0","0","False","7.2","False",""
"546","1997-02-15 00:00:00","7.7","0","","31","0","0","0","0","0","0","0","0","False","7.7","False",""
"546","1997-03-15 00:00:00","7.9","0","","28","0","0","0","0","0","0","0","0","False","7.9","False",""
"546","1997-04-15 00:00:00","9.3","0","","31","0","0","0","0","0","0","0","0","False","9.3","False",""
"546","1997-05-15 00:00:00","7.9","0","","30","0","0","0","0","0","0","0","0","False","7.9","False",""
"546","1997-06-15 00:00:00","8.6","0","","31","0","0","0","0","0","0","0","0","False","8.6","False",""
"546","1997-07-15 00:00:00","6.5","0","","30","0","0","0","0","0","0","0","0","False","6.5","False",""
"546","1997-08-15 00:00:00","7.2","0","","31","0","0","0","0","0","0","0","0","False","7.2","False",""
"546","1997-09-15 00:00:00","7.2","0","","31","0","0","0","0","0","0","0","0","False","7.2","False",""
"546","1997-10-15 00:00:00","6","0","","30","0","0","0","0","0","0","0","0","False","6","False",""
"546","1997-11-15 00:00:00","6","0","","31","0","0","0","0","0","0","0","0","False","6","False",""
"546","1997-12-15 00:00:00","3.5","0","","30","0","0","0","0","0","0","0","0","False","3.5","False",""
"587","1997-02-15 00:00:00","7.1","0","","0","0","0","0","0","0","0","0","0","False","7.1","False",""
"587","1997-03-15 00:00:00","3.5","0","","28","0","0","0","0","0","0","0","0","False","3.5","False",""
"587","1997-04-15 00:00:00","4.1","0","","31","0","0","0","0","0","0","0","0","False","4.1","False",""
"587","1997-05-15 00:00:00","5.5","0","","30","0","0","0","0","0","0","0","0","False","5.5","False",""
"587","1997-06-15 00:00:00","9.1","0","","31","0","0","0","0","0","0","0","0","False","9.1","False",""
"587","1997-07-15 00:00:00","7.8","0","","30","0","0","0","0","0","0","0","0","False","7.8","False",""
"587","1997-08-15 00:00:00","6.5","0","","31","0","0","0","0","0","0","0","0","False","6.5","False",""
"587","1997-09-15 00:00:00","6.5","0","","31","0","0","0","0","0","0","0","0","False","6.5","False",""
"587","1997-10-15 00:00:00","4","0","","30","0","0","0","0","0","0","0","0","False","4","False",""
"587","1997-11-15 00:00:00","3.5","0","","31","0","0","0","0","0","0","0","0","False","3.5","False",""
"587","1997-12-15 00:00:00","1.6","0","","30","0","0","0","0","0","0","0","0","False","1.6","False",""
"592","1998-02-15 00:00:00","6.6","0","","0","0","0","0","0","0","0","0","0","False","6.6","False",""
"592","1998-03-15 00:00:00","7.1","0","","28","0","0","0","0","0","0","0","0","False","7.1","False",""
"592","1998-04-15 00:00:00","6.1","0","","31","0","0","0","0","0","0","0","0","False","6.1","False",""
"592","1998-05-15 00:00:00","6.7","0","","30","0","0","0","0","0","0","0","0","False","6.7","False",""
"592","1998-06-15 00:00:00","6.2","0","","31","0","0","0","0","0","0","0","0","False","6.2","False",""
"592","1998-07-15 00:00:00","6.2","0","","30","0","0","0","0","0","0","0","0","False","6.2","False",""
"592","1998-08-15 00:00:00","6.3","0","","31","0","0","0","0","0","0","0","0","False","6.3","False",""
"592","1998-09-15 00:00:00","4.8","0","","31","0","0","0","0","0","0","0","0","False","4.8","False",""
"592","1998-10-15 00:00:00","4.2","0","","30","0","0","0","0","0","0","0","0","False","4.2","False",""
"592","1998-11-15 00:00:00","2.6","0","","31","0","0","0","0","0","0","0","0","False","2.6","False",""
"592","1998-12-15 00:00:00","4.8","0","","30","0","0","0","0","0","0","0","0","False","4.8","False",""
"670","1997-07-15 00:00:00","6.7","0","","0","0","0","0","0","0","0","0","0","False","6.7","False",""
"670","1997-08-15 00:00:00","5.7","0","","31","0","0","0","0","0","0","0","0","False","5.7","False",""
"670","1997-09-15 00:00:00","5.7","0","","31","0","0","0","0","0","0","0","0","False","5.7","False",""
"670","1997-10-15 00:00:00","4.2","0","","30","0","0","0","0","0","0","0","0","False","4.2","False",""
"670","1997-11-15 00:00:00","5.5","0","","31","0","0","0","0","0","0","0","0","False","5.5","False",""
"670","1997-12-15 00:00:00","6.4","0","","30","0","0","0","0","0","0","0","0","False","6.4","False",""
"670","1998-02-15 00:00:00","4.5","0","","62","0","0","0","0","0","0","0","0","False","4.5","False",""
"670","1998-03-15 00:00:00","4.3","0","","28","0","0","0","0","0","0","0","0","False","4.3","False",""
"670","1998-04-15 00:00:00","4.8","0","","31","0","0","0","0","0","0","0","0","False","4.8","False",""
"670","1998-05-15 00:00:00","4.8","0","","30","0","0","0","0","0","0","0","0","False","4.8","False",""
"670","1998-06-15 00:00:00","3.9","0","","31","0","0","0","0","0","0","0","0","False","3.9","False",""
"670","1998-07-15 00:00:00","3.6","0","","30","0","0","0","0","0","0","0","0","False","3.6","False",""
"003JB","2000-05-15 00:00:00","5","2","l1","0","7","7","0","0","0","0","0","0","True","7","False",""
"003JB","2001-06-22 00:00:00","5","2","l1","37064","-1343248.77866667","933.228333333333","403","2.31570306038048","347.355459057072","717.867948717949","1.45816927083333","0.542742904776675","False","7","False",""
"011","2000-06-15 00:00:00","2","1","","0","3","3","0","0","0","0","0","0","False","3","False",""
"011","2001-06-22 00:00:00","2","1","","37064","-575678.048","427.08","372","1.14806451612903","172.209677419355","355.9","0.425378486055777","0.171523583087007","False","3","False",""
"1549","1999-05-06 00:00:00","5","0","","0","5","5","","0","0","0","0","0","True","5","False",""
"1549","1999-05-15 00:00:00","5.1","0","","9","45.9","50.9","","0","0","0","0","0","True","5.1","False",""
"   702","1999-09-24 00:00:00","2.1","1.1","PROD. 4","0","3.2","3.2","0","0","0","0","0","0","False","3.2","False",""
"   702","1999-10-18 00:00:00","2.9","2","PROD. 4","0","117.6","120.8","0","0","0","0","0","0","False","4.9","False",""
"   702","1999-11-18 00:00:00","4.6","3","l1","0","235.6","356.4","0","0","0","0","0","0","False","7.6","False",""
"   702","1999-12-18 00:00:00","5","4.2","l1","0","276","632.4","0","0","0","0","0","0","False","9.2","False",""
"   702","2012-07-09 00:00:00","1.4","0","","41099","-336591.220233333","-42040.461","4672","-8.99838634417808","-1349.75795162671","-2789.49976669521","-8.95621239880699","-0.28754962753019","False","0","False",""
"    13","2014-11-18 00:00:00","3","1.5","","0","4.5","4.5","0","0","0","0","0","0","True","4.5","False",""
"    13","2015-01-18 00:00:00","3","1.5","","42022","-1135287.363","251.0925","61","4.11627049180328","617.440573770492","1276.04385245902","0","0","True","0","False",""
"012","2000-06-15 00:00:00","2","5","l1","0","7","7","0","0","0","0","0","0","False","7","False",""
